Kulinaria i Smaki;Desery i Wypieki;trudne;Jak nazywa się austriackie ciasto czekoladowe z marmoladą morelową?;Tort Sachera;Tort Linzer;Apfelstrudel;Kremówka
Kulinaria i Smaki;Desery i Wypieki;trudne;Jak nazywa się francuski deser z kremu waniliowego z warstwą przypalonego karmelu?;Crème brûlée;Panna cotta;Mus czekoladowy;Eler
Kulinaria i Smaki;Desery i Wypieki;trudne;Jak nazywa się klasyczny, francuski deser składający się z kremu waniliowego zapiekanego z chrupiącą, karmelową skorupką na wierzchu?;Crème brûlée;Panna cotta;Tiramisu;Zabaione
Kulinaria i Smaki;Desery i Wypieki;trudne;Jak nazywa się staropolski, dojrzewający tygodniami deser wypiekany z potężną ilością miodu i przypraw korzennych?;Piernik staropolski;Sękacz;Keks;Makowiec
Kulinaria i Smaki;Desery i Wypieki;trudne;Jak nazywa się słynny wiedeński tort czekoladowy z warstwą marmolady morelowej, stworzony przez Franza Sachera w 1832 roku?;Sachertorte;Dobostorte;Schwarzwälder Kirschtorte;Linzer Torte
Kulinaria i Smaki;Desery i Wypieki;trudne;Jak nazywa się tradycyjne austriackie ciasto czekoladowe z dżemem morelowym i polewą?;Tort Sachera;Tort Szwarcwaldzki;Strudel;Linzer Torte
Kulinaria i Smaki;Desery i Wypieki;trudne;Z jakiej mąki cukiernicy wypiekają bazę do kruchych, kolorowych, francuskich ciasteczek zwanych makaronikami?;Z mąki migdałowej;Z mąki pszennej;Z mąki kasztanowej;Z mąki kukurydzianej
Kulinaria i Smaki;Desery i Wypieki;trudne;Z jakiej mąki robi się tradycyjne francuskie makaroniki?;Migdałowej;Pszennej;Kukurydzianej;Ryżowej
Kulinaria i Smaki;Desery i Wypieki;łatwe;Głównym owocem w nadzieniu bardzo tradycyjnej, domowej polskiej szarlotki zawsze muszą być...;Jabłka (z cynamonem);Śliwki;Wiśnie;Gruszki
Kulinaria i Smaki;Desery i Wypieki;łatwe;Jak nazywa się puszyste ciasto drożdżowe z dziurką w środku, tradycyjnie pieczone na Wielkanoc?;Babka;Mazurek;Sernik;Keks
Kulinaria i Smaki;Desery i Wypieki;łatwe;Jaki flagowy, francuski maślany wypiek w kształcie półksiężyca spożywa się zwykle na śniadanie?;Croissant (Rogalik);Bagietka;Ekler;Makaronik
Kulinaria i Smaki;Desery i Wypieki;łatwe;Jaki popularny francuski deser to delikatne ciasteczka z mąki migdałowej przełożone kremem?;Makaroniki;Eklerki;Ptysie;Croissanty
Kulinaria i Smaki;Desery i Wypieki;łatwe;Jaki puszysty i uwielbiany deser powstaje poprzez dokładne upieczenie utartego sera twarogowego?;Sernik;Szarlotka;Pączek;Makowiec
Kulinaria i Smaki;Desery i Wypieki;łatwe;Jaki znany, czekoladowy deser o płynnym, gorącym środku i zapiekanej otoczce podaje się w formie ciastka?;Fondant czekoladowy (Lava Cake);Brownie;Tiramisu;Karpatka
Kulinaria i Smaki;Desery i Wypieki;łatwe;W jaki czwartek w Polsce tradycyjnie i bez umiaru obżeramy się słodkimi pączkami oraz faworkami?;W Tłusty Czwartek;W Mokry Czwartek;W Słodki Czwartek;W Wielki Czwartek
Kulinaria i Smaki;Desery i Wypieki;łatwe;Z jakiego państwa pochodzi słynny deser Tiramisu?;Z Włoch;Z Francji;Z Hiszpanii;Z Austrii
Kulinaria i Smaki;Kuchnia Amerykańska;trudne;Jak nazywa się gęsta zupa z owoców morza popularna w Nowej Anglii?;Clam chowder;Gumbo;Jambalaya;Chili
Kulinaria i Smaki;Kuchnia Amerykańska;trudne;Jak nazywa się kanapka z pastrami, kapustą kiszoną i serem szwajcarskim?;Reuben;Philly Cheesesteak;BLT;Club Sandwich
Kulinaria i Smaki;Kuchnia Amerykańska;trudne;Jak nazywa się pikantna wędzona kiełbasa, będąca kluczowym składnikiem dań kuchni cajun i kreolskiej w stanie Luizjana?;Andouille;Chorizo;Merguez;Pepperoni
Kulinaria i Smaki;Kuchnia Amerykańska;trudne;Jak nazywa się tradycyjna gęsta zupa ze świeżych małży, śmietany i ziemniaków, będąca klasycznym przysmakiem Nowej Anglii i stanu Massachusetts?;New England Clam Chowder;Manhattan Clam Chowder;Bisque z homara;Gumbo
Kulinaria i Smaki;Kuchnia Amerykańska;trudne;Jaka gęsta, pożywna zupa z małżami, ziemniakami i śmietaną jest słynnym, kulinarnym symbolem amerykańskiej Nowej Anglii?;Clam chowder;Gumbo;Jambalaya;Chili con carne
Kulinaria i Smaki;Kuchnia Amerykańska;trudne;Z jakiego amerykańskiego stanu pochodzi popularny, ostry sos Tabasco?;Luizjana;Teksas;Kalifornia;Floryda
Kulinaria i Smaki;Kuchnia Amerykańska;trudne;Z jakiego amerykańskiego stanu wywodzi się słynna, wielogodzinna metoda powolnego wędzenia mostka wołowego (tzw. brisket)?;Z Teksasu;Z Luizjany;Z Kalifornii;Z Nowego Jorku
Kulinaria i Smaki;Kuchnia Amerykańska;trudne;Z jakiego stanu wywodzi się kuchnia Cajun i potrawa Jambalaya?;Z Luizjany;Z Teksasu;Z Kalifornii;Z Florydy
Kulinaria i Smaki;Kuchnia Amerykańska;łatwe;Co to jest tradycyjny amerykański 'Mac and Cheese', często jedzony z pudełka?;Makaron z sosem serowym;Burgery z serem gorgonzola;Smażone krążki serowe;Sałatka z makaronu i sera fety
Kulinaria i Smaki;Kuchnia Amerykańska;łatwe;Czym w amerykańskim cukiernictwie jest słodki 'Donut' spopularyzowany przez policjantów na filmach?;Pączkiem z dziurką w środku (oponką);Czekoladowym ciastkiem z kawałkami czekolady;Kruchym rogalikiem;Lodami w chrupiącym wafelku
Kulinaria i Smaki;Kuchnia Amerykańska;łatwe;Jak nazywa się najpopularniejsza amerykańska kanapka z grillowanym kotletem mielonym?;Hamburger;Hot-dog;Taco;Burrito
Kulinaria i Smaki;Kuchnia Amerykańska;łatwe;Jaka potrawa jest uważana za narodowe danie typu fast food w Stanach Zjednoczonych?;Hamburger;Pizza;Taco;Sushi
Kulinaria i Smaki;Kuchnia Amerykańska;łatwe;Jaki skrót opisuje metodę powolnego pieczenia i wędzenia mięsa nad ogniem lub w dymie (np. żeberek)?;BBQ (Barbecue);KFC;BLT;PB&J
Kulinaria i Smaki;Kuchnia Amerykańska;łatwe;Jakim słodkim i gęstym syropem Amerykanie najczęściej polewają swoje grube śniadaniowe pancakes (naleśniki)?;Syropem klonowym;Syropem malinowym;Miodem;Melasą
Kulinaria i Smaki;Kuchnia Amerykańska;łatwe;Z jakiego mięsa robi się klasyczny, gruby i soczysty stek z rusztu w USA?;Z wołowiny;Z wieprzowiny;Z baraniny;Z koniny
Kulinaria i Smaki;Kuchnia Amerykańska;łatwe;Z jakiego mięsa tradycyjnie przyrządza się pieczeń na Święto Dziękczynienia?;Z indyka;Z kurczaka;Z wołowiny;Z wieprzowiny
Kulinaria i Smaki;Kuchnia Azjatycka;trudne;Jak nazywa się japońska technika marynowania mięsa lub ryb w sosie sojowym, mirinie i sake, a następnie grillowania do uzyskania błyszczącej glazury?;Teriyaki;Yakitori;Tempura;Sukiyaki
Kulinaria i Smaki;Kuchnia Azjatycka;trudne;Jak nazywa się japońska, sycąca zupa na bazie mocnego bulionu, makaronu, plasterków wieprzowiny i jajka?;Ramen;Udon;Pho;Tom Yum
Kulinaria i Smaki;Kuchnia Azjatycka;trudne;Jak nazywa się ostra zupa tajska z krewetkami i trawą cytrynową?;Tom Yum;Pho;Miso;Ramen
Kulinaria i Smaki;Kuchnia Azjatycka;trudne;Jak nazywa się technika szybkiego smażenia na dużym ogniu w głębokiej patelni?;Stir-fry;Sauté;Deep fry;Grilling
Kulinaria i Smaki;Kuchnia Azjatycka;trudne;Jaki ostry, sfermentowany produkt z kapusty pekińskiej i rzodkwi daikon jest absolutną, codzienną podstawą kuchni koreańskiej?;Kimchi;Natto;Miso;Tempeh
Kulinaria i Smaki;Kuchnia Azjatycka;trudne;Z czego produkuje się tofu, popularny zamiennik mięsa w Azji?;Z soi;Z ryżu;Z pszenicy;Z kukurydzy
Kulinaria i Smaki;Kuchnia Azjatycka;trudne;Z jakiego azjatyckiego kraju wywodzi się ostra zupa krewetkowa o nazwie Tom Yum?;Tajlandia;Wietnam;Chiny;Japonia
Kulinaria i Smaki;Kuchnia Azjatycka;trudne;Z jakiego regionu Chin wywodzi się wyjątkowo pikantna kuchnia, znana z użycia specyficznego, znieczulającego pieprzu?;Syczuan;Kanton;Junnan;Szantung
Kulinaria i Smaki;Kuchnia Azjatycka;łatwe;Co to jest kimchi, bardzo popularny, narodowy wręcz i ostry dodatek prosto z kuchni koreańskiej?;Fermentowana kapusta na ostro;Zupa z pędów bambusa;Smażony ryż z jajkiem;Pieróg na parze
Kulinaria i Smaki;Kuchnia Azjatycka;łatwe;Czym jedzą Azjaci tradycyjny ryż, makaron czy sushi, używając do tego wyłącznie jednej dłoni?;Drewnianymi pałeczkami;Metalowymi widelcami;Małymi, drewnianymi łyżeczkami;Rękami
Kulinaria i Smaki;Kuchnia Azjatycka;łatwe;Jak nazywa się tradycyjna japońska potrawa z surowej ryby i zakwaszonego ryżu?;Sushi;Ramen;Pad Thai;Kimchi
Kulinaria i Smaki;Kuchnia Azjatycka;łatwe;Jak nazywa się tradycyjna potrawa japońska z surowej ryby i ryżu?;Sushi;Ramen;Pad Thai;Sajgonki
Kulinaria i Smaki;Kuchnia Azjatycka;łatwe;Jakim naturalnym, ciemnym i wyrazistym, słonawym sosem często doprawia się azjatyckie dania wok?;Sosem sojowym;Sosem czosnkowym;Sosem tysiąca wysp;Ketchupem
Kulinaria i Smaki;Kuchnia Azjatycka;łatwe;W jakiej znanej i rozgrzewającej japońskiej zupie znajdziesz bulion, makaron, jajko i mięso lub tofu?;W ramenie;W pho;W tom yum;W pad thai
Kulinaria i Smaki;Kuchnia Azjatycka;łatwe;W jakim kraju narodowym daniem są sajgonki?;W Wietnamie;W Chinach;W Tajlandii;W Japonii
Kulinaria i Smaki;Kuchnia Azjatycka;łatwe;Z jakiego kraju pochodzi oryginalnie sushi, w którym surową rybę i warzywa zawija się w ryż i glony?;Z Japonii;Z Chin;Z Korei Południowej;Z Tajlandii
Kulinaria i Smaki;Kuchnia Polska Dawniej;trudne;Co było głównym i najbardziej pożywnym składnikiem staropolskiej, bardzo pospolitej polewki nazywanej faramuszką?;Piwo i chleb;Kiszona kapusta;Grzyby leśne;Krew i podroby
Kulinaria i Smaki;Kuchnia Polska Dawniej;trudne;Jak nazywa się tradycyjny polski gorący napitek alkoholowy na bazie miodu, wody i przypraw korzennych (cynamon, goździki, pieprz), podawany jako rozgrzewacz w zimie?;Krupnik;Grzaniec;Nalewka;Kompot z suszu
Kulinaria i Smaki;Kuchnia Polska Dawniej;trudne;Jak nazywa się zupa z krwi kaczki lub gęsi, podawana dawniej odrzuconym zalotnikom?;Czernina;Wodzionka;Zalewajka;Parzybroda
Kulinaria i Smaki;Kuchnia Polska Dawniej;trudne;Jak nazywał się staropolski napój alkoholowy powstający z fermentacji miodu?;Miód pitny;Kwas chlebowy;Podpiwek;Nalewka
Kulinaria i Smaki;Kuchnia Polska Dawniej;trudne;Jak nazywał się staropolski, gęsty sos robiony z przetartych warzyw, chleba i przypraw, który obficie podawano do mięs i pieczeni?;Gąszcz;Zasmażka;Jus;Blansz
Kulinaria i Smaki;Kuchnia Polska Dawniej;trudne;Z jakiej mąki tradycyjnie przygotowuje się zakwas na żur?;Z żytniej;Z pszennej;Z jęczmiennej;Z gryczanej
Kulinaria i Smaki;Kuchnia Polska Dawniej;trudne;Z jakiej mąki tradycyjnie przygotowywało się prawdziwy staropolski żur?;Żytniej;Pszennej;Kukurydzianej;Ziemniaczanej
Kulinaria i Smaki;Kuchnia Polska Dawniej;trudne;Z jakiej rośliny wodnej, rosnącej dziko na mokradłach, zbierano w dawnej Polsce niezwykle drogie i cenione małe nasiona (tzw. kaszę)?;Z manny mielec;Z pałki wodnej;Z trzciny pospolitej;Z rzęsy wodnej
Kulinaria i Smaki;Kuchnia Polska Dawniej;łatwe;Czym w tradycji szlacheckiej częstowano niechcianego zalotnika, na znak odmowy ręki panny?;Czarną polewką (Czerniną);Zepsutym winem;Pustym chlebem;Zimnym bigosem
Kulinaria i Smaki;Kuchnia Polska Dawniej;łatwe;Jak nazywa się potrawa z kapusty i mięsa, duszona przez wiele dni?;Bigos;Gołąbki;Kotlet schabowy;Pyzy
Kulinaria i Smaki;Kuchnia Polska Dawniej;łatwe;Jak nazywa się staropolskie danie jednogarnkowe robione z kiszonej kapusty, mięs, kiełbas i grzybów?;Bigos;Leczo;Forszmak;Gulasz
Kulinaria i Smaki;Kuchnia Polska Dawniej;łatwe;Jak nazywa się tradycyjna polska zupa z kiszonej kapusty?;Kapuśniak;Kwaśnica;Grochówka;Rosół
Kulinaria i Smaki;Kuchnia Polska Dawniej;łatwe;Jaki owadzi produkt fermentowano z wodą w dawnej Polsce, tworząc szlachetny alkohol (np. trójniak)?;Miód (Miód pitny);Nektar;Pyłek pszczeli;Wosk pszczeli
Kulinaria i Smaki;Kuchnia Polska Dawniej;łatwe;Jakie skorupiaki, dziś bardzo rzadkie, dawniej w polskiej kuchni szlacheckiej łowiono i jedzono garściami?;Raki rzeczne;Kraby;Krewetki słodkowodne;Homary
Kulinaria i Smaki;Kuchnia Polska Dawniej;łatwe;Z czego przyrządzano w dawnej Polsce podpłomyki, jedne z najstarszych form pieczywa?;Z mąki, wody i soli pieczonych na blasze;Z ciasta drożdżowego z jabłkami;Ze słodkiego ciasta z miodem;Z gotowanych i tłuczonych ziemniaków
Kulinaria i Smaki;Kuchnia Polska Dawniej;łatwe;Z jakiego warzywa głównie przygotowuje się tradycyjny polski bigos?;Z kapusty;Z buraków;Z ziemniaków;Z marchwi
Kulinaria i Smaki;Kuchnia Włoska;trudne;Jak nazywa się cienki, chrupiący chlebek wypiekany w piecu, podawany często we Włoszech jako darmowa przystawka z oliwą i solą?;Focaccia;Ciabatta;Grissini;Bruschetta
Kulinaria i Smaki;Kuchnia Włoska;trudne;Jak nazywa się potrawa z ryżu smażonego na maśle z bulionem?;Risotto;Paella;Pilaw;Kuskus
Kulinaria i Smaki;Kuchnia Włoska;trudne;Jak nazywa się sos do makaronu robiony z bazylii, orzeszków piniowych i oliwy?;Pesto;Carbonara;Marinara;Bolognese
Kulinaria i Smaki;Kuchnia Włoska;trudne;Jak nazywa się tradycyjny sycylijski deser złożony z tuby ze smażonego ciasta, nadziewanej kremem z ricotty, kandyzowanymi owocami i kawałkami czekolady?;Cannolo;Cassata;Sfogliatella;Zeppola
Kulinaria i Smaki;Kuchnia Włoska;trudne;Jakie dojrzewające tygodniami wędliny, takie jak m.in. Prosciutto di Parma, są kulinarną chlubą włoskiego regionu Emilia-Romania?;Szynki wieprzowe;Salami z dzika;Kiełbasy drobiowe;Polędwice wołowe
Kulinaria i Smaki;Kuchnia Włoska;trudne;Z jakiego regionu Włoch pochodzi oryginalny zielony sos pesto alla genovese?;Liguria;Toskania;Sycylia;Kampania
Kulinaria i Smaki;Kuchnia Włoska;trudne;Z jakiego regionu Włoch pochodzi ser Parmigiano Reggiano (Parmezan)?;Emilia-Romania;Toskania;Lombardia;Sycylia
Kulinaria i Smaki;Kuchnia Włoska;trudne;Z użyciem jakiego tłuszczu, wbrew powszechnym mitom o dominacji oliwy, tradycyjnie i klasycznie przygotowuje się risotto alla milanese?;Masła i szpiku kostnego;Tylko i wyłącznie masła;Smalcu;Margaryny i śmietany
Kulinaria i Smaki;Kuchnia Włoska;łatwe;Co charakteryzuje popularne, małe pierożki o nazwie ravioli, typowe dla kuchni północnych Włoch?;Mają kwadratowy kształt i farsz w środku;Wyglądają jak kokardki;Są nadziewane wyłącznie lodami;Robi się je z ziemniaków
Kulinaria i Smaki;Kuchnia Włoska;łatwe;Co jest absolutną bazą prawdziwego włoskiego sosu carbonara przygotowywanego w rejonie Rzymu?;Żółtka jaj, ser pecorino i guanciale;Śmietana i cebula;Mielone mięso i pomidory;Czosnek, oliwa i peperoncino
Kulinaria i Smaki;Kuchnia Włoska;łatwe;Jak nazywa się najpopularniejszy włoski placek z serem i sosem pomidorowym?;Pizza;Lasagna;Risotto;Focaccia
Kulinaria i Smaki;Kuchnia Włoska;łatwe;Jak nazywa się podłużny makaron w formie cieniutkich nitek, z którego robi się Spaghetti Bolognese?;Spaghetti;Penne;Farfalle;Fusilli
Kulinaria i Smaki;Kuchnia Włoska;łatwe;Jak nazywa się szeroki, płaski makaron przekładany mięsem i sosem beszamelowym?;Lasagna;Spaghetti;Penne;Fusilli
Kulinaria i Smaki;Kuchnia Włoska;łatwe;Jaka klasyczna, bardzo cienka pizza z Neapolu posiada pomidory, mozzarellę i świeżą bazylię?;Margherita;Capricciosa;Pepperoni;Quattro Formaggi
Kulinaria i Smaki;Kuchnia Włoska;łatwe;Jaki kształt ma tradycyjny włoski makaron o nazwie spaghetti?;Długich cienkich nitek;Rurek;Kokardek;Muszelek
Kulinaria i Smaki;Kuchnia Włoska;łatwe;Jaki puszysty, włoski deser oparty na serku mascarpone jest nasączany aromatyczną kawą espresso?;Tiramisu;Panna cotta;Gelato;Cannoli
Kulinaria i Smaki;Mięsa i Wędliny;trudne;Jak nazywa się bardzo droga wołowina z japońskich krów rasy Wagyu?;Wołowina Kobe;Angus;Hereford;Limousine
Kulinaria i Smaki;Mięsa i Wędliny;trudne;Jak nazywa się hiszpańska dojrzewająca szynka z czarnych świń karmionych żołędziami?;Jamón Ibérico;Prosciutto;Serrano;Bresaola
Kulinaria i Smaki;Mięsa i Wędliny;trudne;Jak nazywa się luksusowy pasztet z wątróbek gęsich lub kaczych?;Foie gras;Rillettes;Terrina;Pasztetowa
Kulinaria i Smaki;Mięsa i Wędliny;trudne;Jak nazywa się wyjątkowo marmurkowata wołowina z Japonii, pozyskiwana ze specjalnie hodowanej rasy bydła i uznawana za jeden z najdroższych produktów mięsnych na świecie?;Wagyu;Angus;Charolais;Limousin
Kulinaria i Smaki;Mięsa i Wędliny;trudne;Jak w kuchni francuskiej nazywa się luksusowy, bardzo drogi pasztet przygotowywany ze specjalnie stłuszczonych wątróbek gęsich lub kaczych?;Foie gras;Pâté de campagne;Rillettes;Terrine
Kulinaria i Smaki;Mięsa i Wędliny;trudne;Z jakiego mięsa przyrządza się oryginalnego, klasycznego sznycla wiedeńskiego?;Z cielęciny;Z wieprzowiny;Z drobiu;Z wołowiny
Kulinaria i Smaki;Mięsa i Wędliny;trudne;Z jakiego mięsa, po długotrwałym soleniu, przyprawianiu i suszeniu na suchym wietrze, Włosi produkują chudą i wytrawną wędlinę bresaola?;Z wołowiny;Z dziczyzny;Z wieprzowiny;Z koniny
Kulinaria i Smaki;Mięsa i Wędliny;trudne;Z jakiego rzadkiego, japońskiego bydła pozyskuje się niezwykle tłustą i ekskluzywną wołowinę, znaną jako luksusowe mięso Kobe?;Kuroge Washu;Angus;Hereford;Charolaise
Kulinaria i Smaki;Mięsa i Wędliny;łatwe;Czym w tradycyjnej polskiej kaszance (krupnioku) łączy się kaszę (np. gryczaną) z podrobami?;Kwią wieprzową;Sokiem z buraków;Smalcem;Sosem pieczeniowym
Kulinaria i Smaki;Mięsa i Wędliny;łatwe;Jak nazywa się surowa wołowina drobno siekana, podawana z żółtkiem jaja?;Tatar;Stek;Carpaccio;Pastrami
Kulinaria i Smaki;Mięsa i Wędliny;łatwe;Jak nazywa się włoska, długo dojrzewająca wędlina o cienkich plastrach, często jedzona z melonem?;Szynka parmeńska;Mortadela;Chorizo;Pepperoni
Kulinaria i Smaki;Mięsa i Wędliny;łatwe;Jak nazywają się cienkie, bardzo mocno uwędzone i wysuszone polskie kiełbaski (często wieprzowe)?;Kabanosy;Parówki;Salami;Kaszanki
Kulinaria i Smaki;Mięsa i Wędliny;łatwe;Z jakiego mięsa tradycyjnie powinno się przygotowywać w Polsce niedzielnego kotleta schabowego?;Z wieprzowiny (schabu);Z piersi kurczaka;Z wołowiny;Z cielęciny
Kulinaria i Smaki;Mięsa i Wędliny;łatwe;Z jakiego mięsa tradycyjnie przyrządza się polski kotlet schabowy?;Z wieprzowiny;Z wołowiny;Z cielęciny;Z drobiu
Kulinaria i Smaki;Mięsa i Wędliny;łatwe;Z jakiego surowego, bardzo drobno siekanego mięsa z żółtkiem i cebulą przygotowuje się tatar?;Z polędwicy wołowej;Z karkówki wieprzowej;Z mięsa z indyka;Z boczku
Kulinaria i Smaki;Mięsa i Wędliny;łatwe;Z jakiego zwierzęcia pochodzi czerwone mięso nazywane wołowiną?;Z krowy;Ze świni;Z owcy;Z kury
Kulinaria i Smaki;Napoje i Alkohole;trudne;Jak nazywa się gęsty, gorzki, czarny likier ziołowy, często podawany we Włoszech z lodem jako digestif po obfitym posiłku?;Amaro;Limoncello;Grappa;Sambuca
Kulinaria i Smaki;Napoje i Alkohole;trudne;Jak nazywa się meksykański alkohol produkowany z agawy?;Tequila;Rum;Gin;Wódka
Kulinaria i Smaki;Napoje i Alkohole;trudne;Jak nazywa się meksykański destylat produkowany wyłącznie z niebieskiej agawy (Agave tequilana), w odróżnieniu od mezcalu, który może być wytwarzany z różnych gatunków agawy?;Tequila;Mezcal;Pulque;Sotol
Kulinaria i Smaki;Napoje i Alkohole;trudne;Jak nazywa się proces destylacji wina, w wyniku którego powstaje Koniak?;Destylacja dwukrotna;Rektyfikacja;Fermentacja;Maceracja
Kulinaria i Smaki;Napoje i Alkohole;trudne;Jaki starzony, złocisty alkohol, którego produkcja jest ścisłą domeną Szkocji i Irlandii, musi leżakować w dębowych beczkach przez min. 3 lata?;Whisky;Koniak;Rum;Wódka
Kulinaria i Smaki;Napoje i Alkohole;trudne;Z jakiego kraju pochodzi wino Porto?;Z Portugalii;Z Hiszpanii;Z Włoch;Z Francji
Kulinaria i Smaki;Napoje i Alkohole;trudne;Z połączenia jakich doskonałych alkoholi i słodkiego wermutu, w idealnie równych proporcjach, składa się klasyczny, rdzawy koktajl Negroni?;Ginu i Campari;Wódki i Aperolu;Rumu i Cointreau;Tequili i Triple Sec
Kulinaria i Smaki;Napoje i Alkohole;trudne;Z soku jakiej rośliny destyluje się tradycyjną meksykańską tequilę?;Z agawy;Z kaktusa;Z trzciny cukrowej;Z kukurydzy
Kulinaria i Smaki;Napoje i Alkohole;łatwe;Jak nazywa się słodki, gęsty syrop lub sok, produkowany na jesień i zimę m.in. z czarnego bzu i malin?;Sok malinowy (Syrop do herbaty);Kwas chlebowy;Cydr;Kompot z suszu
Kulinaria i Smaki;Napoje i Alkohole;łatwe;Jak z hiszpańskiego nazywa się bardzo znany na Kubie napój alkoholowy z mięty, limonki, cukru i rumu?;Mojito;Margarita;Pina Colada;Sangria
Kulinaria i Smaki;Napoje i Alkohole;łatwe;Jaki pobudzający i popularny czarny napar powstaje w ekspresie przez zalanie palonych ziaren?;Kawa;Czysta herbata;Kakao;Mate
Kulinaria i Smaki;Napoje i Alkohole;łatwe;Który złocisty trunek z charakterystyczną pianką od wieków dominuje na stadionach i grillach w Polsce?;Piwo;Cydr;Wino;Wódka
Kulinaria i Smaki;Napoje i Alkohole;łatwe;Z czego tradycyjnie powstaje francuski szampan i większość klasycznych, gronowych win europejskich?;Z fermentowanych winogron;Z fermentowanych jabłek;Z miodu;Ze śliwek i wiśni
Kulinaria i Smaki;Napoje i Alkohole;łatwe;Z czego tradycyjnie warzy się piwo?;Z jęczmienia;Z pszenicy;Z kukurydzy;Z ryżu
Kulinaria i Smaki;Napoje i Alkohole;łatwe;Z jakich owoców produkuje się klasyczne, tradycyjne wino?;Z winogron;Z jabłek;Z wiśni;Ze śliwek
Kulinaria i Smaki;Napoje i Alkohole;łatwe;Z jakich owoców produkuje się wino?;Z winogron;Z jabłek;Z gruszek;Z pomarańczy
Kulinaria i Smaki;Owoce i Warzywa;trudne;Jak nazywa się azjatycki owoc o kolczastej skorupce i kremowym miąższu, zwany 'królem owoców', którego intensywny zapach powoduje zakaz wnoszenia go do hoteli i na lotniska w wielu krajach?;Durian;Jackfruit;Rambutan;Longan
Kulinaria i Smaki;Owoce i Warzywa;trudne;Jak nazywa się azjatycki owoc znany z bardzo intensywnego, nieprzyjemnego zapachu?;Durian;Rambutan;Mangostan;Dżakfrut
Kulinaria i Smaki;Owoce i Warzywa;trudne;Jak nazywa się egzotyczny, kolczasty owoc, słynący w Azji Południowo-Wschodniej ze smaku, ale i obezwładniająco odrażającego zapachu?;Durian;Rambutan;Mangostan;Dżakfrut
Kulinaria i Smaki;Owoce i Warzywa;trudne;Jak nazywa się owoc, który jest podstawą sosu guacamole?;Awokado;Papaja;Mango;Ananas
Kulinaria i Smaki;Owoce i Warzywa;trudne;Jakie azjatyckie, bardzo ostre i niesamowicie aromatyczne kłącze uciera się i dodaje do naparów w celu silnego rozgrzania organizmu?;Imbir;Kurkuma;Żeń-szeń;Chrzan
Kulinaria i Smaki;Owoce i Warzywa;trudne;Jakie warzywo, będące podstawą pasty guacamole, bywa w Polsce nazywane smaczliwką wdzięczną?;Awokado;Papryka;Pomidor;Cukinia
Kulinaria i Smaki;Owoce i Warzywa;trudne;Który fioletowy, podłużny owoc botaniczny (powszechnie uznawany w kuchni za warzywo) jest podstawą greckiej musaki oraz zapiekanek?;Bakłażan;Cukinia;Patison;Batat
Kulinaria i Smaki;Owoce i Warzywa;trudne;Z jakiego kontynentu pochodzą pomidory i ziemniaki?;Z Ameryki;Z Europy;Z Azji;Z Afryki
Kulinaria i Smaki;Owoce i Warzywa;łatwe;Jak nazywa się niezwykle kwaśny, żółty cytrus, którego sok chętnie wyciskamy rano do herbaty?;Cytryna;Limonka;Grejpfrut;Mandarynka
Kulinaria i Smaki;Owoce i Warzywa;łatwe;Jaki kolor ma dojrzały owoc pomidora w najpopularniejszych odmianach?;Czerwony;Niebieski;Fioletowy;Biały
Kulinaria i Smaki;Owoce i Warzywa;łatwe;Jaki owoc jest symbolem Nowego Jorku i spadł na głowę Newtona?;Jabłko;Gruszka;Banan;Pomarańcza
Kulinaria i Smaki;Owoce i Warzywa;łatwe;Jakie warzywo cebulowe ma mocny aromat i ząbki, a w bajkach wiesza się je na odgonienie wampirów?;Czosnek;Por;Szczypiorek;Cebula dymka
Kulinaria i Smaki;Owoce i Warzywa;łatwe;Które warzywo jest głównym składnikiem frytek?;Ziemniak;Marchew;Pietruszka;Burak
Kulinaria i Smaki;Owoce i Warzywa;łatwe;Który jesienny owoc, twardy i o wydłużonym kształcie, występuje w odmianie popularnie zwanej 'Konferencja'?;Gruszka;Śliwka;Jabłko;Pigwa
Kulinaria i Smaki;Owoce i Warzywa;łatwe;W przypadku jakiego znanego warzywa o długim, pomarańczowym korzeniu króliki jedzą go ze smakiem?;Marchew;Pietruszka;Seler;Pasternak
Kulinaria i Smaki;Owoce i Warzywa;łatwe;Z jakiego czerwonego warzywa bogatego w likopen można przygotować pyszny ketchup i pastę neapolitańską?;Z pomidora;Z papryki czerwonej;Z rzodkiewki;Z buraka
Kulinaria i Smaki;Pierogi i Dania Mączne;trudne;Jak nazywa się japońskie pierożki smażone na patelni?;Gyoza;Dim Sum;Wonton;Bao
Kulinaria i Smaki;Pierogi i Dania Mączne;trudne;Jak nazywa się powszechnie lubiane, japońskie danie, przypominające smażone pierogi z cienkiego ciasta, faszerowane wieprzowiną i kapustą?;Gyoza;Dim Sum;Baozi;Wonton
Kulinaria i Smaki;Pierogi i Dania Mączne;trudne;Jak nazywa się technika gotowania makaronu, by pozostał lekko twardy?;Al dente;Sauté;Blanszowanie;Confit
Kulinaria i Smaki;Pierogi i Dania Mączne;trudne;Jak nazywają się gruzińskie pierogi w kształcie sakiewek z rosołem w środku?;Chinkali;Chaczapuri;Kołduny;Pielmieni
Kulinaria i Smaki;Pierogi i Dania Mączne;trudne;Jak nazywają się małe, włoskie kluseczki robione głównie z ziemniaków i mąki?;Gnocchi;Ravioli;Tortellini;Cannelloni
Kulinaria i Smaki;Pierogi i Dania Mączne;trudne;Jak nazywają się tradycyjne wschodnioeuropejskie pierogi z ciasta pszennego, nadziewane twarogiem i ziemniakami, będące narodowym daniem Ukrainy?;Wareniki;Pelmeni;Manty;Uszka
Kulinaria i Smaki;Pierogi i Dania Mączne;trudne;Jak nazywają się tradycyjne, faszerowane mięsem lub serem włoskie pierożki, które przed ugotowaniem zwija się w kształt małych sakiewek?;Tortellini;Ravioli;Gnocchi;Cannelloni
Kulinaria i Smaki;Pierogi i Dania Mączne;trudne;Z jakiego kaukaskiego kraju pochodzą słynne chinkali, które należy jeść rękami, najpierw wysysając z ich wnętrza pyszny, gorący bulion?;Z Gruzji;Z Rosji;Z Ukrainy;Z Litwy
Kulinaria i Smaki;Pierogi i Dania Mączne;łatwe;Jak nazywają się małe włoskie kopytka ziemniaczane?;Gnocchi;Ravioli;Tortellini;Penne
Kulinaria i Smaki;Pierogi i Dania Mączne;łatwe;Jak nazywają się tradycyjne polskie pierogi z twarogiem i ziemniakami?;Ruskie;Z mięsem;Z kapustą;Z jagodami
Kulinaria i Smaki;Pierogi i Dania Mączne;łatwe;Jak nazywają się śląskie kluski robione z gotowanych ziemniaków i skrobi, z dziurką w środku?;Kluski śląskie;Kopytka;Knedle;Pielmieni
Kulinaria i Smaki;Pierogi i Dania Mączne;łatwe;Jakie małe, bardzo drobne 'uszka' najczęściej wrzuca się do czystego, wigilijnego barszczu?;Uszka z grzybami;Uszka z serem;Uszka z mięsem;Uszka z łososiem
Kulinaria i Smaki;Pierogi i Dania Mączne;łatwe;Jakie nadzienie mają tradycyjne polskie pierogi ruskie?;Twaróg i ziemniaki;Kapusta i grzyby;Mięso;Owoce
Kulinaria i Smaki;Pierogi i Dania Mączne;łatwe;Jakie to bardzo znane pierogi, które w farszu oprócz cebulki i pieprzu łączą twaróg i ziemniaki?;Pierogi ruskie;Pierogi z kapustą i grzybami;Pierogi leniwe;Pierogi z mięsem
Kulinaria i Smaki;Pierogi i Dania Mączne;łatwe;Z czego robione są kopytka, tradycyjnie podawane jako dodatek do sosów lub mięs obiadowych?;Z ziemniaków, mąki i jajka;Z kaszy manny;Z mąki kukurydzianej;Z ryżu
Kulinaria i Smaki;Pierogi i Dania Mączne;łatwe;Z czym tradycyjnie, na słodko, Polacy latem jedzą mączne dania i pierogi oprócz śmietany i cukru?;Z jagodami lub truskawkami;Z bananami;Z ananasem;Z jabłkami
Kulinaria i Smaki;Przyprawy Świata;trudne;Jak nazywa się japoński drobno mielony proszek z zielonej herbaty, stosowany do aromatyzowania napojów i deserów, którego intensywny zielony kolor wynika ze specjalnej uprawy herbaty w cieniu?;Matcha;Sencha;Gyokuro;Hojicha
Kulinaria i Smaki;Przyprawy Świata;trudne;Jak nazywa się przyprawa będąca suszonymi pąkami kwiatowymi goździkowca?;Goździki;Anyż;Cynamon;Gałka muszkatołowa
Kulinaria i Smaki;Przyprawy Świata;trudne;Jaka intensywnie żółta przyprawa w proszku, uzyskiwana z tropikalnego kłącza, jest głównym barwnikiem i składnikiem wielu rodzajów curry?;Kurkuma;Szafran;Papryka;Kmin rzymski
Kulinaria i Smaki;Przyprawy Świata;trudne;Jaka przyprawa jest najdroższa na świecie?;Szafran;Wanilia;Kardamon;Kurkuma
Kulinaria i Smaki;Przyprawy Świata;trudne;Skąd wzięła się naturalnie wanilia, a dokładniej gatunek storczyka, z którego po raz pierwszy w historii pozyskiwano te drogocenne, ciemne laski?;Z Meksyku i Ameryki Środkowej;Z Madagaskaru i Reunion;Z Indii Zachodnich;Z południowych Chin
Kulinaria i Smaki;Przyprawy Świata;trudne;Z jakiej części kwiatu krokusa pozyskuje się najdroższą przyprawę świata - szafran?;Ze znamion słupka;Z płatków;Z korzenia;Z łodygi
Kulinaria i Smaki;Przyprawy Świata;trudne;Z jakiej rośliny powstaje wasabi, japońska ostra przyprawa?;Z chrzanu japońskiego;Z gorczycy;Z papryczki chili;Z imbiru
Kulinaria i Smaki;Przyprawy Świata;trudne;Zmielenie i przetworzenie nasion jakiej pospolitej rośliny jest niezbędne, aby wyprodukować ostry sos stołowy znany jako klasyczna musztarda?;Gorczycy;Kolendry;Kminu rzymskiego;Kopru
Kulinaria i Smaki;Przyprawy Świata;łatwe;Czego w kuchni włoskiej głównie używa się do przyprawiania świeżych pomidorów obok oliwy i czosnku?;Bazylii i oregano;Majeranku i kminku;Koperku;Kurkumy
Kulinaria i Smaki;Przyprawy Świata;łatwe;Jaka przyprawa jest najpopularniejsza na świecie obok soli?;Pieprz;Papryka;Cynamon;Cukier
Kulinaria i Smaki;Przyprawy Świata;łatwe;Jaka przyprawa, pozyskiwana z kory drzewa, jest najpopularniejszym dodatkiem do szarlotki?;Cynamon;Pieprz;Bazylia;Oregano
Kulinaria i Smaki;Przyprawy Świata;łatwe;Jaka wyrazista, azjatycka przyprawa posiada charakterystyczny, 'palący' korzeń, świetny na jesień?;Imbir;Chrzan;Anyż;Szafran
Kulinaria i Smaki;Przyprawy Świata;łatwe;Jaki słodki, brązowy proszek robiony jest ze startej kory i idealnie pasuje do szarlotki z jabłkami?;Cynamon;Kakao;Gałka muszkatołowa;Kardamon
Kulinaria i Smaki;Przyprawy Świata;łatwe;Która przyprawa o żółto-złotym zabarwieniu bywa bardzo droga i pochodzi z kwiatowych znamion krokusa?;Szafran;Kurkuma;Curry;Kmin rzymski
Kulinaria i Smaki;Przyprawy Świata;łatwe;Z czego pozyskuje się cukier biały w Polsce?;Z buraków cukrowych;Z trzciny cukrowej;Z miodu;Z kukurydzy
Kulinaria i Smaki;Ryby i Owoce Morza;trudne;Jak nazywa się bezlitośnie droga i luksusowa przystawka, którą stanowi obrobiona i zasolona w puszkach ikra cennych ryb jesiotrowatych?;Kawior;Ostrygi;Przegrzebki;Trufle
Kulinaria i Smaki;Ryby i Owoce Morza;trudne;Jak nazywa się japońska potrawa z bardzo cienko pokrojonych plastrów surowej ryby lub owoców morza, podawanych bez ryżu, w odróżnieniu od sushi?;Sashimi;Nigiri;Temaki;Chirashi
Kulinaria i Smaki;Ryby i Owoce Morza;trudne;Jak nazywa się japońska ryba, której błąd w przyrządzeniu może być śmiertelny?;Fugu;Tuńczyk;Węgorz;Mahi-mahi
Kulinaria i Smaki;Ryby i Owoce Morza;trudne;Jak nazywają się jadalne ślimaki morskie popularne w kuchni francuskiej?;Buloty (Biggerneaux);Ostrygi;Przegrzebki;Mule
Kulinaria i Smaki;Ryby i Owoce Morza;trudne;Jakie morskie zwierzęta kryją się pod kulinarną nazwą kalmary?;Dziesięciornice;Ośmiornice;Małże;Krewetki
Kulinaria i Smaki;Ryby i Owoce Morza;trudne;Jakie skorupiaki, zaopatrzone w potężne szczypce, przed ugotowaniem mają często barwę niebieskawą, a we wrzątku stają się czerwone?;Homary;Kraby;Krewetki;Kalmary
Kulinaria i Smaki;Ryby i Owoce Morza;trudne;Jaką nazwę nosi śmiertelnie trująca, japońska ryba z gatunku rozdymkowatych, której mięso wolno serwować tylko licencjonowanym kucharzom?;Fugu;Koi;Mahi-mahi;Barrakuda
Kulinaria i Smaki;Ryby i Owoce Morza;trudne;Z jakiego kraju pochodzi Paella, danie z ryżu i owoców morza?;Z Hiszpanii;Z Włoch;Z Portugalii;Z Francji
Kulinaria i Smaki;Ryby i Owoce Morza;łatwe;Jak nazywa się luksusowy produkt spożywczy będący soloną ikrą ryb?;Kawior;Ostrygi;Krewetki;Małże
Kulinaria i Smaki;Ryby i Owoce Morza;łatwe;Jaka ryba o charakterystycznym różowo-pomarańczowym mięsie często wykorzystywana jest do japońskiego sushi?;Łosoś;Dorsz;Szprot;Karp
Kulinaria i Smaki;Ryby i Owoce Morza;łatwe;Jaka ryba o różowym mięsie jest często używana do sushi i wędzona na kanapki?;Łosoś;Dorsz;Śledź;Karp
Kulinaria i Smaki;Ryby i Owoce Morza;łatwe;Jaka słodkowodna ryba tradycyjnie, często smażona w dzwonkach, pojawia się na wigilijnym stole w Polsce?;Karp;Łosoś;Pstrąg;Tuńczyk
Kulinaria i Smaki;Ryby i Owoce Morza;łatwe;Która ryba jest tradycyjnym daniem wigilijnym w Polsce?;Karp;Łosoś;Dorsz;Pstrąg
Kulinaria i Smaki;Ryby i Owoce Morza;łatwe;Które owoce morza, podawane często z czosnkiem i masłem, w surowej formie mają szary kolor a po ugotowaniu różowy?;Krewetki;Małże;Ostrygi;Kalmary
Kulinaria i Smaki;Ryby i Owoce Morza;łatwe;Które słone, drobne rybki, serwowane z olejem i często cebulą, to popularna polska zakąska śledziowa?;Matiasy;Sardynki;Anchois;Pstrągi
Kulinaria i Smaki;Ryby i Owoce Morza;łatwe;Z jakiego mięsa pochodzi bardzo drogi, ekskluzywny czarny kawior?;Z ikry jesiotra;Z mięsa homara;Z wątroby dorsza;Z ikry łososia
Kulinaria i Smaki;Sery i Nabiał;trudne;Jak nazywa się najsłynniejszy i niezwykle twardy ser cypryjski, który dzięki swojej strukturze nie rozpuszcza się, lecz idealnie rumieni na grillu?;Halloumi;Feta;Paneer;Ricotta
Kulinaria i Smaki;Sery i Nabiał;trudne;Jak nazywa się proces dojrzewania serów?;Afinacja;Pasteryzacja;Homogenizacja;Koagulacja
Kulinaria i Smaki;Sery i Nabiał;trudne;Jak nazywa się włoski ser z mleka bawolic, podstawa sałatki Caprese?;Mozzarella di bufala;Ricotta;Mascarpone;Gorgonzola
Kulinaria i Smaki;Sery i Nabiał;trudne;Jaki ser słynie z niebieskiej pleśni i pochodzi z Francji?;Roquefort;Camembert;Brie;Munster
Kulinaria i Smaki;Sery i Nabiał;trudne;Jaki słynny włoski ser z niebieską pleśnią dojrzewa w jaskiniach i piwnicach Lombardii?;Gorgonzola;Roquefort;Brie;Parmigiano
Kulinaria i Smaki;Sery i Nabiał;trudne;Który ceniony szwajcarski, półtwardy ser z mleka krowiego słynie z dużych dziur (oczek) i łagodnego smaku, świetnie nadając się do fondue?;Emmentaler;Gruyère;Raclette;Appenzeller
Kulinaria i Smaki;Sery i Nabiał;trudne;Który tradycyjny angielski ser z niebieską pleśnią, produkowany wyłącznie w trzech hrabstwach Anglii (Leicestershire, Nottinghamshire i Derbyshire), objęty jest europejskim certyfikatem chronionej nazwy pochodzenia (PDO)?;Stilton;Cheddar;Red Leicester;Wensleydale
Kulinaria i Smaki;Sery i Nabiał;trudne;Z jakiego mleka, w oryginalnej, objętej prawem i tradycją recepturze, powstaje delikatny, biały włoski ser mozzarella di bufala?;Z mleka bawolic;Z mleka owczego;Z mleka koziego;Z mleka krowiego
Kulinaria i Smaki;Sery i Nabiał;łatwe;Co znajduje się wewnątrz prawdziwej i dobrej, włoskiej pizzy neapolitańskiej o nazwie Margherita?;Roztopiona, świeża mozzarella;Twardy ser gouda;Czeski smażony ser;Serek wiejski
Kulinaria i Smaki;Sery i Nabiał;łatwe;Jak brzmi nazwa tego szwajcarskiego żółtego sera z wielkimi, charakterystycznymi 'dziurami'?;Ementaler;Cheddar;Gouda;Parmezan
Kulinaria i Smaki;Sery i Nabiał;łatwe;Jak nazywa się bardzo miękki i delikatny ser pleśniowy, najczęściej pochodzący prosto z Francji?;Camembert lub Brie;Cheddar;Feta;Edamski
Kulinaria i Smaki;Sery i Nabiał;łatwe;Jak nazywa się popularny grecki biały ser w solance?;Feta;Mozzarella;Cheddar;Gouda
Kulinaria i Smaki;Sery i Nabiał;łatwe;Jaki biały wędzony ser z owczego mleka jest tradycyjnym produktem z polskich Tatr?;Oscypek;Gouda;Camembert;Cheddar
Kulinaria i Smaki;Sery i Nabiał;łatwe;Jaki tradycyjny na Podhalu serek wędzony produkowany jest z mleka owczego w charakterystycznych wrzecionach?;Oscypek;Bryndza;Koryciński;Gouda
Kulinaria i Smaki;Sery i Nabiał;łatwe;Który włoski, twardy i bardzo aromatyczny ser ścierany jest bardzo drobno jako posypka na makaron?;Parmezan (Parmigiano);Gorgonzola;Mascarpone;Mozzarella
Kulinaria i Smaki;Sery i Nabiał;łatwe;Z jakiego mleka tradycyjnie wyrabia się oscypek?;Z owczego;Z krowiego;Z koziego;Z kobylego
Kulinaria i Smaki;Street Food i Fast Food;trudne;Jak nazywa się kanadyjskie danie typu fast food, składające się z frytek, sera i sosu pieczeniowego?;Poutine;Corn dog;Burrito;Arepa
Kulinaria i Smaki;Street Food i Fast Food;trudne;Jak nazywa się meksykańska tortilla złożona wpół z serem w środku?;Quesadilla;Burrito;Enchilada;Chimichanga
Kulinaria i Smaki;Street Food i Fast Food;trudne;Jak nazywa się tradycyjny meksykański street food, składający się z małej, miękkiej tortilli kukurydzianej i różnego rodzaju pieczonego mięsa?;Taco;Burrito;Quesadilla;Nachos
Kulinaria i Smaki;Street Food i Fast Food;trudne;Jak nazywa się wietnamska kanapka z bagietki z pasztetem i piklami?;Bánh mì;Pho;Bao;Sajgonka
Kulinaria i Smaki;Street Food i Fast Food;trudne;Jaka doskonała wegetariańska bliskowschodnia przekąska to bardzo chrupiące, smażone w głębokim oleju kulki z mielonej ciecierzycy lub bobu?;Falafel;Kebab;Szawarma;Hummus
Kulinaria i Smaki;Street Food i Fast Food;trudne;W jakim rozbitym po II wojnie światowej niemieckim mieście Amerykanie i Brytyjczycy pośrednio zapoczątkowali modę na popularny currywurst?;W Berlinie;W Monachium;W Hamburgu;We Frankfurcie
Kulinaria i Smaki;Street Food i Fast Food;trudne;W którym kraju azjatyckim w latach 80. XX wieku powstał oryginalny napój bubble tea (herbata z kulkami tapioki), dziś popularny na całym świecie?;Tajwan;Japonia;Chiny;Korea Południowa
Kulinaria i Smaki;Street Food i Fast Food;trudne;Z jakiego miasta wywodzi się Currywurst?;Z Berlina;Z Hamburga;Z Monachium;Z Frankfurtu
Kulinaria i Smaki;Street Food i Fast Food;łatwe;Co charakterystycznego Polacy lubią chrupać na dworcach PKP, na połówce bagietki z serem i pieczarkami?;Zapiekankę z pieca;Calzone;Rogala z makiem;Tosty hawajskie
Kulinaria i Smaki;Street Food i Fast Food;łatwe;Jak nazywają się smażone w głębokim oleju kulki z ciecierzycy?;Falafel;Hummus;Taco;Nachos
Kulinaria i Smaki;Street Food i Fast Food;łatwe;Jaki popularny turecki przysmak w bułce lub cieście składa się ze ścinanego, opiekanego mięsa?;Kebab (Doner/Durum);Gyros;Burger;Quesadilla
Kulinaria i Smaki;Street Food i Fast Food;łatwe;Z czego tradycyjnie wyrabiane są złociste frytki kupowane tonami we wszystkich fast foodach świata?;Ze smażonych w głębokim tłuszczu ziemniaków;Z mąki i jajek;Z panierowanego kurczaka;Z prażonej kukurydzy
Kulinaria i Smaki;Street Food i Fast Food;łatwe;Z czym tradycyjnie zjemy cienką, meksykańską tortillę w potrawie zwanej Taco lub Burrito?;Z farszem (np. mięso, fasola, kukurydza, ryż);Na słodko z truskawkami;Z kiełbasą i musztardą;Z ugotowaną rybą w panierce
Kulinaria i Smaki;Street Food i Fast Food;łatwe;Z jakiego kraju pochodzi Kebab?;Z Turcji;Z Grecji;Z Egiptu;Z Indii
Kulinaria i Smaki;Street Food i Fast Food;łatwe;Z jakiego kraju wywodzi się kebab, obecnie niezwykle popularne danie w Europie?;Z Turcji;Z Włoch;Z Francji;Z USA
Kulinaria i Smaki;Street Food i Fast Food;łatwe;Z parówki, podłużnej bułki pszennej i wielu sosów składa się na ulicznych stoiskach popularny...;Hot dog;Hamburger;Kebab;Zapiekanka
Kulinaria i Smaki;Słodycze i Przekąski;trudne;Jak nazywa się hiszpański deser w formie smażonych pręcików z ciasta?;Churros;Bakława;Pączek;Faworek
Kulinaria i Smaki;Słodycze i Przekąski;trudne;Jak nazywa się turecki deser z cienkiego ciasta filo z miodem i orzechami?;Bakława;Rachatłukum;Halva;Kadaif
Kulinaria i Smaki;Słodycze i Przekąski;trudne;Jak nazywają się wybitnie kruche, płaskie i mocno cynamonowe ciasteczka, będące jednym z ulubionych, zimowych wypieków w Belgii i Holandii?;Speculoos;Cantuccini;Makaroniki;Biscotti
Kulinaria i Smaki;Słodycze i Przekąski;trudne;Jaki tradycyjny, długi hiszpański smakołyk to parzone ciasto wyciskane do głębokiego tłuszczu, często maczane po usmażeniu w gęstej czekoladzie?;Churros;Empanadas;Flan;Turrón
Kulinaria i Smaki;Słodycze i Przekąski;trudne;Jakie miękkie, ciągnące i niezwykle popularne słodycze wynalazł w latach 20. XX wieku Hans Riegel z Bonn, założyciel imperium Haribo?;Żelki w kształcie misiów;Twarde karmelki owocowe;Lizaki z gumą balonową;Pianki marshmallow
Kulinaria i Smaki;Słodycze i Przekąski;trudne;Z jakiego kraju pochodzi krem czekoladowo-orzechowy Nutella, opracowany w 1946 roku przez Pietra Ferrero jako tańsza alternatywa dla czekolady po II wojnie światowej?;Włochy;Belgia;Francja;Szwajcaria
Kulinaria i Smaki;Słodycze i Przekąski;trudne;Z jakiego państwa pochodzi czekolada Lindt?;Ze Szwajcarii;Z Belgii;Z Niemiec;Z Francji
Kulinaria i Smaki;Słodycze i Przekąski;trudne;Z miazgi jakich orzechów produkuje się oryginalny i prawdziwy marcepan?;Migdałów;Orzechów włoskich;Orzechów laskowych;Pistacji
Kulinaria i Smaki;Słodycze i Przekąski;łatwe;Czym przeważnie posypane są na zewnątrz chrupiące, wypiekane, tradycyjne polskie paluszki (np. Beskidzkie)?;Grubą solą;Słodkim cukrem;Kminem;Proszkiem paprykowym
Kulinaria i Smaki;Słodycze i Przekąski;łatwe;Jak nazywa się czarna przekąska o smaku anyżowym?;Lukrecja;Czekolada;Żelki;Chałwa
Kulinaria i Smaki;Słodycze i Przekąski;łatwe;Jak nazywa się twarda słodka masa sezamowa, bardzo popularna na Bliskim Wschodzie i w Turcji?;Chałwa;Marcepan;Karmel;Krówka
Kulinaria i Smaki;Słodycze i Przekąski;łatwe;Jak nazywają się tradycyjne polskie, bardzo słodkie cukierki z masy kajmakowej (krówki), które z czasem kruszeją?;Krówki;Kukułki;Raczkie;Irysy
Kulinaria i Smaki;Słodycze i Przekąski;łatwe;Jaki delikatny deser to lekka, mleczno-waniliowa pianka oblana cienką warstwą kruchej czekolady?;Ptasie Mleczko;Chałwa;Sezamki;Jeżyki
Kulinaria i Smaki;Słodycze i Przekąski;łatwe;Z jakich nasion produkuje się chałwę?;Z sezamu;Z orzechów;Z maku;Z dyni
Kulinaria i Smaki;Słodycze i Przekąski;łatwe;Z jakiego kruszonego surowca i karmelu robiona jest zazwyczaj krucha i tłusta, wschodnia chałwa?;Z ziaren sezamu;Z orzechów włoskich;Z płatków migdałów;Z maku
Kulinaria i Smaki;Słodycze i Przekąski;łatwe;Z jakiego składnika odzwierzęcego produkuje się popularne kolorowe, miękkie żelki (np. Misie Haribo)?;Z żelatyny (kolagenu);Z agaru;Z miodu;Ze skrobi ziemniaczanej
Kulinaria i Smaki;Słynni Szefowie Kuchni;trudne;Jak nazywa się legendarny francuski szef kuchni, ojciec nowoczesnej gastronomii (XIX wiek)?;Auguste Escoffier;Paul Bocuse;Alain Ducasse;Joel Robuchon
Kulinaria i Smaki;Słynni Szefowie Kuchni;trudne;Jaka wysoka, legendarna amerykańska kucharka po latach spędzonych we Francji nauczyła stany Zjednoczone tajników tamtejszej gastronomii w TV?;Julia Child;Auguste Escoffier;Paul Bocuse;Alain Ducasse
Kulinaria i Smaki;Słynni Szefowie Kuchni;trudne;Jaki brytyjski szef kuchni, znany początkowo z luźnego programu "Naked Chef", poprowadził gigantyczną rewolucję na rzecz zdrowego żywienia w szkołach?;Jamie Oliver;Gordon Ramsay;Heston Blumenthal;Marco Pierre White
Kulinaria i Smaki;Słynni Szefowie Kuchni;trudne;Jaki legendarny, rewolucyjny wręcz francuski szef kuchni i autor z przełomu XIX i XX w. jest dziś uważany za ojca klasycznej gastronomii i organizacji pracy?;Auguste Escoffier;Paul Bocuse;Alain Ducasse;Joël Robuchon
Kulinaria i Smaki;Słynni Szefowie Kuchni;trudne;Kto jest autorem słynnego przewodnika po restauracjach nagradzającego "gwiazdkami"?;Michelin;Gault&Millau;Zagat;TripAdvisor
Kulinaria i Smaki;Słynni Szefowie Kuchni;trudne;Który brytyjski szef kuchni jest znany ze swojego wybuchowego temperamentu w programie "Hell's Kitchen"?;Gordon Ramsay;Jamie Oliver;Heston Blumenthal;Marco Pierre White
Kulinaria i Smaki;Słynni Szefowie Kuchni;trudne;Który francuski szef kuchni, nazywany 'królem kucharzy i kucharzem królów', napisał encyklopedyczne dzieło 'Le Guide Culinaire' i zrewolucjonizował klasyczną kuchnię francuską na przełomie XIX i XX wieku?;Auguste Escoffier;Marie-Antoine Carême;Paul Bocuse;Joël Robuchon
Kulinaria i Smaki;Słynni Szefowie Kuchni;trudne;Który szef kuchni spopularyzował zdrową kuchnię szkolną w Wielkiej Brytanii?;Jamie Oliver;Gordon Ramsay;Marco Pierre White;Heston Blumenthal
Kulinaria i Smaki;Słynni Szefowie Kuchni;łatwe;Jak ma na imię brytyjski kucharz, który poprowadził kampanię o zdrowe żywienie w szkołach (Nagi Szef)?;Jamie Oliver;Gordon Ramsay;Heston Blumenthal;Paul Hollywood
Kulinaria i Smaki;Słynni Szefowie Kuchni;łatwe;Jak nazywa się brytyjski szef kuchni znany z wybuchowego charakteru i "Piekielnej Kuchni"?;Gordon Ramsay;Jamie Oliver;Robert Makłowicz;Nigella Lawson
Kulinaria i Smaki;Słynni Szefowie Kuchni;łatwe;Jak nazywa się wybuchowy, szkocki szef kuchni, znany z ostrych przekleństw w programie 'Hell's Kitchen'?;Gordon Ramsay;Jamie Oliver;Marco Pierre White;Anthony Bourdain
Kulinaria i Smaki;Słynni Szefowie Kuchni;łatwe;Jaka polska restauratorka od lat prowadzi popularny program "Kuchenne rewolucje"?;Magda Gessler;Ewa Wachowicz;Ania Starmach;Michel Moran
Kulinaria i Smaki;Słynni Szefowie Kuchni;łatwe;Która bardzo charyzmatyczna restauratorka od lat prowadzi program 'Kuchenne rewolucje' w Polsce?;Magda Gessler;Ewa Wachowicz;Anna Starmach;Nigella Lawson
Kulinaria i Smaki;Słynni Szefowie Kuchni;łatwe;Która polska restauratorka prowadzi program "Kuchenne rewolucje"?;Magda Gessler;Anna Starmach;Ewa Wachowicz;Marta Gessler
Kulinaria i Smaki;Słynni Szefowie Kuchni;łatwe;Który polski szef kuchni jako pierwszy w historii Polski zdobył w 2013 roku prestiżową Gwiazdkę Michelin?;Wojciech Modest Amaro;Mateusz Gessler;Dariusz Barański;Andrzej Polan
Kulinaria i Smaki;Słynni Szefowie Kuchni;łatwe;Który znany, polski krytyk kulinarny i podróżnik zasłynął powiedzonkiem 'Eeeeee' i śmiechem przy jedzeniu?;Robert Makłowicz;Kuba Wojewódzki;Michel Moran;Karol Okrasa
Kulinaria i Smaki;Tradycyjne Zupy Polskie;trudne;Jak nazywa się prosta zupa z chleba i czosnku, popularna dawniej na Śląsku?;Wodzionka;Zalewajka;Parzybroda;Gramatka
Kulinaria i Smaki;Tradycyjne Zupy Polskie;trudne;Jak nazywa się śląska zupa z kiszonej kapusty na wędzonce?;Kwaśnica (lub Kapuśniak po śląsku);Żurek;Wodzionka;Kartoflanka
Kulinaria i Smaki;Tradycyjne Zupy Polskie;trudne;Jaki składnik kiszonkowy, będący sokiem z kapusty kiszonej, stanowi bazę zakwasową dla tradycyjnej góralskiej zupy kwaśnicy z Podhala?;Sok z kapusty kiszonej;Zakwas żytni;Ocet jabłkowy;Kwas chlebowy
Kulinaria i Smaki;Tradycyjne Zupy Polskie;trudne;Jakiego gatunku grubej kaszy po prostu nie może zabraknąć, jeśli decydujemy się ugotować tradycyjny, niezwykle pożywny staropolski krupnik?;Kaszy jęczmiennej;Pęczaku pszennego;Kaszy gryczanej;Kaszy jaglanej
Kulinaria i Smaki;Tradycyjne Zupy Polskie;trudne;Jaką unikalną, polską zupę o niesamowitej gęstości, charakterystycznym, ciemnym kolorze i słodko-kwaśnym smaku tradycyjnie robi się z krwi kaczki?;Czerninę;Wodzionkę;Zupę nic;Zarzutkę
Kulinaria i Smaki;Tradycyjne Zupy Polskie;trudne;Z czego przygotowuje się tradycyjny chłodnik litewski?;Z botwiny i kefiru;Z ogórków;Z pomidorów;Z owoców
Kulinaria i Smaki;Tradycyjne Zupy Polskie;trudne;Z dodatkiem jakiego mocno fermentowanego napoju mlecznego robi się w Polsce klasyczny, orzeźwiający letni chłodnik po litewsku?;Z kefiru lub zsiadłego mleka;Z kwasu chlebowego;Z jasnego piwa rzemieślniczego;Z domowej serwatki owczej
Kulinaria i Smaki;Tradycyjne Zupy Polskie;trudne;Z jakiego głównego składnika przygotowuje się tradycyjną wielkopolską zupę zwaną ślepą rybą?;Z ziemniaków;Z karpia;Z pstrąga;Z kapusty
Kulinaria i Smaki;Tradycyjne Zupy Polskie;łatwe;Jaka kwaśna zupa, podawana z jajkiem i białą kiełbasą, króluje w Polsce na wielkanocnym stole?;Żurek;Barszcz czerwony;Ogórkowa;Pomidorowa
Kulinaria i Smaki;Tradycyjne Zupy Polskie;łatwe;Jaka zupa jest nazywana "królową polskich zup" i gotowana na wielu rodzajach mięs?;Rosół;Pomidorowa;Ogórkowa;Szczawiowa
Kulinaria i Smaki;Tradycyjne Zupy Polskie;łatwe;Jaka zupa jest przyrządzana z podrobów, krwi wieprzowej (lub drobiowej) i ma bardzo ciemny kolor?;Czernina (Czarna polewka);Żurek;Zalewajka;Krupnik
Kulinaria i Smaki;Tradycyjne Zupy Polskie;łatwe;Jaka zupa z buraków jest tradycyjnie podawana z uszkami w Wigilię?;Barszcz czerwony;Chłodnik;Botwinka;Zalewajka
Kulinaria i Smaki;Tradycyjne Zupy Polskie;łatwe;Jaką czerwoną zupę z uszkami tradycyjnie podaje się w Polsce podczas wieczerzy wigilijnej?;Barszcz czerwony;Rosół;Żurek;Pomidorową
Kulinaria i Smaki;Tradycyjne Zupy Polskie;łatwe;Na jakim drobiowym wywarze zazwyczaj przygotowuje się klasyczny, niedzielny, polski rosół?;Na kurze (lub kaczce) i wołowinie;Na rybach;Na wieprzowinie i kościach;Tylko i wyłącznie na warzywach
Kulinaria i Smaki;Tradycyjne Zupy Polskie;łatwe;Z jakich tartych i fermentowanych warzyw przygotowuje się najpopularniejszy polski barszcz?;Z buraków;Z kapusty;Z pomidorów;Ze szczawiu
Kulinaria i Smaki;Desery i Wypieki;łatwe;Jak nazywa się tradycyjne polskie ciasto drożdżowe jedzone szczególnie w tłusty czwartek, nadziewane różą lub konfiturą?;Pączek;Faworek;Sernik;Makowiec
Kulinaria i Smaki;Desery i Wypieki;trudne;Jak nazywa się austriackie ciasto czekoladowe z warstwą konfitury morelowej, uznawane za symbol Wiednia?;Tort Sachera;Strudel;Linzer Torte;Esterhazy
Kulinaria i Smaki;Desery i Wypieki;trudne;Jak nazywa się francuski deser z zapiekanym kremem i chrupiącą warstwą karmelizowanego cukru na wierzchu?;Crème brûlée;Crème caramel;Panna cotta;Mille-feuille
Kulinaria i Smaki;Desery i Wypieki;bardzo trudne;Jak nazywa się węgierski deser warstwowy z bezy, orzechów i kremu maślanego, nazwany na cześć XIX-wiecznego księcia?;Tort Esterhazy;Tort Sachera;Dobosz;Linzer Torte
Kulinaria i Smaki;Desery i Wypieki;bardzo trudne;Jak nazywa się francuski krem z jajek, cukru i mleka, będący bazą dla wielu deserów, m.in. lodów?;Crème anglaise;Crème pâtissière;Ganache;Chantilly
Kulinaria i Smaki;Kuchnia Amerykańska;łatwe;Jak nazywa się popularna amerykańska kanapka z mielonym mięsem wołowym w bułce?;Hamburger;Hot dog;Sandwich klubowy;Wrap
Kulinaria i Smaki;Kuchnia Amerykańska;trudne;Jak nazywa się tradycyjny amerykański deser z dyni, podawany zwykle na Święto Dziękczynienia?;Ciasto dyniowe;Ciasto jabłkowe;Cheesecake;Placek orzechowy
Kulinaria i Smaki;Kuchnia Amerykańska;trudne;Z jakiego regionu USA pochodzi tradycyjny styl grillowania i wędzenia mięsa zwany BBQ?;Południe USA;Nowy Jork;Kalifornia;Środkowy Zachód
Kulinaria i Smaki;Kuchnia Amerykańska;bardzo trudne;Jak nazywa się kreolska potrawa z Luizjany na bazie ryżu, z owocami morza lub kurczakiem i przyprawą Cajun?;Jambalaya;Gumbo;Etouffee;Po'boy
Kulinaria i Smaki;Kuchnia Amerykańska;bardzo trudne;Jak nazywa się tradycyjna zupa kreolska z Luizjany, zagęszczana roux i okrą, podawana z ryżem?;Gumbo;Jambalaya;Chowder;Bisque
Kulinaria i Smaki;Kuchnia Azjatycka;łatwe;Jak nazywa się japońska potrawa z surowej ryby i ryżu octowego?;Sushi;Sashimi;Tempura;Ramen
Kulinaria i Smaki;Kuchnia Azjatycka;trudne;Jak nazywa się ostra koreańska kiszona kapusta z przyprawami, podstawa kuchni koreańskiej?;Kimchi;Tsukemono;Miso;Kimbap
Kulinaria i Smaki;Kuchnia Azjatycka;trudne;Jak nazywa się tajska zupa na bazie mleka kokosowego i trawy cytrynowej?;Tom Kha;Tom Yum;Pad Thai;Massaman
Kulinaria i Smaki;Kuchnia Azjatycka;bardzo trudne;Jak nazywa się pleśń wykorzystywana do fermentacji soi przy produkcji miso i sosu sojowego?;Koji;Umami;Wasabi;Nori
Kulinaria i Smaki;Kuchnia Azjatycka;bardzo trudne;Jak nazywa się indonezyjska pasta na bazie sfermentowanych krewetek, używana jako baza wielu potraw Azji Południowo-Wschodniej?;Terasi;Sambal;Kecap manis;Nam pla
Kulinaria i Smaki;Kuchnia Polska Dawniej;łatwe;Jak nazywa się tradycyjna polska zupa na bazie zakwasu żytniego, podawana często z białą kiełbasą i jajkiem?;Żurek;Barszcz;Rosół;Krupnik
Kulinaria i Smaki;Kuchnia Polska Dawniej;trudne;Jak nazywa się staropolska zupa z kiszonej kapusty, popularna zwłaszcza w okresie postu?;Kapuśniak;Żurek;Barszcz;Chłodnik
Kulinaria i Smaki;Kuchnia Polska Dawniej;trudne;Jak nazywało się danie z gęsi faszerowanej kaszą, serwowane na dawnych ucztach szlacheckich z okazji świętego Marcina?;Gęś pieczona;Kaczka pieczona;Indyk pieczony;Prosię pieczone
Kulinaria i Smaki;Kuchnia Polska Dawniej;bardzo trudne;Jak nazywało się staropolskie danie z gotowanej wołowiny podawanej z sosem chrzanowym lub grzybowym, popularne na dworach szlacheckich?;Sztuka mięsa;Bigos staropolski;Polędwica sarnia;Comber barani
Kulinaria i Smaki;Kuchnia Polska Dawniej;bardzo trudne;Jak nazywa się rodzaj miodu pitnego, w którym stosunek miodu do wody wynosi 1:2, uznawany za najbardziej wytrawny?;Półtorak;Dwójniak;Trójniak;Czwórniak
Kulinaria i Smaki;Kuchnia Włoska;łatwe;Jak nazywa się włoski makaron w kształcie długich, cienkich nitek?;Spaghetti;Penne;Fusilli;Tagliatelle
Kulinaria i Smaki;Kuchnia Włoska;trudne;Jak nazywa się klasyczny włoski sos do makaronu na bazie jajek, boczku (guanciale) i sera pecorino, bez śmietany?;Carbonara;Bolognese;Amatriciana;Puttanesca
Kulinaria i Smaki;Kuchnia Włoska;trudne;Z jakiego regionu Włoch pochodzi pizza neapolitańska?;Kampania;Lacjum;Toskania;Sycylia
Kulinaria i Smaki;Kuchnia Włoska;bardzo trudne;Jak nazywa się sycylijski deser lodowy na bazie mrożonego espresso i cukru, czasem z bitą śmietaną?;Granita;Sorbet;Gelato;Semifreddo
Kulinaria i Smaki;Kuchnia Włoska;bardzo trudne;Jak nazywa się region Włoch słynący z produkcji sera Parmigiano Reggiano i szynki Parma?;Emilia-Romania;Toskania;Piemont;Lombardia
Kulinaria i Smaki;Mięsa i Wędliny;łatwe;Jak nazywa się tradycyjna polska wędlina z krwi i kaszy, jedzona na zimno lub smażona?;Kaszanka;Kiełbasa;Salceson;Boczek
Kulinaria i Smaki;Mięsa i Wędliny;trudne;Jak nazywa się hiszpańska wędzona szynka dojrzewająca, jeden z najbardziej luksusowych produktów mięsnych świata?;Jamón ibérico;Prosciutto;Speck;Salami
Kulinaria i Smaki;Mięsa i Wędliny;trudne;Jak nazywa się włoska surowa wędlina wieprzowa, cienko krojona, popularna jako przystawka?;Prosciutto;Salami;Pancetta;Bresaola
Kulinaria i Smaki;Mięsa i Wędliny;bardzo trudne;Jak nazywa się francuska specjalność pasztetowa z wątróbek tuczonych gęsi lub kaczki?;Foie gras;Pate de campagne;Rillettes;Confit
Kulinaria i Smaki;Mięsa i Wędliny;bardzo trudne;Jak nazywa się szwajcarska suszona wołowina, cienko krojona, specjalność regionu Gryzonia?;Bündnerfleisch;Bresaola;Pastrami;Biltong
Kulinaria i Smaki;Napoje i Alkohole;łatwe;Jak nazywa się tradycyjny polski napój alkoholowy destylowany ze zboża lub ziemniaków?;Wódka;Piwo;Wino;Miód pitny
Kulinaria i Smaki;Napoje i Alkohole;trudne;Z jakiego kraju pochodzi whisky szkocka (Scotch)?;Szkocja;Irlandia;USA;Kanada
Kulinaria i Smaki;Napoje i Alkohole;trudne;Jak nazywa się meksykański alkohol destylowany z niebieskiej agawy?;Tequila;Mezcal;Rum;Pisco
Kulinaria i Smaki;Napoje i Alkohole;bardzo trudne;Jak nazywa się francuska metoda produkcji win musujących z drugą fermentacją w butelce, stosowana m.in. w Szampanii?;Metoda tradycyjna;Metoda Charmata;Metoda Solera;Metoda Ancestrale
Kulinaria i Smaki;Napoje i Alkohole;bardzo trudne;Jak nazywa się hiszpański system dojrzewania sherry, polegający na mieszaniu wina z różnych roczników w piętrowo ułożonych beczkach?;System Solera;Metoda Charmata;Metoda tradycyjna;Fermentacja malolaktyczna
Kulinaria i Smaki;Owoce i Warzywa;łatwe;Jakie warzywo jest głównym składnikiem tradycyjnego polskiego barszczu czerwonego?;Burak;Marchew;Ziemniak;Kapusta
Kulinaria i Smaki;Owoce i Warzywa;trudne;Jak nazywa się odmiana pomarańczy o czerwonym miąższu, popularna na Sycylii?;Pomarańcza krwista;Pomelo;Mandarynka;Klementynka
Kulinaria i Smaki;Owoce i Warzywa;trudne;Jak nazywa się warzywo strączkowe będące głównym składnikiem hummusu?;Ciecierzyca;Soczewica;Fasola;Groch
Kulinaria i Smaki;Owoce i Warzywa;bardzo trudne;Jak nazywa się najcenniejsza odmiana trufli, zbierana głównie w regionie Piemontu we Włoszech?;Trufla biała;Trufla czarna (Périgord);Trufla letnia;Trufla burgundzka
Kulinaria i Smaki;Owoce i Warzywa;bardzo trudne;Jak nazywa się włoska odmiana kalafiora o fraktalnym, spiralnym kształcie i jasnozielonym kolorze?;Romanesco;Broccolini;Kalabrese;Cymes
Kulinaria i Smaki;Pierogi i Dania Mączne;łatwe;Jakie nadzienie mają najpopularniejsze polskie pierogi, nazywane "ruskimi"?;Ziemniaki z serem i cebulą;Mięso;Kapusta z grzybami;Owoce
Kulinaria i Smaki;Pierogi i Dania Mączne;trudne;Jak nazywają się małe, gotowane kluseczki z ciasta parzonego, popularne w kuchni śląskiej, podawane z sosem?;Kluski śląskie;Kopytka;Knedle;Pyzy
Kulinaria i Smaki;Pierogi i Dania Mączne;trudne;Jak nazywa się włoski odpowiednik pierogów, nadziewany serem lub mięsem, w kształcie małych kopert lub kwadratów?;Ravioli;Tortellini;Gnocchi;Cannelloni
Kulinaria i Smaki;Pierogi i Dania Mączne;bardzo trudne;Jak nazywają się rosyjskie pierożki z mięsem, mniejsze od polskich pierogów, tradycyjnie lepione w dużych ilościach na zapas?;Pielmieni;Wareniki;Chinkali;Manty
Kulinaria i Smaki;Pierogi i Dania Mączne;bardzo trudne;Jak nazywają się gruzińskie pierożki z mięsem i bulionem w środku, jedzone bez sztućców, trzymane za charakterystyczny "ogonek" z ciasta?;Chinkali;Manty;Pielmieni;Momo
Kulinaria i Smaki;Przyprawy Świata;łatwe;Jak nazywa się popularna czerwona przyprawa uzyskiwana z suszonej i zmielonej papryki, charakterystyczna dla kuchni węgierskiej?;Papryka słodka;Chili;Pieprz cayenne;Kurkuma
Kulinaria i Smaki;Przyprawy Świata;trudne;Jak nazywa się droga przyprawa uzyskiwana z suszonych znamion krokusa uprawnego, uznawana za najdroższą przyprawę świata?;Szafran;Kurkuma;Kardamon;Wanilia
Kulinaria i Smaki;Przyprawy Świata;trudne;Jak nazywa się indyjska mieszanka przyprawowa, której nazwa dosłownie oznacza "gorącą mieszankę"?;Garam masala;Curry;Tandoori masala;Chaat masala
Kulinaria i Smaki;Przyprawy Świata;bardzo trudne;Jak nazywa się rzadka przyprawa uzyskiwana z osłonki nasiennej gałki muszkatołowej?;Kwiat muszkatołowy;Cynamon;Goździki;Anyż
Kulinaria i Smaki;Przyprawy Świata;bardzo trudne;Jak nazywa się etiopska mieszanka przypraw na bazie chili, używana m.in. do potrawy zwanej doro wat?;Berbere;Ras el hanout;Za'atar;Dukkah
Kulinaria i Smaki;Ryby i Owoce Morza;łatwe;Jak nazywa się popularna ryba wędzona, symbol kuchni bałtyckiej i skandynawskiej?;Łosoś;Dorsz;Śledź;Makrela
Kulinaria i Smaki;Ryby i Owoce Morza;trudne;Jak nazywa się japońska potrawa z rozdętej ryby zawierającej silnie trującą tetrodotoksynę, przygotowywana wyłącznie przez licencjonowanych kucharzy?;Fugu;Unagi;Uni;Ikura
Kulinaria i Smaki;Ryby i Owoce Morza;trudne;Jak nazywa się skorupiak morski będący główną atrakcją kuchni bretońskiej, znany z dużych szczypiec?;Homar;Krab;Krewetka;Langusta
Kulinaria i Smaki;Ryby i Owoce Morza;bardzo trudne;Jak nazywa się czarny kawior pozyskiwany z jesiotra bieługi, uznawany za jeden z najdroższych produktów spożywczych świata?;Kawior bieługa;Kawior osietra;Kawior sewruga;Kawior z pstrąga
Kulinaria i Smaki;Ryby i Owoce Morza;bardzo trudne;Jak nazywa się solony i suszony dorsz, podstawowy składnik kuchni portugalskiej i hiszpańskiej?;Bacalao;Surimi;Lutefisk;Stockfish
Kulinaria i Smaki;Sery i Nabiał;łatwe;Jak nazywa się popularny włoski ser miękki, składnik pizzy margherity?;Mozzarella;Parmezan;Gorgonzola;Ricotta
Kulinaria i Smaki;Sery i Nabiał;trudne;Jak nazywa się francuski ser pleśniowy o intensywnym zapachu, produkowany z mleka owczego w regionie Roquefort?;Roquefort;Camembert;Brie;Gorgonzola
Kulinaria i Smaki;Sery i Nabiał;trudne;Jak nazywa się grecki ser solankowy z mleka owczego lub koziego, podstawa sałatki greckiej?;Feta;Halloumi;Kefalotyri;Manouri
Kulinaria i Smaki;Sery i Nabiał;bardzo trudne;Jak nazywa się włoski ser twardy, którego autentyczna odmiana produkowana jest tylko w kilku prowincjach Emilii-Romanii, chroniona nazwą pochodzenia?;Parmigiano Reggiano;Grana Padano;Pecorino Romano;Asiago
Kulinaria i Smaki;Sery i Nabiał;bardzo trudne;Jak nazywa się francuski ser z niepasteryzowanego mleka krowiego, uznawany za jeden z najbardziej cuchnących serów świata, produkowany w regionie Nord-Pas-de-Calais?;Maroilles;Époisses;Munster;Livarot
Kulinaria i Smaki;Street Food i Fast Food;łatwe;Jak nazywa się turecka przekąska z mięsem pieczonym na pionowym rożnie, podawana w picie?;Kebab;Falafel;Shawarma;Gyros
Kulinaria i Smaki;Street Food i Fast Food;trudne;Jak nazywa się belgijska przekąska ze smażonych ziemniaków, podawana zwykle z majonezem, uznawana za wynalazek Belgii, a nie Francji?;Frytki belgijskie;Chipsy;Wedges;Rösti
Kulinaria i Smaki;Street Food i Fast Food;trudne;Jak nazywa się meksykańska przekąska z tortilli kukurydzianej zwiniętej i nadziewanej mięsem, smażona na głębokim tłuszczu?;Taquito;Burrito;Quesadilla;Enchilada
Kulinaria i Smaki;Street Food i Fast Food;bardzo trudne;Jak nazywa się wietnamska kanapka typu street food na bazie bagietki z pasztetem, warzywami i kolendrą, powstała pod wpływem kuchni francuskiej?;Banh mi;Bun cha;Pho;Goi cuon
Kulinaria i Smaki;Street Food i Fast Food;bardzo trudne;Jak nazywa się singapurska potrawa street food z makaronu ryżowego smażonego z owocami morza i kiełbasą chińską, podawana zwykle nocą na straganach?;Char kway teow;Laksa;Nasi lemak;Rojak
Kulinaria i Smaki;Słodycze i Przekąski;łatwe;Jak nazywa się popularna czekoladowo-orzechowa pasta do smarowania pieczywa?;Nutella;Marmite;Dulce de leche;Tahini
Kulinaria i Smaki;Słodycze i Przekąski;trudne;Jak nazywa się szwajcarska/belgijska specjalność czekoladowa w kształcie muszelki, zwykle z nadzieniem?;Praliny;Trufle czekoladowe;Bombonierka;Marcepan
Kulinaria i Smaki;Słodycze i Przekąski;trudne;Jak nazywa się tradycyjna turecka słodycz na bazie syropu, orzechów i cienkiego ciasta filo, popularna na Bałkanach?;Baklava;Lokum;Halva;Kadayif
Kulinaria i Smaki;Słodycze i Przekąski;bardzo trudne;Jak nazywa się włoska pasta z prażonych orzechów laskowych i czekolady, będąca bazą Nutelli?;Gianduja;Marcepan;Praliné;Ganache
Kulinaria i Smaki;Słodycze i Przekąski;bardzo trudne;Jak nazywa się bliskowschodnia słodka pasta z prażonego sezamu, składnik m.in. chałwy i hummusu?;Tahini;Halva;Baba ghanoush;Za'atar
Kulinaria i Smaki;Słynni Szefowie Kuchni;łatwe;Jak nazywa się brytyjski szef kuchni znany z programów telewizyjnych, m.in. "Piekielna kuchnia"?;Gordon Ramsay;Jamie Oliver;Nigella Lawson;Heston Blumenthal
Kulinaria i Smaki;Słynni Szefowie Kuchni;trudne;Jak nazywa się francuski szef kuchni, twórca koncepcji "nouvelle cuisine", uznawany za jednego z ojców nowoczesnej gastronomii?;Paul Bocuse;Auguste Escoffier;Alain Ducasse;Joël Robuchon
Kulinaria i Smaki;Słynni Szefowie Kuchni;trudne;Jak nazywa się polska szefowa kuchni i osobowość telewizyjna, prowadząca program "Kuchenne rewolucje" w Polsce?;Magda Gessler;Robert Sowa;Mateusz Gessler;Wojciech Modest Amaro
Kulinaria i Smaki;Słynni Szefowie Kuchni;bardzo trudne;Jak nazywa się francuski szef kuchni z przełomu XIX i XX wieku, autor "Le Guide Culinaire", uznawany za twórcę nowoczesnej kuchni klasycznej?;Auguste Escoffier;Paul Bocuse;Marie-Antoine Carême;Fernand Point
Kulinaria i Smaki;Słynni Szefowie Kuchni;bardzo trudne;Jak nazywa się hiszpański szef kuchni z restauracji El Bulli, pionier kuchni molekularnej?;Ferran Adrià;José Andrés;Juan Mari Arzak;Joan Roca
Kulinaria i Smaki;Tradycyjne Zupy Polskie;łatwe;Jak nazywa się tradycyjna polska zupa na bazie buraków, podawana na czerwono, często z uszkami?;Barszcz czerwony;Żurek;Rosół;Chłodnik
Kulinaria i Smaki;Tradycyjne Zupy Polskie;trudne;Jak nazywa się gęsta polska zupa z podrobów wołowych, tradycyjnie serwowana z majerankiem?;Flaki;Pomidorowa;Grochówka;Kapuśniak
Kulinaria i Smaki;Tradycyjne Zupy Polskie;trudne;Jak nazywa się zimna zupa na bazie botwinki i kefiru lub maślanki, popularna latem?;Chłodnik;Żurek;Barszcz biały;Zupa ogórkowa
Kulinaria i Smaki;Tradycyjne Zupy Polskie;bardzo trudne;Jak nazywa się tradycyjna zupa wigilijna z suszonych owoców, popularna zwłaszcza na Śląsku i w Wielkopolsce?;Zupa z suszu;Kompot wigilijny;Zupa migdałowa;Zupa grzybowa
Kulinaria i Smaki;Tradycyjne Zupy Polskie;bardzo trudne;Jak nazywa się staropolska zupa piwna, zagęszczana żółtkiem i śmietaną, popularna od średniowiecza do XIX wieku?;Polewka piwna;Żurek piwny;Polewka chlebowa;Kwaśnica
Kulinaria i Smaki;Desery i Wypieki;łatwe;Jak nazywa się tradycyjne włoskie ciasto warstwowe z biszkoptów nasączonych kawą i kremu mascarpone?;Tiramisu;Panna cotta;Cannoli;Zabaglione
Kulinaria i Smaki;Desery i Wypieki;trudne;Jak nazywa się francuski deser z ciasta francuskiego przełożonego kremem, znany też jako "napoleonka"?;Mille-feuille;Éclair;Choux à la crème;Paris-Brest
Kulinaria i Smaki;Desery i Wypieki;trudne;Jak nazywa się austriackie ciasto drożdżowe z nadzieniem makowym lub twarogowym, kręcone w spiralę?;Strudel;Kołacz;Makowiec;Sernik
Kulinaria i Smaki;Desery i Wypieki;bardzo trudne;Jak nazywa się klasyczny francuski deser na bazie ubitych białek i cukru, chrupiący na zewnątrz i miękki w środku?;Beza;Suflet;Nugat;Marcepan
Kulinaria i Smaki;Desery i Wypieki;bardzo trudne;Jak nazywa się hiszpański deser na bazie mleka, jajek i karmelu, podobny do budyniu?;Flan;Crème brûlée;Panna cotta;Natillas
Kulinaria i Smaki;Kuchnia Amerykańska;łatwe;Jak nazywa się popularna amerykańska przekąska z prażonej kukurydzy, spożywana zwykle w kinie?;Popcorn;Nachos;Precle;Chipsy
Kulinaria i Smaki;Kuchnia Amerykańska;trudne;Jak nazywa się tradycyjne amerykańskie danie z żeberek lub mostka wołowego, długo wędzonych w niskiej temperaturze?;BBQ;Grillowanie;Smażenie;Pieczenie
Kulinaria i Smaki;Kuchnia Amerykańska;trudne;Jak nazywa się typowo amerykańska kanapka z indykiem, bekonem, sałatą i pomidorem?;Kanapka klubowa;Reuben;Po'boy;BLT
Kulinaria i Smaki;Kuchnia Amerykańska;bardzo trudne;Jak nazywa się regionalna odmiana amerykańskiego BBQ z Karoliny Południowej, oparta na sosie musztardowym?;Carolina Gold BBQ;Kansas City BBQ;Texas BBQ;Memphis BBQ
Kulinaria i Smaki;Kuchnia Amerykańska;bardzo trudne;Jak nazywa się tradycyjne danie kreolskie z Luizjany na bazie ryżu i krewetek z przyprawą Old Bay?;Jambalaya;Gumbo;Etouffee;Po'boy
Kulinaria i Smaki;Kuchnia Azjatycka;łatwe;Jak nazywa się chińska metoda gotowania w wysokiej temperaturze na dużym ogniu, krótko mieszając składniki na woku?;Stir-fry;Gotowanie na parze;Duszenie;Grillowanie
Kulinaria i Smaki;Kuchnia Azjatycka;trudne;Jak nazywa się japońska zupa na bazie bulionu miso, tofu i wodorostów, podstawa śniadania w Japonii?;Zupa miso;Ramen;Udon;Dashi
Kulinaria i Smaki;Kuchnia Azjatycka;trudne;Jak nazywa się wietnamska zupa z makaronem ryżowym i wołowiną lub kurczakiem, podstawowe danie kuchni wietnamskiej?;Pho;Bun cha;Banh mi;Goi cuon
Kulinaria i Smaki;Kuchnia Azjatycka;bardzo trudne;Jak nazywa się koreańskie danie z ryżu, warzyw, mięsa i jajka sadzonego, podawane w gorącym kamiennym naczyniu?;Bibimbap;Bulgogi;Japchae;Kimbap
Kulinaria i Smaki;Kuchnia Azjatycka;bardzo trudne;Jak nazywa się japońska technika smażenia w głębokim, gorącym oleju, popularna dla krewetek i warzyw w cienkim cieście?;Tempura;Tonkatsu;Karaage;Yakitori
Kulinaria i Smaki;Kuchnia Polska Dawniej;łatwe;Jak nazywa się tradycyjne polskie danie z kiszonej kapusty i różnych rodzajów mięs, duszone długo?;Bigos;Gołąbki;Flaki;Żurek
Kulinaria i Smaki;Kuchnia Polska Dawniej;trudne;Jak nazywa się staropolska potrawa z gęsiny, popularna na Śląsku, przygotowywana szczególnie na świętego Marcina?;Gęś na świętego Marcina;Kaczka po polsku;Prosię pieczone;Indyk faszerowany
Kulinaria i Smaki;Kuchnia Polska Dawniej;trudne;Jak nazywa się tradycyjny polski chleb żytni na zakwasie, wypiekany dawniej w piecach chlebowych?;Chleb żytni razowy;Chleb pszenny;Bułka paryska;Chałka
Kulinaria i Smaki;Kuchnia Polska Dawniej;bardzo trudne;Jak nazywała się staropolska potrawa z krwi, kaszy i podrobów wypełniana w jelito, poprzedniczka współczesnej kaszanki?;Kiszka;Salceson;Pipek;Wątrobianka
Kulinaria i Smaki;Kuchnia Polska Dawniej;bardzo trudne;Jak nazywa się staropolski napój alkoholowy na bazie sfermentowanego żytniego zakwasu, poprzednik dzisiejszej wódki żytniej?;Gorzałka żytnia;Miód pitny;Piwo grodziskie;Nalewka wiśniowa
Kulinaria i Smaki;Kuchnia Włoska;łatwe;Jak nazywa się włoski makaron w kształcie małych kokardek?;Farfalle;Penne;Fusilli;Conchiglie
Kulinaria i Smaki;Kuchnia Włoska;trudne;Jak nazywa się klasyczny włoski sos pomidorowy z bazylią i oliwą, prosty i szybki w przygotowaniu?;Sugo al pomodoro;Pesto;Arrabbiata;Puttanesca
Kulinaria i Smaki;Kuchnia Włoska;trudne;Jak nazywa się genueński sos na bazie bazylii, orzeszków piniowych, czosnku i sera pecorino?;Pesto;Sugo;Arrabbiata;Carbonara
Kulinaria i Smaki;Kuchnia Włoska;bardzo trudne;Jak nazywa się włoski ser miękki z mleka bawolego, tradycyjnie z regionu Kampania, używany do pizzy margherity?;Mozzarella di bufala;Ricotta;Burrata;Provolone
Kulinaria i Smaki;Kuchnia Włoska;bardzo trudne;Jak nazywa się włoski deser lodowy o gęstszej, bardziej kremowej konsystencji niż zwykłe lody?;Gelato;Sorbet;Granita;Semifreddo
Kulinaria i Smaki;Mięsa i Wędliny;łatwe;Jak nazywa się popularna polska wędzona kiełbasa, ceniona też za granicą?;Kiełbasa krakowska;Salami;Chorizo;Mortadela
Kulinaria i Smaki;Mięsa i Wędliny;trudne;Jak nazywa się hiszpańska pikantna kiełbasa z papryki, popularna jako tapas?;Chorizo;Salami;Kiełbasa krakowska;Mortadela
Kulinaria i Smaki;Mięsa i Wędliny;trudne;Jak nazywa się włoska wędlina z suszonej i solonej wieprzowej policzki, używana m.in. do sosu carbonara?;Guanciale;Pancetta;Prosciutto;Speck
Kulinaria i Smaki;Mięsa i Wędliny;bardzo trudne;Jak nazywa się francuska pasztetowa specjalność z regionu Alzacji, zapiekana w cieście, tradycyjnie z gęsią wątróbką w środku?;Pâté en croûte;Foie gras;Rillettes;Terrine
Kulinaria i Smaki;Mięsa i Wędliny;bardzo trudne;Jak nazywa się hiszpańska szynka z czarnej świni iberyjskiej, karmionej żołędziami, najwyższej jakości?;Jamón ibérico de bellota;Jamón serrano;Prosciutto di Parma;Speck Alto Adige
Kulinaria i Smaki;Napoje i Alkohole;łatwe;Jak nazywa się francuskie wino musujące produkowane wyłącznie w regionie Szampanii?;Szampan;Prosecco;Cava;Crémant
Kulinaria i Smaki;Napoje i Alkohole;trudne;Jak nazywa się japoński alkohol na bazie sfermentowanego ryżu, tradycyjnie podawany na ciepło lub zimno?;Sake;Shochu;Soju;Umeshu
Kulinaria i Smaki;Napoje i Alkohole;trudne;Jak nazywa się szkocki likier na bazie whisky, miodu i ziół, tradycyjnie podawany jako digestif?;Drambuie;Glayva;Irish Mist;Baileys
Kulinaria i Smaki;Napoje i Alkohole;bardzo trudne;Jak nazywa się meksykański destylat z niebieskiej agawy, produkowany wyłącznie w regionie wokół miasta Tequila?;Tequila;Mezcal;Pulque;Sotol
Kulinaria i Smaki;Napoje i Alkohole;bardzo trudne;Jak nazywa się proces dojrzewania whisky szkockiej w beczkach po sherry lub bourbonie, kluczowy dla jej smaku?;Maturacja w beczce;Destylacja frakcyjna;Filtracja na zimno;Blending
Kulinaria i Smaki;Owoce i Warzywa;łatwe;Jakie warzywo jest głównym składnikiem tradycyjnych polskich pierogów ruskich obok sera?;Ziemniak;Kapusta;Marchew;Cebula
Kulinaria i Smaki;Owoce i Warzywa;trudne;Jak nazywa się owoc tropikalny o kolczastej skórce i intensywnym, kontrowersyjnym zapachu, popularny w Azji Południowo-Wschodniej?;Durian;Rambutan;Mangostan;Longan
Kulinaria i Smaki;Owoce i Warzywa;trudne;Jak nazywa się warzywo będące podstawą francuskiego sosu vichyssoise, o łagodnym, cebulowym smaku?;Por;Cebula;Czosnek;Szalotka
Kulinaria i Smaki;Owoce i Warzywa;bardzo trudne;Jak nazywa się rzadka odmiana pomidora o ciemnym, fioletowo-brązowym zabarwieniu, ceniona przez szefów kuchni za intensywny smak?;Cherokee Purple;Pomidor Roma;Pomidor Malinowy;Pomidor San Marzano
Kulinaria i Smaki;Owoce i Warzywa;bardzo trudne;Jak nazywa się owoc cytrusowy będący krzyżówką pomarańczy i mandarynki, popularny w Japonii pod nazwą odmiany Dekopon?;Tangor;Kumkwat;Yuzu;Sudachi
Kulinaria i Smaki;Pierogi i Dania Mączne;łatwe;Jakim nadzieniem najczęściej wypełnia się pierogi na słodko, popularne latem?;Owoce;Mięso;Kapusta z grzybami;Ser żółty
Kulinaria i Smaki;Pierogi i Dania Mączne;trudne;Jak nazywają się małe kluseczki ziemniaczane, popularne w kuchni polskiej, podawane z okrasą lub jako dodatek do zup?;Kopytka;Kluski śląskie;Pyzy;Knedle
Kulinaria i Smaki;Pierogi i Dania Mączne;trudne;Jak nazywają się duże, nadziewane mięsem lub owocami kluski gotowane w wodzie, popularne w kuchni czeskiej i polskiej?;Knedle;Kopytka;Pyzy;Kluski śląskie
Kulinaria i Smaki;Pierogi i Dania Mączne;bardzo trudne;Jak nazywają się chińskie pierożki gotowane na parze, popularne jako danie typu dim sum, zwykle z bulionem w środku?;Xiaolongbao;Jiaozi;Wonton;Baozi
Kulinaria i Smaki;Pierogi i Dania Mączne;bardzo trudne;Jak nazywają się żydowskie pierożki z mąki macowej, tradycyjnie podawane w rosole podczas Pesach?;Kneidlach;Kreplach;Blintzes;Latkes
