Literatura i Język;Eposy i Dramaty;trudne;Ile ksiąg liczy 'Iliada' Homera?;24;12;36;48
Literatura i Język;Eposy i Dramaty;trudne;Jak ma na imię bohater narodowego eposu "Pan Tadeusz", który w młodości zabił Stolnika Horeszkę i przybrał imię księdza Robaka?;Jacek Soplica;Maciej Dobrzyński;Gerwazy Rębajło;Protazy Brzechalski
Literatura i Język;Eposy i Dramaty;trudne;Jak ma na imię główny bohater "Pana Tadeusza", który przybrał nazwisko Robak?;Jacek Soplica;Tadeusz Soplica;Sędzia Soplica;Gerwazy
Literatura i Język;Eposy i Dramaty;trudne;Jak ma na imię tytułowy bohater dramatu "Kordian" Juliusza Słowackiego?;Kordian;Konrad;Gustaw;Roland
Literatura i Język;Eposy i Dramaty;trudne;Kto jest wybitnym autorem dramatu romantycznego "Nie-Boska komedia", którego głównym bohaterem jest Hrabia Henryk?;Zygmunt Krasiński;Juliusz Słowacki;Adam Mickiewicz;Cyprian Kamil Norwid
Literatura i Język;Eposy i Dramaty;trudne;Kto napisał dramat "Nie-Boska komedia"?;Zygmunt Krasiński;Juliusz Słowacki;Adam Mickiewicz;Stanisław Wyspiański
Literatura i Język;Eposy i Dramaty;trudne;W jakiej historycznej pieśni z francuskiego średniowiecza (tzw. chanson de geste) opiewa się czyny rycerza, który zginął w wąwozie Roncevaux?;Pieśń o Rolandzie;Pieśń o Nibelungach;Słowo o wyprawie Igora;Beowulf
Literatura i Język;Eposy i Dramaty;trudne;W jakiej starofrancuskiej pieśni opiewa się czyny rycerza poległego w wąwozie Roncevaux?;Pieśń o Rolandzie;Pieśń o Nibelungach;Beowulf;Słowo o wyprawie Igora
Literatura i Język;Eposy i Dramaty;łatwe;Jak nazywa się największy rzymski epos, którego autorem jest Wergiliusz?;Eneida;Odyseja;Metamorfozy;Sztuka kochania
Literatura i Język;Eposy i Dramaty;łatwe;Jak nazywa się słynny dramat Williama Szekspira o parze nieszczęśliwych kochanków z Werony?;Romeo i Julia;Hamlet;Makbet;Otello
Literatura i Język;Eposy i Dramaty;łatwe;Kto jest autorem narodowego eposu "Pan Tadeusz"?;Adam Mickiewicz;Juliusz Słowacki;Cyprian Kamil Norwid;Henryk Sienkiewicz
Literatura i Język;Eposy i Dramaty;łatwe;Kto jest autorem polskiej epopei narodowej "Pan Tadeusz"?;Adam Mickiewicz;Juliusz Słowacki;Henryk Sienkiewicz;Bolesław Prus
Literatura i Język;Eposy i Dramaty;łatwe;Kto z antycznych twórców jest uważany za autora wielkiego eposu pt. 'Iliada'?;Homer;Sofokles;Arystoteles;Owidiusz
Literatura i Język;Eposy i Dramaty;łatwe;Która znana tragedia romantyczna Juliusza Słowackiego opowiada o spisku na życie cara?;Kordian;Balladyna;Lilla Weneda;Mazepa
Literatura i Język;Eposy i Dramaty;łatwe;W jakim dramacie Stanisława Wyspiańskiego akcja toczy się podczas chłopskiego wesela?;W 'Weselu';W 'Nocy listopadowej';W 'Wyzwoleniu';W 'Klątwie'
Literatura i Język;Eposy i Dramaty;łatwe;Z ilu głównych części (aktów literackich) składają się mickiewiczowskie 'Dziady'?;Z czterech (II, III, IV i fragmenty I);Z trzech (I, II, III);Z dwóch (Tylko cz. II i III);Z pięciu
Literatura i Język;Fantasy i Sci-Fi;trudne;Jak nazywa się planeta, na której toczy się akcja cyklu "Diuna" Franka Herberta?;Arrakis;Caladan;Giedi Prime;Kaitain
Literatura i Język;Fantasy i Sci-Fi;trudne;Jak nazywa się planeta, na której toczy się główna akcja powieści "Diuna" Franka Herberta?;Arrakis;Tatooine;Krypton;Pandora
Literatura i Język;Fantasy i Sci-Fi;trudne;Jak nazywa się potężna, brytyjska seria powieści fantasy, której akcja toczy się na kontynencie o nazwie Świat Dysku?;Świat Dysku (Terry Pratchett);Ziemiomorze (Ursula K. Le Guin);Mroczna Wieża (Stephen King);Koło Czasu (Robert Jordan)
Literatura i Język;Fantasy i Sci-Fi;trudne;Jak nazywa się potężny pierścień z sagi Tolkiena, wykuty w Górze Przeznaczenia?;Jedyny Pierścień;Pierścień Naryi;Pierścień Vilyi;Pierścień Barahira
Literatura i Język;Fantasy i Sci-Fi;trudne;Jaką nazwę nosi potężny pierścień – główny artefakt w powieściach Tolkiena, wykuty w tajemnicy w ogniu Góry Przeznaczenia?;Jedyny Pierścień;Pierścień Naryi;Pierścień Vilyi;Pierścień Nanyi
Literatura i Język;Fantasy i Sci-Fi;trudne;Kto jest autorem cyklu powieści science fiction 'Fundacja', opublikowanego po raz pierwszy w latach 1951–1953?;Isaac Asimov;Arthur C. Clarke;Ray Bradbury;Philip K. Dick
Literatura i Język;Fantasy i Sci-Fi;trudne;Kto jest autorem wizjonerskiej powieści "Solaris"?;Stanisław Lem;Jacek Dukaj;Andrzej Sapkowski;Janusz Zajdel
Literatura i Język;Fantasy i Sci-Fi;trudne;Kto jest genialnym autorem wizjonerskich, polskich powieści science-fiction takich jak "Solaris" czy "Cyberiada"?;Stanisław Lem;Jacek Dukaj;Andrzej Sapkowski;Janusz A. Zajdel
Literatura i Język;Fantasy i Sci-Fi;łatwe;Jak ma na imię bohater, który uczył się w szkole magii i czarodziejstwa Hogwart?;Harry Potter;Percy Jackson;Frodo Baggins;Jon Snow
Literatura i Język;Fantasy i Sci-Fi;łatwe;Jak nazywa się młody czarodziej, bohater serii książek J.K. Rowling?;Harry Potter;Percy Jackson;Eragon;Frodo Baggins
Literatura i Język;Fantasy i Sci-Fi;łatwe;Jak nazywał się magiczny świat stworzony w książkach J.R.R. Tolkiena?;Śródziemie;Narnia;Hogwart;Westeros
Literatura i Język;Fantasy i Sci-Fi;łatwe;Kto jest autorem 'Dzienników gwiazdowych' i stwórcą postaci Ijona Tichego?;Stanisław Lem;Jacek Dukaj;Janusz Zajdel;Szczepan Twardoch
Literatura i Język;Fantasy i Sci-Fi;łatwe;Kto napisał przełomową powieść science fiction 'Diuna' z 1965 roku?;Frank Herbert;Isaac Asimov;Philip K. Dick;Arthur C. Clarke
Literatura i Język;Fantasy i Sci-Fi;łatwe;Kto napisał serię książek o przygodach młodego czarodzieja, Harry'ego Pottera?;J.K. Rowling;J.R.R. Tolkien;C.S. Lewis;George R.R. Martin
Literatura i Język;Fantasy i Sci-Fi;łatwe;Kto stworzył świat Śródziemia i napisał "Władcę Pierścieni"?;J.R.R. Tolkien;C.S. Lewis;J.K. Rowling;George R.R. Martin
Literatura i Język;Fantasy i Sci-Fi;łatwe;Który polski autor napisał kultową sagę o Wiedźminie Geralcie z Rivii?;Andrzej Sapkowski;Jacek Dukaj;Stanisław Lem;Jarosław Grzędowicz
Literatura i Język;Gramatyka i Ortografia;trudne;Ile liter liczy polski alfabet (wraz ze wszystkimi literami ze znakami diakrytycznymi)?;32;26;28;35
Literatura i Język;Gramatyka i Ortografia;trudne;Jak brzmi nazwa nastroju (trybu) czasownika, który służy do wyrażania warunku i najczęściej zawiera cząstkę "by" (np. zrobiłbym)?;Tryb przypuszczający;Tryb orzekający;Tryb rozkazujący;Tryb oznajmujący
Literatura i Język;Gramatyka i Ortografia;trudne;Jaka część mowy, która jest absolutnie nieodmienna, służy najczęściej do łączenia zdań lub poszczególnych wyrazów (np. i, oraz, ponieważ)?;Spójnik;Przyimek;Zaimki;Wykrzynik
Literatura i Język;Gramatyka i Ortografia;trudne;Który z wymienionych wyrazów jest napisany poprawnie zgodnie z zasadami polskiej ortografii?;Gżegżółka;Grzegrzółka;Gżegrzółka;Grzegżółka
Literatura i Język;Gramatyka i Ortografia;trudne;Wskaż poprawną pisownię trudnego wyrazu określającego kogoś ponurego i milczącego:;Mrukliwy;Mrużliwy;Mrugliwy;Mrógliwy
Literatura i Język;Gramatyka i Ortografia;łatwe;Jak nazywa się część mowy, która odpowiada na pytania: jaki? jaka? jakie?;Przymiotnik;Rzeczownik;Czasownik;Przysłówek
Literatura i Język;Gramatyka i Ortografia;łatwe;Jak nazywają się wyrazy o znaczeniu przeciwstawnym (np. biały - czarny)?;Antonimy;Synonimy;Homonimy;Neologizmy
Literatura i Język;Gramatyka i Ortografia;łatwe;Kto, co, jaki, który, gdzie, kiedy – to zaimki...;Pytające;Wskazujące;Dzierżawcze;Osobowe
Literatura i Język;Gramatyka i Ortografia;łatwe;Która część mowy odmienia się przez przypadki i odpowiada na pytania: kto? co?;Rzeczownik;Czasownik;Przymiotnik;Przysłówek
Literatura i Język;Gramatyka i Ortografia;łatwe;Które z poniższych słów jest poprawnie zapisane ortograficznie?;Rzeżucha;Rzerzucha;Żeżucha;Żerzucha
Literatura i Język;Gramatyka i Ortografia;łatwe;Na jakie pytania odpowiada przypadek zwany Dopełniaczem?;kogo? czego? (nie ma);kogo? co? (widzę);komu? czemu? (się przyglądam);z kim? z czym? (idę)
Literatura i Język;Gwara i Dialekty;trudne;Co dokładnie oznacza w popularnej gwarze śląskiej słowo "familok", kojarzone głównie ze starymi osiedlami robotniczymi?;Wielorodzinny dom z cegły;Zakład pracy;Górnicza gospoda;Plac zabaw
Literatura i Język;Gwara i Dialekty;trudne;Co w gwarze śląskiej oznacza słowo "bana"?;Pociąg;Tramwaj;Autobus;Rower
Literatura i Język;Gwara i Dialekty;trudne;Co w niezwykle melodyjnej gwarze góralskiej (na Podhalu) oznacza charakterystyczne słowo "kierpce"?;Skórzane buty;Grube skarpety;Ciepły sweter;Kapelusz z piórkiem
Literatura i Język;Gwara i Dialekty;trudne;Jak w specyficznej, wileńskiej odmianie polszczyzny kresowej określa się człowieka niezgrabnego, nieokrzesanego lub po prostu gapę?;Ciamajda;Batiar;Kiziak;Wihajster
Literatura i Język;Gwara i Dialekty;trudne;W którym roku język kaszubski uzyskał oficjalny status języka regionalnego w Polsce, zgodnie z ustawą o mniejszościach narodowych i etnicznych?;2005;1997;2000;2010
Literatura i Język;Gwara i Dialekty;łatwe;Co na Górnym Śląsku oznacza charakterystyczne słowo 'bana'?;Pociąg lub tramwaj;Samochód osobowy;Zabawę taneczną;Kopalnię
Literatura i Język;Gwara i Dialekty;łatwe;Co w dawnej gwarze warszawskiej, a dziś w slangu młodzieżowym, oznacza 'hajs'?;Pieniądze;Krzyk;Ubranie;Pożywienie
Literatura i Język;Gwara i Dialekty;łatwe;Jak w Małopolsce (szczególnie w Krakowie) mówi się na wychodzenie z domu na zewnątrz?;Wychodzić na pole;Wychodzić na dwór;Wychodzić na plac;Wychodzić na zewnątrz
Literatura i Język;Gwara i Dialekty;łatwe;Jak w gwarze podhalańskiej nazywa się turystę, osobę niepochodzącą z gór?;Ceper;Juhas;Harnaś;Baca
Literatura i Język;Gwara i Dialekty;łatwe;W jakim regionie Polski używa się słowa "pyry" na określenie ziemniaków?;W Wielkopolsce;Na Śląsku;Na Kaszubach;Na Podhalu
Literatura i Język;Gwara i Dialekty;łatwe;W jakim rejonie Polski tradycyjnie używa się słowa 'pyry' na określenie ziemniaków?;W Wielkopolsce;Na Śląsku;Na Podhalu;Na Mazowszu
Literatura i Język;Języki Obce;trudne;Do jakiej szerokiej grupy językowej (rodziny), ze względu na swoje pochodzenie i gramatykę, należy współczesny język angielski?;Do języków germańskich;Do języków romańskich;Do języków słowiańskich;Do języków celtyckich
Literatura i Język;Języki Obce;trudne;Ile liter zawierał klasyczny alfabet łaciński w swojej oryginalnej formie (bez liter J, U i W dodanych w późniejszych wiekach)?;23;24;21;26
Literatura i Język;Języki Obce;trudne;Ile unikalnych znaków liczy podstawowy, standardowy alfabet japoński znany jako hiragana (służący m.in. do zapisu słów rodzimych)?;46;26;33;50
Literatura i Język;Języki Obce;trudne;W jakim południowoeuropejskim państwie językiem urzędowym (obok lokalnego) jest specyficzny, wywodzący się z łaciny język kataloński?;W Hiszpanii;W Portugalii;W Andorze;We Włoszech
Literatura i Język;Języki Obce;trudne;Z jakiego języka wywodzi się słowo "algebra"?;Z arabskiego;Z greckiego;Z łaciny;Z perskiego
Literatura i Język;Języki Obce;łatwe;Jak w języku angielskim powiesz "dziękuję"?;Thank you;Please;Sorry;Hello
Literatura i Język;Języki Obce;łatwe;Jaki język na świecie ma największą liczbę osób, dla których jest to język ojczysty?;Chiński mandaryński;Hiszpański;Angielski;Arabski
Literatura i Język;Języki Obce;łatwe;Jaki romański język jest oficjalnym językiem urzędowym w Brazylii?;Portugalski;Hiszpański;Francuski;Włoski
Literatura i Język;Języki Obce;łatwe;W jakim współczesnym państwie językiem urzędowym jest język farsi (perski)?;W Iranie;W Iraku;W Egipcie;W Arabii Saudyjskiej
Literatura i Język;Języki Obce;łatwe;Z jakiego języka oryginalnie wywodzi się słowo 'karaoke'?;Z japońskiego;Z chińskiego;Z koreańskiego;Z wietnamskiego
Literatura i Język;Języki Obce;łatwe;Z jakiego języka pochodzą słowa takie jak 'balkon', 'szampan' czy 'makijaż'?;Z francuskiego;Z włoskiego;Z angielskiego;Z niemieckiego
Literatura i Język;Klasyka Światowa;trudne;Ile tomów liczy cykl powieściowy Marcela Prousta 'W poszukiwaniu straconego czasu'?;7;5;9;12
Literatura i Język;Klasyka Światowa;trudne;Jak brzmi imię głównego bohatera monumentalnej, rosyjskiej powieści "Zbrodnia i kara" pióra Fiodora Dostojewskiego?;Rodion Raskolnikow;Piotr Bezuchow;Lew Myszkin;Iwan Karamazow
Literatura i Język;Klasyka Światowa;trudne;Jak nazywa się kapitan statku Pequod w powieści "Moby Dick" Hermana Melville'a?;Ahab;Nemo;Hook;Sparrow
Literatura i Język;Klasyka Światowa;trudne;Kto jest wybitnym autorem mrocznej, wiktoriańskiej powieści z 1890 r. o tytule "Portret Doriana Graya"?;Oscar Wilde;Charles Dickens;Bram Stoker;Mary Shelley
Literatura i Język;Klasyka Światowa;trudne;Kto w XVII wieku napisał wybitną hiszpańską powieść, której bohaterem jest obłąkany szlachcic atakujący wiatraki – Don Kichot z La Manchy?;Miguel de Cervantes;Lope de Vega;Pedro Calderón de la Barca;Francisco de Quevedo
Literatura i Język;Klasyka Światowa;łatwe;Jak miał na imię hiszpański szlachcic, który walczył z wiatrakami?;Don Kichot;Sancho Pansa;Cyd;Hamlet
Literatura i Język;Klasyka Światowa;łatwe;Kto jest autorem mrocznej, psychologicznej powieści 'Zbrodnia i kara'?;Fiodor Dostojewski;Lew Tołstoj;Antoni Czechow;Aleksander Puszkin
Literatura i Język;Klasyka Światowa;łatwe;Kto jest autorem tragedii "Romeo i Julia"?;William Shakespeare;Charles Dickens;Victor Hugo;Mark Twain
Literatura i Język;Klasyka Światowa;łatwe;Kto jest autorem znanej antyutopii o totalitarnym ustroju pt. 'Rok 1984'?;George Orwell;Aldous Huxley;Ray Bradbury;H.G. Wells
Literatura i Język;Klasyka Światowa;łatwe;Kto napisał najsłynniejszy tragiczny romans świata 'Romeo i Julia'?;William Shakespeare;Dante Alighieri;Molier;Johann Wolfgang von Goethe
Literatura i Język;Klasyka Światowa;łatwe;W jakiej epickiej powieści występuje postać zbiegłego galernika Jeana Valjeana?;W Nędznikach;W Hrabim Monte Christo;W Katedrze Marii Panny;W Trzech Muszkieterach
Literatura i Język;Komiksy i Powieści Graficzne;trudne;Jak brzmi prawdziwe nazwisko szalonego naukowca, z którym zawsze walczą Kajko i Kokosz na łamach polskich komiksów Janusza Christy?;Hegemon;Kapral;Oferma;Krwawy Hegemon
Literatura i Język;Komiksy i Powieści Graficzne;trudne;Jak brzmiało prawdziwe nazwisko belgijskiego rysownika ukrywającego się pod pseudonimem 'Hergé', twórcy przygód Tintina?;Remi;Dupont;Leblanc;Charlier
Literatura i Język;Komiksy i Powieści Graficzne;trudne;Jaka mroczna, dystopijna i doceniana seria komiksowa autorstwa Alana Moore'a opowiada historię superbohaterów w alternatywnych latach 80.?;Strażnicy (Watchmen);V jak Vendetta;Sandman;Kaznodzieja
Literatura i Język;Komiksy i Powieści Graficzne;trudne;Która poruszająca i autobiograficzna powieść graficzna autorstwa Arta Spiegelmana ukazuje ocalałych z Holokaustu jako myszy, a nazistów jako koty?;Maus;Persepolis;Kocik;Blizny
Literatura i Język;Komiksy i Powieści Graficzne;trudne;Który znany scenarzysta komiksowy stworzył postacie takie jak Spider-Man czy Iron Man?;Stan Lee;Jack Kirby;Steve Ditko;Bob Kane
Literatura i Język;Komiksy i Powieści Graficzne;łatwe;Jak ma na imię bohater polskiego komiksu, który jest przyjacielem Tytusa i Romka?;A'Tomek;Kajko;Kokosz;Jonka
Literatura i Język;Komiksy i Powieści Graficzne;łatwe;Jak ma na imię mały Gal, który walczy z Rzymianami po wypiciu magicznego napoju?;Asteriks;Obeliks;Kajko;Panoramiks
Literatura i Język;Komiksy i Powieści Graficzne;łatwe;Jakim zwierzęciem jest kultowy polski bohater komiksowy, Tytus de Zoo?;Szympansem;Psem;Kotem;Koziołkiem
Literatura i Język;Komiksy i Powieści Graficzne;łatwe;Który scenarzysta stworzył większość najpopularniejszych postaci komiksów Marvela?;Stan Lee;Jack Kirby;Bob Kane;Frank Miller
Literatura i Język;Komiksy i Powieści Graficzne;łatwe;Z jakiego mrocznego, fikcyjnego miasta pochodzi komiksowy Batman?;Z Gotham City;Z Metropolis;Z Nowego Jorku;Ze Star City
Literatura i Język;Komiksy i Powieści Graficzne;łatwe;Z jakiej odległej i zniszczonej planety przybył na Ziemię Superman?;Z Kryptona;Z Marsa;Z Asgardu;Z Tatooine
Literatura i Język;Kryminały i Thrillery;trudne;Jak nazywa się genialny, mroczny i charyzmatyczny seryjny morderca, będący także psychiatrą z powieści "Milczenie owiec" Thomasa Harrisa?;Hannibal Lecter;Patrick Bateman;Buffalo Bill;Dexter Morgan
Literatura i Język;Kryminały i Thrillery;trudne;Kto jest autorem skandynawskiej trylogii kryminalnej "Millennium"?;Stieg Larsson;Jo Nesbø;Camilla Läckberg;Henning Mankell
Literatura i Język;Kryminały i Thrillery;trudne;Kto jest wybitną autorką kryminałów i twórczynią postaci niepozornej starszej pani, detektyw Jane Marple?;Agatha Christie;Arthur Conan Doyle;Dorothy L. Sayers;Ruth Rendell
Literatura i Język;Kryminały i Thrillery;trudne;Kto uchodzi za absolutnego prekursora powieści detektywistycznej, tworząc postać C. Auguste'a Dupina (np. w "Zabójstwach przy Rue Morgue")?;Edgar Allan Poe;Wilkie Collins;Arthur Conan Doyle;Agatha Christie
Literatura i Język;Kryminały i Thrillery;trudne;Która powieść Agathy Christie z 1939 roku, opowiadająca o dziesięciorgu gościach uwięzionych na wyspie, jest uważana za najlepiej sprzedający się kryminał wszech czasów?;I potem nie było już nikogo;Morderstwo w Orient Expressie;Śmierć na Nilu;ABC Morderstwa
Literatura i Język;Kryminały i Thrillery;łatwe;Jak nazywa się genialny detektyw stworzony przez Arthura Conana Doyle'a?;Sherlock Holmes;Herkules Poirot;Philip Marlowe;Kojak
Literatura i Język;Kryminały i Thrillery;łatwe;Jak nazywa się szwedzki dziennikarz, autor trylogii 'Millennium'?;Stieg Larsson;Jo Nesbø;Henning Mankell;Håkan Nesser
Literatura i Język;Kryminały i Thrillery;łatwe;Jak nazywa się słynny detektyw stworzony przez Arthura Conana Doyle'a?;Sherlock Holmes;Hercule Poirot;Philip Marlowe;Panna Marple
Literatura i Język;Kryminały i Thrillery;łatwe;Jaka brytyjska pisarka zyskała tytuł 'Królowej Kryminału'?;Agatha Christie;J.K. Rowling;Camilla Läckberg;Mary Shelley
Literatura i Język;Kryminały i Thrillery;łatwe;Jaki owalny, łysy detektyw Belg rozwiązywał zagadki u Agathy Christie?;Herkules Poirot;Panna Marple;Inspektor Japp;Kapitan Hastings
Literatura i Język;Kryminały i Thrillery;łatwe;Kto z polskich autorów stworzył popularną serię o komisarzu Forście?;Remigiusz Mróz;Katarzyna Bonda;Zygmunt Miłoszewski;Marek Krajewski
Literatura i Język;Lektury Szkolne;trudne;Jak brzmi prawdziwe imię i nazwisko głównego bohatera "Lalki" Bolesława Prusa, Wokulskiego?;Stanisław Wokulski;Ignacy Rzecki;Julian Ochocki;Tomasz Judym
Literatura i Język;Lektury Szkolne;trudne;Jak nazywa się gatunek literacki, do którego należy "Kandyd" Woltera?;Powiastka filozoficzna;Epos;Traktat;Sielanka
Literatura i Język;Lektury Szkolne;trudne;Jak nazywała się ukochana Winicjusza w powieści "Quo Vadis"?;Ligia;Poppea;Eunice;Akte
Literatura i Język;Lektury Szkolne;trudne;Jaką nazwę nosi specyficzny gatunek epicki (do którego należy "Kandyd" Woltera), będący formą bardzo ironicznej, filozoficznej powiastki?;Powiastka filozoficzna;Przypowieść;Satyra;Pamflet
Literatura i Język;Lektury Szkolne;trudne;Jaką potworną, śmiertelną chorobą w czasach starożytnego Rzymu (w "Quo Vadis" Sienkiewicza) straszono chrześcijan w więzieniach i na arenach?;Trądem;Dżumą;Ospą;Tężcem
Literatura i Język;Lektury Szkolne;trudne;Który polski zamek stał się inspiracją dla "Zemsty" Aleksandra Fredry?;Zamek w Odrzykoniu;Zamek w Czersku;Wawel;Zamek w Liwie
Literatura i Język;Lektury Szkolne;trudne;Który polski zamek w województwie mazowieckim był mroczną areną dramatycznych wydarzeń przedstawionych w powojennej noweli "Medaliony"?;W noweli tej nie było żadnego zamku;Zamek w Czersku;Zamek w Liwie;Zamek w Ciechanowie
Literatura i Język;Lektury Szkolne;trudne;W którym roku po raz pierwszy wystawiono dramat 'Wesele' Stanisława Wyspiańskiego na scenie Teatru Miejskiego w Krakowie?;1901;1898;1905;1910
Literatura i Język;Lektury Szkolne;łatwe;Jak miał na imię kupiec, główny bohater 'Lalki' Bolesława Prusa?;Stanisław Wokulski;Ignacy Rzecki;Julian Ochocki;Tomasz Judym
Literatura i Język;Lektury Szkolne;łatwe;Jak nazywa się główny bohater powieści "Lalka" Bolesława Prusa?;Stanisław Wokulski;Ignacy Rzecki;Julian Ochocki;Kazimierz Starski
Literatura i Język;Lektury Szkolne;łatwe;Kto jest autorem epopei narodowej 'Pan Tadeusz'?;Adam Mickiewicz;Juliusz Słowacki;Henryk Sienkiewicz;Bolesław Prus
Literatura i Język;Lektury Szkolne;łatwe;Kto napisał nowelę "Janko Muzykant"?;Henryk Sienkiewicz;Bolesław Prus;Eliza Orzeszkowa;Maria Konopnicka
Literatura i Język;Lektury Szkolne;łatwe;O kim opowiada książka 'Kamienie na szaniec' Aleksandra Kamińskiego?;O członkach Szarych Szeregów;O rycerzach średniowiecza;O powstańcach styczniowych;O legionach Dąbrowskiego
Literatura i Język;Lektury Szkolne;łatwe;W jakim mieście toczy się akcja powieści "Zbrodnia i kara"?;W Petersburgu;W Moskwie;W Warszawie;W Paryżu
Literatura i Język;Lektury Szkolne;łatwe;Z jakiego utworu Juliusza Słowackiego pochodzi bezwzględna królowa Balladyna?;Z dramatu 'Balladyna';Z 'Kordiana';Z 'Beniowskiego';Z 'Lilli Wenedy'
Literatura i Język;Lektury Szkolne;łatwe;Z jakim zwierzęciem zaprzyjaźnił się Mały Książę z powieści Exupéry'ego?;Z lisem;Z lwem;Ze słoniem;Z wężem
Literatura i Język;Literatura Dziecięca;trudne;Jak brzmi nazwisko autorki książki "Dzieci z Bullerbyn"?;Astrid Lindgren;Tove Jansson;Lucy Maud Montgomery;Frances Hodgson Burnett
Literatura i Język;Literatura Dziecięca;trudne;Jak miało na imię odważne rodzeństwo: Piotr, Zuzanna, Edmund i Łucja z wielkiej serii powieści fantastycznych C.S. Lewisa?;Pevensie;Baggins;Potter;Weasley
Literatura i Język;Literatura Dziecięca;trudne;Jakie było prawdziwe nazwisko Carlo Collodiego, włoskiego pisarza i autora 'Pinokia'?;Lorenzini;Bianchi;Ferretti;Moretti
Literatura i Język;Literatura Dziecięca;trudne;Kto w 1943 roku napisał wzruszającą, słynną na całym świecie i mądrą książkę "Mały Książę"?;Antoine de Saint-Exupéry;Jules Verne;Charles Perrault;Hans Christian Andersen
Literatura i Język;Literatura Dziecięca;trudne;Z jakiego skandynawskiego kraju pochodziła wybitna pisarka Tove Jansson, autorka kultowych i popularnych książek o Muminkach?;Z Finlandii;Ze Szwecji;Z Norwegii;Z Danii
Literatura i Język;Literatura Dziecięca;łatwe;Jak miał na imię drewniany pajacyk, któremu rósł nos, gdy kłamał?;Pinokio;Kubuś Puchatek;Piotruś Pan;Muminek
Literatura i Język;Literatura Dziecięca;łatwe;Jak nazywał się drewniany pajacyk, któremu po kłamstwie rósł nos?;Pinokio;Gepetto;Plastuś;Krasnal Hałabała
Literatura i Język;Literatura Dziecięca;łatwe;Kto jest twórcą postaci ekscentrycznego czarodzieja, Ambrożego Kleksa?;Jan Brzechwa;Julian Tuwim;Kornel Makuszyński;Wanda Chotomska
Literatura i Język;Literatura Dziecięca;łatwe;Kto napisał urocze opowieści o misiu zwanym Kubusiem Puchatkiem?;A.A. Milne;Hans Christian Andersen;Astrid Lindgren;Roald Dahl
Literatura i Język;Literatura Dziecięca;łatwe;W jakim niezwykłym domu mieszkała ruda Pippi Pończoszanka?;W Willi Śmiesznotce;W Akademii Pana Kleksa;W Chatce Puchatka;W Dolinie Muminków
Literatura i Język;Literatura Dziecięca;łatwe;Z kim przy herbatce siedziała Alicja w Krainie Czarów?;Z Szalonym Kapelusznikiem;Z Królową Śniegu;Ze Złym Wilkiem;Z Kotem w Butach
Literatura i Język;Mitologia w Literaturze;trudne;Jak miał na imię niewidomy, grecki aojda (śpiewak wędrowny), któremu zgodnie ze starożytną tradycją przypisuje się autorstwo "Iliady" i "Odysei"?;Homer;Hezjod;Safona;Pindar
Literatura i Język;Mitologia w Literaturze;trudne;Jak w mitologii nordyckiej nazywa się kosmiczne drzewo-świat, którego gałęzie i korzenie łączą dziewięć krain?;Yggdrasil;Mjolnir;Asgard;Valhalla
Literatura i Język;Mitologia w Literaturze;trudne;Jak według greckiej mitologii nazywał się potworny, trójgłowy pies, który nieustannie strzegł wejścia do mrocznego królestwa Hadesu?;Cerber;Ortros;Chimera;Scylla
Literatura i Język;Mitologia w Literaturze;trudne;Jaka rzymska bogini mądrości, sztuki i wojny sprawiedliwej jest bezpośrednim i jedynym odpowiednikiem greckiej Ateny?;Minerwa;Diana;Wenus;Junona
Literatura i Język;Mitologia w Literaturze;trudne;Który z greckich herosów musiał wykonać 12 mitycznych prac jako pokutę?;Herakles;Achilles;Tezeusz;Perseusz
Literatura i Język;Mitologia w Literaturze;łatwe;Ile morderczych prac musiał wykonać mityczny heros Herakles (Herkules)?;Dwanaście;Dziesięć;Siedem;Trzy
Literatura i Język;Mitologia w Literaturze;łatwe;Jak nazywał się trzygłowy pies, który strzegł wejścia do greckich zaświatów?;Cerber;Ortros;Pegaz;Minotaur
Literatura i Język;Mitologia w Literaturze;łatwe;Jak w mitologii greckiej nazywał się król bogów i władca piorunów?;Zeus;Hades;Posejdon;Ares
Literatura i Język;Mitologia w Literaturze;łatwe;Kto jest autorem najpopularniejszego w Polsce, szkolnego zbioru 'Mitologia'?;Jan Parandowski;Zygmunt Kubiak;Wanda Markowska;Robert Graves
Literatura i Język;Mitologia w Literaturze;łatwe;Który z mitologicznych ptaków potrafił co jakiś czas spłonąć, by odrodzić się z popiołów?;Feniks;Gryf;Harpia;Syrena
Literatura i Język;Poezja Polska;trudne;Do jakiej epoki literackiej należy twórczość poety Jana Kochanowskiego?;Renesans;Barok;Oświecenie;Średniowiecze
Literatura i Język;Poezja Polska;trudne;Kto jest genialnym autorem ironicznego i patriotycznego, przedwojennego wiersza "Do prostego człowieka" (tzw. "Krew nasza i wasza")?;Julian Tuwim;Władysław Broniewski;Bolesław Leśmian;Czesław Miłosz
Literatura i Język;Poezja Polska;trudne;Kto napisał słynny, dramatyczny poemat o walce dobra ze złem pod tytułem "Dziady" (część III, rozgrywająca się w wileńskim więzieniu)?;Adam Mickiewicz;Juliusz Słowacki;Zygmunt Krasiński;Cyprian Kamil Norwid
Literatura i Język;Poezja Polska;trudne;Która polska poetka, autorka wzruszającej poezji dwudziestolecia międzywojennego, wydała w 1922 roku zbiór wierszy "Niebieskie migdały"?;Maria Pawlikowska-Jasnorzewska;Kazimiera Iłłakowiczówna;Halina Poświatowska;Anna Świrszczyńska
Literatura i Język;Poezja Polska;trudne;W którym roku ukazał się pierwszy tom 'Poezji' Adama Mickiewicza, zawierający cykl 'Ballady i romanse'?;1822;1830;1815;1834
Literatura i Język;Poezja Polska;łatwe;Do jakiej epoki literackiej zaliczany jest twórczość Adama Mickiewicza?;Do Romantyzmu;Do Oświecenia;Do Pozytywizmu;Do Młodej Polski
Literatura i Język;Poezja Polska;łatwe;Jak rozpoczyna się Inwokacja w 'Panu Tadeuszu'?;Litwo! Ojczyzno moja!;Polsko! Ojczyzno moja!;Miej serce i patrzaj w serce!;O, roku ów!
Literatura i Język;Poezja Polska;łatwe;Kogo uznaje się za najwybitniejszego polskiego poetę renesansu?;Jana Kochanowskiego;Mikołaja Reja;Ignacego Krasickiego;Cypriana Kamila Norwida
Literatura i Język;Poezja Polska;łatwe;Kto jest autorem wiersza dla dzieci "Lokomotywa"?;Julian Tuwim;Jan Brzechwa;Maria Konopnicka;Wanda Chotomska
Literatura i Język;Poezja Polska;łatwe;Kto napisał słynny wiersz dla dzieci 'Lokomotywa'?;Julian Tuwim;Jan Brzechwa;Maria Konopnicka;Kornel Makuszyński
Literatura i Język;Poezja Polska;łatwe;Który tragicznie zmarły w powstaniu poeta należał do Pokolenia Kolumbów?;Krzysztof Kamil Baczyński;Tadeusz Różewicz;Zbigniew Herbert;Miron Białoszewski
Literatura i Język;Polscy Nobliści;trudne;Ilu polskich autorów zdobyło Nagrodę Nobla w dziedzinie literatury do roku 2024?;5;3;4;6
Literatura i Język;Polscy Nobliści;trudne;Jak nazywał się szwedzki tłumacz, który przełożył dzieła Olgi Tokarczuk na szwedzki?;Jan Henrik Swahn;Anders Bodegård;Göran Sommardal;Nils Håkanson
Literatura i Język;Polscy Nobliści;trudne;Jaki genialny polski autor, znany z epickich dzieł historycznych, w 1905 r. został uhonorowany Literacką Nagrodą Nobla za całokształt twórczości (szczególnie za "Quo vadis")?;Henryk Sienkiewicz;Bolesław Prus;Władysław Reymont;Stefan Żeromski
Literatura i Język;Polscy Nobliści;trudne;Jaki wybitny polski poeta, prozaik i tłumacz otrzymał w 1980 r. Literacką Nagrodę Nobla za dzieła pełne "żarliwego mistycyzmu" i "znajomości praw natury ludzkiej"?;Czesław Miłosz;Zbigniew Herbert;Tadeusz Różewicz;Wisława Szymborska
Literatura i Język;Polscy Nobliści;trudne;Kto przetłumaczył na język szwedzki wybitne powieści i opowiadania Olgi Tokarczuk, otwierając jej bezpośrednio drogę do przyznania w 2018 r. Nagrody Nobla?;Jan Henrik Swahn;Anders Bodegård;Tomas Tranströmer;Gunnar Harding
Literatura i Język;Polscy Nobliści;trudne;W którym roku Olga Tokarczuk odebrała Literacką Nagrodę Nobla?;2019;2018;2020;2017
Literatura i Język;Polscy Nobliści;trudne;Za jaki czterotomowy epos Władysław Reymont otrzymał Nagrodę Nobla?;Chłopi;Ziemia obiecana;Komediantka;Fermenty
Literatura i Język;Polscy Nobliści;trudne;Za jaką epopeję chłopską Władysław Reymont otrzymał w 1924 roku Nagrodę Nobla?;Chłopi;Ziemia obiecana;Lalka;Nad Niemnem
Literatura i Język;Polscy Nobliści;łatwe;Kto jest autorem 'Zniewolonego umysłu' uhonorowanym Noblem w 1980 r.?;Czesław Miłosz;Zbigniew Herbert;Witold Gombrowicz;Stanisław Lem
Literatura i Język;Polscy Nobliści;łatwe;Kto otrzymał Literacką Nagrodę Nobla za epicką powieść 'Chłopi'?;Władysław Reymont;Henryk Sienkiewicz;Czesław Miłosz;Stefan Żeromski
Literatura i Język;Polscy Nobliści;łatwe;Która polska pisarka zdobyła literackiego Nobla za rok 2018?;Olga Tokarczuk;Wisława Szymborska;Maria Skłodowska-Curie;Dorota Masłowska
Literatura i Język;Polscy Nobliści;łatwe;Która polska poetka otrzymała Literacką Nagrodę Nobla w 1996 roku?;Wisława Szymborska;Olga Tokarczuk;Maria Skłodowska-Curie;Eliza Orzeszkowa
Literatura i Język;Polscy Nobliści;łatwe;Która polska poetka otrzymała Nagrodę Nobla w 1996 roku?;Wisława Szymborska;Olga Tokarczuk;Maria Konopnicka;Halina Poświatowska
Literatura i Język;Polscy Nobliści;łatwe;Który pisarz otrzymał Nobla za powieść "Quo Vadis"?;Henryk Sienkiewicz;Władysław Reymont;Czesław Miłosz;Stefan Żeromski
Literatura i Język;Polscy Nobliści;łatwe;W którym roku poetka Wisława Szymborska odebrała Nagrodę Nobla?;W 1996 r.;W 1980 r.;W 2004 r.;W 1990 r.
Literatura i Język;Polscy Nobliści;łatwe;Za jakie wielkie dzieło Henryk Sienkiewicz otrzymał Nagrodę Nobla w 1905 r.?;Za całokształt (głównie Quo Vadis);Za 'Krzyżaków';Za 'Trylogię';Za 'W pustyni i w puszczy'
Literatura i Język;Przysłowia i Powiedzenia;trudne;Co oznacza literacki, popularny zwrot "puszka Pandory", symbolizujący otwarcie na nieskończone i nagłe problemy?;Źródło niekończących się kłopotów i nieszczęść;Nagły przypływ pieniędzy i szczęścia;Ostatnia deska ratunku i szansa;Niemożliwe wyjście z labiryntu i tarapatów
Literatura i Język;Przysłowia i Powiedzenia;trudne;Co oznacza związek frazeologiczny "pięta Achillesa"?;Słaby punkt;Wielka siła;Szybki bieg;Bolesna kontuzja
Literatura i Język;Przysłowia i Powiedzenia;trudne;Co w tradycyjnym ujęciu oznacza potoczne polskie powiedzenie: "Nie dziel skóry na niedźwiedziu"?;Nie należy cieszyć się z sukcesu przed jego osiągnięciem;Należy unikać ryzykownych wypraw i przedsięwzięć;Czego się nie zje, tego trzeba pilnować;Kto ukradnie mało, ten nie jest złodziejem
Literatura i Język;Przysłowia i Powiedzenia;trudne;Jak nazywa się wydany w latach 1889–1894 monumentalny zbiór polskich przysłów zebrany przez Samuela Adalberga?;Księga przysłów, przypowieści i wyrażeń przysłowiowych polskich;Słownik przysłów narodowych;Złota księga polskiej mądrości;Zbiór przysłów staropolskich
Literatura i Język;Przysłowia i Powiedzenia;trudne;Z jakiego starożytnego języka i powiedzenia dosłownie tłumaczona jest polska sentencja "O wilku mowa, a wilk tu"?;Z łaciny (Lupus in fabula);Z greki dawnej;Z hebrajskiego;Z języka rzymskiego
Literatura i Język;Przysłowia i Powiedzenia;łatwe;Co oznacza potoczny związek frazeologiczny 'niedźwiedzia przysługa'?;Przysługę, która przyniosła więcej szkody niż pożytku;Wielką, bezinteresowną pomoc;Przysługę wykonaną bardzo wolno;Pomoc w walce ze zwierzętami
Literatura i Język;Przysłowia i Powiedzenia;łatwe;Dokończ przysłowie: "Kto rano wstaje...";temu Pan Bóg daje;ten jest niewyspany;ten ma długi dzień;temu słońce świeci
Literatura i Język;Przysłowia i Powiedzenia;łatwe;Jak kończy się polskie przysłowie: 'Gdzie kucharek sześć...'?;...tam nie ma co jeść.;...tam obiad pyszny.;...tam naczynia brudne.;...tam praca wre.
Literatura i Język;Przysłowia i Powiedzenia;łatwe;Kto rano wstaje, temu...?;Pan Bóg daje.;ptak śpiewa.;dzień szybko mija.;kawa najlepiej smakuje.
Literatura i Język;Przysłowia i Powiedzenia;łatwe;W jakie miejsce nie zagląda się darowanemu koniowi?;W zęby;W kopyta;W oczy;W uszy
Literatura i Język;Słynne Cytaty Literackie;trudne;Kto w słynnej noweli "Jądro ciemności", na krótko przed własną i tragiczną śmiercią, wyszeptał przejmujące słowa: "Zgroza! Zgroza!"?;Kurtz;Marlow;Jim;Moby Dick
Literatura i Język;Słynne Cytaty Literackie;trudne;Kto wypowiada słowa "Miałeś, chamie, złoty róg" w dramacie "Wesele" Stanisława Wyspiańskiego?;Chochoł;Wernyhora;Jasiek;Gospodarz
Literatura i Język;Słynne Cytaty Literackie;trudne;Który filozof stwierdził w swoim epokowym dziele, że "piekło to inni" (L'enfer, c'est les autres)?;Jean-Paul Sartre;Friedrich Nietzsche;Albert Camus;Immanuel Kant
Literatura i Język;Słynne Cytaty Literackie;trudne;Z jakiej lektury pochodzi potępiające Polaków na zewnątrz, a doceniające ich "wewnętrznie", powiedzenie "Nasz naród jak lawa"?;Z Dziadów cz. III;Z Kordiana;Z Pana Tadeusza;Z Wesela
Literatura i Język;Słynne Cytaty Literackie;trudne;Z którego dramatu Williama Szekspira pochodzi cytat: 'Cały świat to scena, a ludzie na nim to tylko aktorzy'?;Jak wam się podoba;Hamlet;Burza;Sen nocy letniej
Literatura i Język;Słynne Cytaty Literackie;łatwe;Jakiej starożytnej postaci przypisuje się słowa: 'Wiem, że nic nie wiem'?;Sokratesowi;Arystotelesowi;Platonowi;Pitagorasowi
Literatura i Język;Słynne Cytaty Literackie;łatwe;Kto nawoływał słowami: 'Miej serce i patrzaj w serce!' w balladzie Romantyczność?;Adam Mickiewicz;Juliusz Słowacki;Cyprian Kamil Norwid;Bolesław Prus
Literatura i Język;Słynne Cytaty Literackie;łatwe;W jakiej bajce znajdziemy cytat: 'Dobrze widzi się tylko sercem'?;W Małym Księciu;W Kubusiu Puchatku;W Alicji w Krainie Czarów;W Piotrusiu Panie
Literatura i Język;Słynne Cytaty Literackie;łatwe;Z jakiego dramatu Williama Szekspira pochodzą słowa 'Być albo nie być'?;Z Hamleta;Z Makbeta;Z Romea i Julii;Z Otella
Literatura i Język;Słynne Cytaty Literackie;łatwe;Z jakiego dramatu pochodzi słynny cytat: "Być albo nie być, oto jest pytanie"?;Hamlet;Makbet;Romeo i Julia;Dziady
Literatura i Język;Słynne Cytaty Literackie;łatwe;Z jakiej pieśni pochodzą słowa 'Nie rzucim ziemi skąd nasz ród'?;Z Roty (M. Konopnicka);Z Mazurka Dąbrowskiego;Z Bogurodzicy;Z Warszawianki
Literatura i Język;Współcześni Pisarze Polscy;trudne;Jak nazywa się niezwykle popularny w Polsce twórca bardzo krwawych, a zarazem poczytnych kryminałów, autor m.in. serii o komisarzu Forście?;Remigiusz Mróz;Katarzyna Bonda;Marek Krajewski;Wojciech Chmielarz
Literatura i Język;Współcześni Pisarze Polscy;trudne;Jaki wybitny polski pisarz reportażysta wydał głośną, niezwykle popularną na świecie książkę o reżimie w Etiopii pt. "Cesarz"?;Ryszard Kapuściński;Hanna Krall;Jacek Hugo-Bader;Wojciech Tochman
Literatura i Język;Współcześni Pisarze Polscy;trudne;Jaki znakomity prozaik jest autorem głośnej, śląskiej powieści "Morfina", za którą otrzymał Paszport "Polityki" oraz nagrodę Nike?;Szczepan Twardoch;Ignacy Karpowicz;Wiesław Myśliwski;Jerzy Pilch
Literatura i Język;Współcześni Pisarze Polscy;trudne;Jaką polską nagrodę literacką otrzymała Olga Tokarczuk za powieść 'Bieguni' w 2008 roku?;Nagrodę Nike;Nagrodę Kościelskich;Paszport Polityki;Nagrodę Literacką Gdynia
Literatura i Język;Współcześni Pisarze Polscy;trudne;Za jaką powieść Olga Tokarczuk otrzymała Międzynarodową Nagrodę Bookera w 2018 roku?;Bieguni;Księgi Jakubowe;Prowadź swój pług przez kości umarłych;Prawiek i inne czasy
Literatura i Język;Współcześni Pisarze Polscy;łatwe;Jak nazywa się niezwykle płodny polski autor thrillerów prawniczych, m.in. o Joannie Chyłce?;Remigiusz Mróz;Wojciech Chmielarz;Ryszard Ćwirlej;Tomasz Sekielski
Literatura i Język;Współcześni Pisarze Polscy;łatwe;Jaki polski pisarz jest autorem popularnej sagi o wiedźminie Geralcie?;Andrzej Sapkowski;Stanisław Lem;Szczepan Twardoch;Jacek Dukaj
Literatura i Język;Współcześni Pisarze Polscy;łatwe;Kto napisał bestsellerową, mroczną powieść o Warszawie pt. 'Ślepnąc od świateł'?;Jakub Żulczyk;Szczepan Twardoch;Zygmunt Miłoszewski;Remigiusz Mróz
Literatura i Język;Współcześni Pisarze Polscy;łatwe;Kto powołał do życia kultową, humorystyczną postać egzorcysty-bimbrownika Jakuba Wędrowycza?;Andrzej Pilipiuk;Jacek Komuda;Tomasz Kołodziejczak;Rafał Kosik
Literatura i Język;Współcześni Pisarze Polscy;łatwe;Który współczesny polski pisarz zasłynął powieściami osadzonymi w dwudziestoleciu (np. 'Król')?;Szczepan Twardoch;Marek Krajewski;Andrzej Stasiuk;Jacek Dehnel
Literatura i Język;Współcześni Pisarze Polscy;łatwe;Który znany polski reportażysta jest autorem książki 'Zrób sobie raj' o Czechach?;Mariusz Szczygieł;Ryszard Kapuściński;Jacek Hugo-Bader;Wojciech Tochman
Literatura i Język;Eposy i Dramaty;łatwe;Kto jest autorem polskiego eposu narodowego "Pan Tadeusz"?;Adam Mickiewicz;Juliusz Słowacki;Zygmunt Krasiński;Cyprian Kamil Norwid
Literatura i Język;Eposy i Dramaty;trudne;Jak nazywa się starożytny grecki epos Homera opowiadający o wojnie trojańskiej?;Iliada;Odyseja;Eneida;Argonautica
Literatura i Język;Eposy i Dramaty;trudne;Kto jest autorem dramatu "Wesele", jednego z najważniejszych utworów Młodej Polski?;Stanisław Wyspiański;Stefan Żeromski;Gabriela Zapolska;Tadeusz Rittner
Literatura i Język;Eposy i Dramaty;bardzo trudne;Jak nazywa się średniowieczny anonimowy poemat epicki opisujący czyny Rolanda, rycerza Karola Wielkiego?;Pieśń o Rolandzie;Pieśń o Nibelungach;Beowulf;Kalevala
Literatura i Język;Eposy i Dramaty;bardzo trudne;Kto jest autorem rzymskiego eposu "Eneida", opowiadającego o losach Eneasza po upadku Troi?;Wergiliusz;Owidiusz;Horacy;Homer
Literatura i Język;Fantasy i Sci-Fi;łatwe;Kto jest autorem cyklu powieści fantasy o wiedźminie Geralcie z Rivii?;Andrzej Sapkowski;Jacek Dukaj;Rafał Kosik;Andrzej Pilipiuk
Literatura i Język;Fantasy i Sci-Fi;trudne;Kto jest autorem trylogii "Władca Pierścieni"?;J.R.R. Tolkien;C.S. Lewis;George R.R. Martin;Terry Pratchett
Literatura i Język;Fantasy i Sci-Fi;trudne;Jak nazywa się cykl powieści science-fiction Stanisława Lema o podróżniku kosmicznym Ijonie Tichym?;Dzienniki gwiazdowe;Solaris;Cyberiada;Bajki robotów
Literatura i Język;Fantasy i Sci-Fi;bardzo trudne;Jak nazywa się debiutancka powieść Jacka Dukaja z 1990 roku, napisana gdy autor miał 16 lat?;W kraju niewiernych;Inne pieśni;Perfekcyjna niedoskonałość;Lód
Literatura i Język;Fantasy i Sci-Fi;bardzo trudne;Jak nazywa się jeden z dwóch głównych języków elfickich stworzonych przez J.R.R. Tolkiena we "Władcy Pierścieni"?;Quenya;Sindarin;Khuzdul;Czarna Mowa
Literatura i Język;Gramatyka i Ortografia;łatwe;Ile przypadków ma język polski w odmianie rzeczownika?;7;6;8;5
Literatura i Język;Gramatyka i Ortografia;trudne;Jak nazywa się część mowy odmieniająca się przez osoby, liczby, czasy i tryby, oznaczająca czynność?;Czasownik;Rzeczownik;Przymiotnik;Przysłówek
Literatura i Język;Gramatyka i Ortografia;trudne;Jak nazywa się błąd językowy polegający na łączeniu wyrazów o sprzecznych znaczeniach, np. "gorący lód"?;Oksymoron;Pleonazm;Tautologia;Eufemizm
Literatura i Język;Gramatyka i Ortografia;bardzo trudne;Jak nazywa się zjawisko fonetyczne polegające na wymowie dwóch sąsiadujących spółgłosek jako jednakowo dźwięcznych lub bezdźwięcznych, np. "prośba" jako "proźba"?;Upodobnienie fonetyczne;Dysymilacja;Palatalizacja;Nazalizacja
Literatura i Język;Gramatyka i Ortografia;bardzo trudne;Jak nazywa się figura retoryczna polegająca na celowym pominięciu spójników między wyrazami dla uzyskania efektu dynamiki?;Asyndeton;Polisyndeton;Anafora;Elipsa
Literatura i Język;Gwara i Dialekty;łatwe;Jak nazywa się regionalna odmiana języka polskiego używana na Śląsku?;Gwara śląska;Gwara góralska;Gwara kaszubska;Gwara wielkopolska
Literatura i Język;Gwara i Dialekty;trudne;Jak nazywa się mieszkaniec regionu Podhala, mówiący charakterystyczną gwarą góralską?;Góral;Kaszub;Ślązak;Kurp
Literatura i Język;Gwara i Dialekty;trudne;Jak nazywa się język, czasem uznawany za dialekt polskiego, używany przez Kaszubów na Pomorzu?;Kaszubski;Śląski;Wilamowski;Łemkowski
Literatura i Język;Gwara i Dialekty;bardzo trudne;Jak nazywa się wymierający język używany w miasteczku Wilamowice na Śląsku, odrębny od polskiego i niemieckiego dialektu?;Wilamowski;Kaszubski;Łemkowski;Mazurski
Literatura i Język;Gwara i Dialekty;bardzo trudne;Jak nazywa się grupa etniczna posługująca się odrębnym językiem wschodniosłowiańskim, zamieszkująca Beskid Niski?;Łemkowie;Bojkowie;Hucułowie;Kaszubi
Literatura i Język;Języki Obce;łatwe;Jaki język jest najczęściej nauczanym językiem obcym w polskich szkołach?;Angielski;Niemiecki;Francuski;Hiszpański
Literatura i Język;Języki Obce;trudne;Ile przypadków gramatycznych ma język niemiecki?;4;6;7;3
Literatura i Język;Języki Obce;trudne;Jak nazywa się system pisma używany w języku japońskim, wywodzący się z chińskich znaków?;Kanji;Hiragana;Katakana;Romaji
Literatura i Język;Języki Obce;bardzo trudne;Jak nazywa się najstarszy poświadczony język indoeuropejski, zapisany pismem klinowym, używany przez Hetytów?;Hetycki;Sanskryt;Awestyjski;Mykeński grecki
Literatura i Język;Języki Obce;bardzo trudne;Jak nazywa się sztuczny język międzynarodowy stworzony w 1887 roku przez polskiego okulistę Ludwika Zamenhofa?;Esperanto;Volapük;Ido;Interlingua
Literatura i Język;Klasyka Światowa;łatwe;Kto jest autorem powieści "Duma i uprzedzenie"?;Jane Austen;Charlotte Brontë;Virginia Woolf;George Eliot
Literatura i Język;Klasyka Światowa;trudne;Kto napisał powieść "Zbrodnia i kara"?;Fiodor Dostojewski;Lew Tołstoj;Anton Czechow;Iwan Turgieniew
Literatura i Język;Klasyka Światowa;trudne;Jak nazywa się powieść Gabriela Garcíi Márqueza, uznawana za sztandarowe dzieło realizmu magicznego?;Sto lat samotności;Miłość w czasach zarazy;Jesień patriarchy;Kronika zapowiedzianej śmierci
Literatura i Język;Klasyka Światowa;bardzo trudne;Jak nazywa się fikcyjne hrabstwo, w którym rozgrywa się akcja większości powieści Williama Faulknera?;Yoknapatawpha;Macondo;Middlemarch;Casterbridge
Literatura i Język;Klasyka Światowa;bardzo trudne;Kto jest autorem powieści strumienia świadomości "Ulisses", uznawanej za jedną z najtrudniejszych powieści XX wieku?;James Joyce;Virginia Woolf;Marcel Proust;William Faulkner
Literatura i Język;Komiksy i Powieści Graficzne;łatwe;Jak nazywa się belgijski komiks o przygodach młodego reportera z charakterystycznym kosmykiem włosów?;Przygody Tintina;Asteriks;Lucky Luke;Spirou
Literatura i Język;Komiksy i Powieści Graficzne;trudne;Kto jest autorem powieści graficznej "Maus", opowiadającej o Holokauście za pomocą alegorii zwierzęcej?;Art Spiegelman;Alan Moore;Frank Miller;Neil Gaiman
Literatura i Język;Komiksy i Powieści Graficzne;trudne;Jak nazywa się japoński styl komiksu, czytany od prawej do lewej strony?;Manga;Manhwa;Manhua;Anime
Literatura i Język;Komiksy i Powieści Graficzne;bardzo trudne;Kto jest scenarzystą powieści graficznej "Watchmen", uznawanej za jedno z najważniejszych dzieł komiksowych XX wieku?;Alan Moore;Frank Miller;Grant Morrison;Neil Gaiman
Literatura i Język;Komiksy i Powieści Graficzne;bardzo trudne;Jak nazywa się francusko-belgijska tradycja komiksowa, określana skrótem BD?;Bande dessinée;Fumetti;Tebeo;Gekiga
Literatura i Język;Kryminały i Thrillery;łatwe;Kto jest autorem powieści kryminalnych o detektywie Sherlocku Holmesie?;Arthur Conan Doyle;Agatha Christie;Edgar Allan Poe;Wilkie Collins
Literatura i Język;Kryminały i Thrillery;trudne;Kto jest autorką powieści kryminalnych o detektywie Herkulesie Poirot?;Agatha Christie;Dorothy L. Sayers;P.D. James;Ruth Rendell
Literatura i Język;Kryminały i Thrillery;trudne;Jak nazywa się szwedzki pisarz, autor trylogii "Millennium" z hakerką Lisbeth Salander?;Stieg Larsson;Henning Mankell;Jo Nesbø;Camilla Läckberg
Literatura i Język;Kryminały i Thrillery;bardzo trudne;Kto jest autorem powieści "Imię róży", będącej jednocześnie kryminałem i powieścią historyczno-filozoficzną osadzoną w średniowiecznym klasztorze?;Umberto Eco;Umberto Saba;Italo Calvino;Dario Fo
Literatura i Język;Kryminały i Thrillery;bardzo trudne;Jak nazywa się pierwsza powieść detektywistyczna w historii literatury, napisana przez Edgara Allana Poego w 1841 roku?;Zabójstwo przy Rue Morgue;Czarny kot;Zdradzieckie serce;Studnia i wahadło
Literatura i Język;Lektury Szkolne;łatwe;Kto jest autorem lektury szkolnej "Zemsta"?;Aleksander Fredro;Adam Mickiewicz;Stanisław Wyspiański;Juliusz Słowacki
Literatura i Język;Lektury Szkolne;trudne;Kto napisał powieść "Quo Vadis", lekturę osadzoną w starożytnym Rzymie?;Henryk Sienkiewicz;Bolesław Prus;Eliza Orzeszkowa;Władysław Reymont
Literatura i Język;Lektury Szkolne;trudne;Kto jest autorem powieści "Ferdydurke", lektury o motywie "gęby" i niedojrzałości?;Witold Gombrowicz;Bruno Schulz;Stanisław Ignacy Witkiewicz;Tadeusz Konwicki
Literatura i Język;Lektury Szkolne;bardzo trudne;Jak nazywa się mniej znana powieść Elizy Orzeszkowej o emancypacji kobiet i asymilacji Żydów, obok "Nad Niemnem"?;Meir Ezofowicz;Marta;Cham;Dziurdziowie
Literatura i Język;Lektury Szkolne;bardzo trudne;Jak nazywa się zbiór opowiadań Tadeusza Borowskiego o obozach koncentracyjnych, z którego pochodzi opowiadanie "U nas w Auschwitzu"?;Pożegnanie z Marią;Kamienny świat;Pieśń o fladze;Bitwa pod Grunwaldem
Literatura i Język;Literatura Dziecięca;łatwe;Kto jest autorem serii książek o przygodach Kubusia Puchatka?;A.A. Milne;Roald Dahl;C.S. Lewis;J.M. Barrie
Literatura i Język;Literatura Dziecięca;trudne;Kto napisał "Akademię Pana Kleksa"?;Jan Brzechwa;Julian Tuwim;Kornel Makuszyński;Wanda Chotomska
Literatura i Język;Literatura Dziecięca;trudne;Jak nazywa się chłopiec, który nigdy nie dorasta, bohater powieści J.M. Barriego?;Piotruś Pan;Pinokio;Kopciuszek;Alicja
Literatura i Język;Literatura Dziecięca;bardzo trudne;Kto jest autorką cyklu powieści o Muminkach, fińska pisarka i ilustratorka?;Tove Jansson;Astrid Lindgren;Selma Lagerlöf;Maria Gripe
Literatura i Język;Literatura Dziecięca;bardzo trudne;Jak nazywa się polska pisarka, autorka "Plastusiowego pamiętnika"?;Maria Kownacka;Wanda Chotomska;Ewa Szelburg-Zarembina;Maria Konopnicka
Literatura i Język;Mitologia w Literaturze;łatwe;Jak nazywał się grecki bóg piorunów i władca Olimpu?;Zeus;Posejdon;Hades;Apollo
Literatura i Język;Mitologia w Literaturze;trudne;Jak nazywał się skrzydlaty koń z mitologii greckiej, zrodzony z krwi Meduzy?;Pegaz;Kentaur;Grif;Cerber
Literatura i Język;Mitologia w Literaturze;trudne;Jak nazywa się skandynawski bóg piorunów, władający młotem Mjolnir?;Thor;Odyn;Loki;Baldur
Literatura i Język;Mitologia w Literaturze;bardzo trudne;Jak nazywał się w mitologii greckiej przewoźnik dusz zmarłych przez rzekę Styks?;Charon;Hermes;Hades;Tanatos
Literatura i Język;Mitologia w Literaturze;bardzo trudne;Jak nazywa się w mitologii egipskiej bóg mądrości i pisma, przedstawiany z głową ibisa?;Thot;Anubis;Ozyrys;Horus
Literatura i Język;Poezja Polska;łatwe;Kto jest autorem "Inwokacji" otwierającej "Pana Tadeusza"?;Adam Mickiewicz;Juliusz Słowacki;Cyprian Kamil Norwid;Zygmunt Krasiński
Literatura i Język;Poezja Polska;trudne;Kto jest polską poetką, laureatką Nagrody Nobla w dziedzinie literatury w 1996 roku?;Wisława Szymborska;Halina Poświatowska;Anna Świrszczyńska;Julia Hartwig
Literatura i Język;Poezja Polska;trudne;Jak nazywa się poemat Cypriana Kamila Norwida napisany na wieść o śmierci Fryderyka Chopina?;Fortepian Szopena;Bema pamięci żałobny rapsod;Moja piosnka;Vade-mecum
Literatura i Język;Poezja Polska;bardzo trudne;Jak nazywał się nurt poetycki grupy poetów skupionych wokół pisma "Skamander" w dwudziestoleciu międzywojennym?;Skamandryci;Awangarda Krakowska;Żagaryści;Katastrofiści
Literatura i Język;Poezja Polska;bardzo trudne;Kto był głównym teoretykiem Awangardy Krakowskiej, zwolennikiem metafory jako podstawy poezji?;Tadeusz Peiper;Julian Przyboś;Jan Brzękowski;Adam Ważyk
Literatura i Język;Polscy Nobliści;łatwe;Kto jako pierwszy Polak otrzymał Literacką Nagrodę Nobla w 1905 roku?;Henryk Sienkiewicz;Władysław Reymont;Czesław Miłosz;Wisława Szymborska
Literatura i Język;Polscy Nobliści;trudne;Za jakie dzieło Władysław Reymont otrzymał Nagrodę Nobla w 1924 roku?;Chłopi;Ziemia obiecana;Komediantka;Wampir
Literatura i Język;Polscy Nobliści;trudne;Kto zdobył Literacką Nagrodę Nobla przyznaną w 2019 roku, jako piąta polska laureatka?;Olga Tokarczuk;Wisława Szymborska;Czesław Miłosz;Ewa Lipska
Literatura i Język;Polscy Nobliści;bardzo trudne;W którym roku Czesław Miłosz otrzymał Nagrodę Nobla w dziedzinie literatury?;1980;1978;1983;1990
Literatura i Język;Polscy Nobliści;bardzo trudne;Jak nazywał się mąż Marii Skłodowskiej-Curie, z którym dzieliła Nagrodę Nobla z fizyki w 1903 roku?;Pierre Curie;Henri Becquerel;Paul Langevin;Frédéric Joliot
Literatura i Język;Przysłowia i Powiedzenia;łatwe;Dokończ przysłowie: "Kto pod kim dołki kopie, ten...";sam w nie wpada;pierwszy z nich skorzysta;nigdy nie ucierpi;ostatni się śmieje
Literatura i Język;Przysłowia i Powiedzenia;trudne;Jak brzmi dalszy ciąg przysłowia "Gdzie kucharek sześć, tam...";nie ma co jeść;jedzenia w bród;wszyscy syci;uczta wystawna
Literatura i Język;Przysłowia i Powiedzenia;trudne;Jak brzmi dokończenie przysłowia "Czym skorupka za młodu nasiąknie,...";tym na starość trąci;tego się nie pozbędzie;tym na starość pachnie;tego nie zmieni
Literatura i Język;Przysłowia i Powiedzenia;bardzo trudne;Z jakiej starożytnej tradycji literackiej pochodzi wyrażenie "koń trojański", oznaczające ukryte zagrożenie?;Mitologia grecka;Mitologia rzymska;Mitologia egipska;Mitologia nordycka
Literatura i Język;Przysłowia i Powiedzenia;bardzo trudne;Jak nazywa się nauka zajmująca się badaniem przysłów i ich pochodzenia?;Paremiologia;Frazeologia;Etymologia;Semantyka
Literatura i Język;Słynne Cytaty Literackie;łatwe;Z jakiego dramatu Williama Szekspira pochodzi cytat "Być albo nie być, oto jest pytanie"?;Hamlet;Makbet;Romeo i Julia;Otello
Literatura i Język;Słynne Cytaty Literackie;trudne;Kto napisał słowa "Litwo, Ojczyzno moja, ty jesteś jak zdrowie"?;Adam Mickiewicz;Juliusz Słowacki;Cyprian Kamil Norwid;Ignacy Krasicki
Literatura i Język;Słynne Cytaty Literackie;trudne;Z jakiej powieści pochodzi zdanie: "Wszystkie szczęśliwe rodziny są do siebie podobne, każda nieszczęśliwa rodzina jest nieszczęśliwa na swój sposób"?;Anna Karenina;Wojna i pokój;Zbrodnia i kara;Bracia Karamazow
Literatura i Język;Słynne Cytaty Literackie;bardzo trudne;Z jakiego dzieła pochodzi łacińska sentencja "Carpe diem"?;Ody Horacego;Eneida Wergiliusza;Metamorfozy Owidiusza;Rozmyślania Marka Aureliusza
Literatura i Język;Słynne Cytaty Literackie;bardzo trudne;Kto jest autorem zdania otwierającego powieść "Sto lat samotności" o pułkowniku Aureliano Buendíi przed plutonem egzekucyjnym?;Gabriel García Márquez;Mario Vargas Llosa;Jorge Luis Borges;Julio Cortázar
Literatura i Język;Współcześni Pisarze Polscy;łatwe;Kto jest autorką powieści "Prawiek i inne czasy" oraz laureatką Nagrody Nobla w 2019 roku?;Olga Tokarczuk;Wisława Szymborska;Dorota Masłowska;Joanna Bator
Literatura i Język;Współcześni Pisarze Polscy;trudne;Kto jest autorką powieści "Wojna polsko-ruska pod flagą biało-czerwoną", wydanej gdy autorka miała 19 lat?;Dorota Masłowska;Olga Tokarczuk;Joanna Bator;Sylwia Chutnik
Literatura i Język;Współcześni Pisarze Polscy;trudne;Kto jest autorem cyklu reporterskiego "Cesarz" oraz "Podróże z Herodotem"?;Ryszard Kapuściński;Mariusz Szczygieł;Wojciech Tochman;Jacek Hugo-Bader
Literatura i Język;Współcześni Pisarze Polscy;bardzo trudne;Jak nazywa się powieść Olgi Tokarczuk z 2009 roku, kryminał osadzony w Kotlinie Kłodzkiej, na podstawie której powstał film "Pokot"?;Prowadź swój pług przez kości umarłych;Bieguni;Księgi Jakubowe;Dom dzienny, dom nocny
Literatura i Język;Współcześni Pisarze Polscy;bardzo trudne;Kto jest autorem powieści "Lubiewo", uznawanej za jedną z pierwszych jawnie queerowych powieści w literaturze polskiej?;Michał Witkowski;Jacek Dehnel;Krzysztof Varga;Marcin Świetlicki
Literatura i Język;Eposy i Dramaty;łatwe;Jak nazywa się starożytny grecki epos Homera opisujący powrót Odyseusza do domu po wojnie trojańskiej?;Odyseja;Iliada;Eneida;Argonautica
Literatura i Język;Eposy i Dramaty;trudne;Jak nazywa się średniowieczny francuski epos rycerski opisujący czyny paladyna Rolanda?;Pieśń o Rolandzie;Pieśń o Nibelungach;Cyd;Beowulf
Literatura i Język;Eposy i Dramaty;trudne;Kto jest autorem dramatu "Dziady", łączącego elementy epiki, liryki i dramatu?;Adam Mickiewicz;Juliusz Słowacki;Zygmunt Krasiński;Stanisław Wyspiański
Literatura i Język;Eposy i Dramaty;bardzo trudne;Jak nazywa się anglosaski epos bohaterski o wojowniku walczącym z potworem Grendelem, najstarszy zachowany epos w języku angielskim?;Beowulf;Pieśń o Rolandzie;Pieśń o Nibelungach;Cyd
Literatura i Język;Eposy i Dramaty;bardzo trudne;Jak nazywa się średniowieczny hiszpański epos o rycerzu walczącym z Maurami podczas rekonkwisty?;Cyd;Pieśń o Rolandzie;Beowulf;Pieśń o Nibelungach
Literatura i Język;Fantasy i Sci-Fi;łatwe;Kto jest autorem cyklu powieści "Kroniki Narnii"?;C.S. Lewis;J.R.R. Tolkien;George R.R. Martin;Philip Pullman
Literatura i Język;Fantasy i Sci-Fi;trudne;Kto jest autorem cyklu "Pieśń Lodu i Ognia", na podstawie którego powstał serial "Gra o Tron"?;George R.R. Martin;J.R.R. Tolkien;Brandon Sanderson;Patrick Rothfuss
Literatura i Język;Fantasy i Sci-Fi;trudne;Jak nazywa się powieść Stanisława Lema o inteligentnym oceanie na obcej planecie, badanej przez naukowców?;Solaris;Eden;Niezwyciężony;Fiasko
Literatura i Język;Fantasy i Sci-Fi;bardzo trudne;Kto jest autorem cyklu "Diuna", jednej z najważniejszych sag science-fiction w historii literatury?;Frank Herbert;Isaac Asimov;Arthur C. Clarke;Philip K. Dick
Literatura i Język;Fantasy i Sci-Fi;bardzo trudne;Jak nazywało się opowiadanie Andrzeja Sapkowskiego z 1986 roku, które zapoczątkowało sagę o Wiedźminie?;Wiedźmin;Ostatnie życzenie;Miecz przeznaczenia;Krew elfów
Literatura i Język;Gramatyka i Ortografia;łatwe;Jak nazywa się znak interpunkcyjny oznaczający koniec zdania pytającego?;Znak zapytania;Wykrzyknik;Kropka;Dwukropek
Literatura i Język;Gramatyka i Ortografia;trudne;Jak nazywa się część mowy nieodmienna, określająca cechę czasownika, przymiotnika lub innego przysłówka?;Przysłówek;Przymiotnik;Zaimek;Spójnik
Literatura i Język;Gramatyka i Ortografia;trudne;Jak nazywa się zjawisko językowe polegające na zmianie znaczenia wyrazu w czasie, np. "chytry" oznaczające dawniej "mądry"?;Zmiana znaczeniowa;Archaizm;Neologizm;Homonimia
Literatura i Język;Gramatyka i Ortografia;bardzo trudne;Jak nazywa się zjawisko fonetyczne polegające na wymowie samogłosek nosowych "ą" i "ę" jako czystych "o" i "e" przed spółgłoskami zwartymi?;Denazalizacja;Nazalizacja;Palatalizacja;Asymilacja
Literatura i Język;Gramatyka i Ortografia;bardzo trudne;Jak nazywa się figura stylistyczna polegająca na użyciu wielu spójników w wyliczeniu dla efektu spowolnienia rytmu?;Polisyndeton;Asyndeton;Anafora;Epifora
Literatura i Język;Gwara i Dialekty;łatwe;Jak nazywa się regionalna odmiana języka używana przez górali z Podhala?;Gwara góralska;Gwara śląska;Gwara kaszubska;Gwara wielkopolska
Literatura i Język;Gwara i Dialekty;trudne;Jak nazywa się dialekt używany w regionie Wielkopolski, znany z charakterystycznej wymowy?;Gwara wielkopolska;Gwara mazowiecka;Gwara małopolska;Gwara śląska
Literatura i Język;Gwara i Dialekty;trudne;Jak nazywa się gwara używana przez mieszkańców Warmii i Mazur?;Gwara warmińsko-mazurska;Gwara kurpiowska;Gwara podlaska;Gwara kaszubska
Literatura i Język;Gwara i Dialekty;bardzo trudne;Jak nazywa się zjawisko wymowy głosek "sz, ż, cz, dż" jako "s, z, c, dz", typowe dla gwar mazowieckich i małopolskich?;Mazurzenie;Kaszubienie;Sziakanie;Dzekanie
Literatura i Język;Gwara i Dialekty;bardzo trudne;Jak nazywa się etnolekt używany przez społeczność górali czadeckich, potomków polskich osadników na Bukowinie i w Rumunii?;Gwara czadecka;Gwara zaolziańska;Gwara kresowa;Gwara huculska
Literatura i Język;Języki Obce;łatwe;Jaki język ma najwięcej rodzimych użytkowników na świecie?;Chiński;Angielski;Hiszpański;Hindi
Literatura i Język;Języki Obce;trudne;Jak nazywa się rodzina językowa, do której należą polski, rosyjski i czeski?;Języki słowiańskie;Języki bałtyckie;Języki germańskie;Języki romańskie
Literatura i Język;Języki Obce;trudne;Jak nazywa się alfabet używany do zapisu języka rosyjskiego i wielu innych języków słowiańskich?;Cyrylica;Alfabet łaciński;Alfabet grecki;Głagolica
Literatura i Język;Języki Obce;bardzo trudne;Jak nazywa się najstarszy znany alfabet słowiański, stworzony przez świętych Cyryla i Metodego w IX wieku, poprzednik cyrylicy?;Głagolica;Cyrylica;Runy;Alfabet grecki
Literatura i Język;Języki Obce;bardzo trudne;Jak nazywa się hipotetyczny prajęzyk, z którego wywodzi się większość języków Europy i części Azji?;Język praindoeuropejski;Język praslowiański;Język pragermański;Łacina wulgarna
Literatura i Język;Klasyka Światowa;łatwe;Kto jest autorem powieści "Wojna i pokój"?;Lew Tołstoj;Fiodor Dostojewski;Anton Czechow;Iwan Turgieniew
Literatura i Język;Klasyka Światowa;trudne;Kto jest autorem sztuki "Romeo i Julia"?;William Szekspir;Christopher Marlowe;Ben Jonson;John Webster
Literatura i Język;Klasyka Światowa;trudne;Jak nazywa się powieść Franza Kafki o człowieku, który budzi się zamieniony w owada?;Przemiana;Proces;Zamek;Ameryka
Literatura i Język;Klasyka Światowa;bardzo trudne;Kto jest autorem powieści "W poszukiwaniu straconego czasu", jednego z najdłuższych dzieł literatury światowej?;Marcel Proust;James Joyce;Thomas Mann;Robert Musil
Literatura i Język;Klasyka Światowa;bardzo trudne;Jak nazywa się powieść Thomasa Manna o rodzinie kupieckiej z Lubeki, za którą otrzymał Nagrodę Nobla?;Buddenbrookowie;Czarodziejska góra;Doktor Faustus;Śmierć w Wenecji
Literatura i Język;Komiksy i Powieści Graficzne;łatwe;Jak nazywa się belgijski komiks o galijskiej wiosce opierającej się Rzymianom dzięki magicznemu napojowi?;Asteriks;Tintin;Lucky Luke;Spirou
Literatura i Język;Komiksy i Powieści Graficzne;trudne;Kto jest autorką powieści graficznej "Persepolis", o dorastaniu w rewolucyjnym Iranie?;Marjane Satrapi;Art Spiegelman;Alison Bechdel;Chris Ware
Literatura i Język;Komiksy i Powieści Graficzne;trudne;Kto jest twórcą mangi "Akira", uznawanej za jedną z najważniejszych w historii tego medium?;Katsuhiro Otomo;Osamu Tezuka;Hayao Miyazaki;Naoki Urasawa
Literatura i Język;Komiksy i Powieści Graficzne;bardzo trudne;Kto jest uznawany za "ojca mangi", twórcą "Astro Boya" i pionierem powojennej japońskiej animacji?;Osamu Tezuka;Katsuhiro Otomo;Hayao Miyazaki;Akira Toriyama
Literatura i Język;Komiksy i Powieści Graficzne;bardzo trudne;Jak nazywa się powieść graficzna Alana Moore'a i Dave'a Gibbonsa, uznawana za przełomową dla gatunku superbohaterskiego?;Watchmen;V jak Vendetta;Batman: Powrót Mrocznego Rycerza;Sandman
Literatura i Język;Kryminały i Thrillery;łatwe;Kto jest autorem powieści "Dziewczyna z tatuażem" z cyklu Millennium?;Stieg Larsson;Henning Mankell;Jo Nesbø;Camilla Läckberg
Literatura i Język;Kryminały i Thrillery;trudne;Jak nazywa się szwedzki detektyw, bohater serii powieści Henninga Mankella?;Kurt Wallander;Harry Hole;Sherlock Holmes;Hercule Poirot
Literatura i Język;Kryminały i Thrillery;trudne;Kto jest autorem serii kryminałów o norweskim detektywie Harrym Hole?;Jo Nesbø;Henning Mankell;Stieg Larsson;Camilla Läckberg
Literatura i Język;Kryminały i Thrillery;bardzo trudne;Kto jest autorem powieści "Milczenie owiec", na podstawie której powstał film z Anthonym Hopkinsem?;Thomas Harris;Patricia Highsmith;James Ellroy;Dennis Lehane
Literatura i Język;Kryminały i Thrillery;bardzo trudne;Jak nazywa się skandynawski gatunek literacki, charakteryzujący się mrocznym klimatem, do którego należy twórczość Larssona i Nesbø?;Nordic noir;Tartan noir;Mediterranean noir;Nordic gothic
Literatura i Język;Lektury Szkolne;łatwe;Kto jest autorem "Balladyny", romantycznego dramatu o siostrach rywalizujących o władzę?;Juliusz Słowacki;Adam Mickiewicz;Zygmunt Krasiński;Stanisław Wyspiański
Literatura i Język;Lektury Szkolne;trudne;Kto napisał powieść "Nad Niemnem", lekturę o życiu ziemiaństwa po powstaniu styczniowym?;Eliza Orzeszkowa;Maria Konopnicka;Gabriela Zapolska;Narcyza Żmichowska
Literatura i Język;Lektury Szkolne;trudne;Kto jest autorem powieści "Ludzie bezdomni", lektury o doktorze Judymie?;Stefan Żeromski;Bolesław Prus;Władysław Reymont;Henryk Sienkiewicz
Literatura i Język;Lektury Szkolne;bardzo trudne;Jak nazywa się powieść Stefana Żeromskiego o inżynierze Cezarym Baryce, osadzona w okresie odzyskania niepodległości?;Przedwiośnie;Ludzie bezdomni;Popioły;Wierna rzeka
Literatura i Język;Lektury Szkolne;bardzo trudne;Jak nazywa się powieść Marii Dąbrowskiej o rodzinie Niechciców, obejmująca kilkadziesiąt lat historii Polski?;Noce i dnie;Ludzie stamtąd;Przygody człowieka myślącego;Znaki życia
Literatura i Język;Literatura Dziecięca;łatwe;Kto jest autorem "Kubusia Puchatka", stworzonego na podstawie zabawek syna?;A.A. Milne;Lewis Carroll;J.M. Barrie;Roald Dahl
Literatura i Język;Literatura Dziecięca;trudne;Kto jest autorką "Pippi Pończoszanki", szwedzkiej powieści o niezależnej rudowłosej dziewczynce?;Astrid Lindgren;Tove Jansson;Selma Lagerlöf;Maria Gripe
Literatura i Język;Literatura Dziecięca;trudne;Kto jest autorem "Ani z Zielonego Wzgórza", kanadyjskiej powieści o rudowłosej sierotce?;Lucy Maud Montgomery;Frances Hodgson Burnett;Louisa May Alcott;Kate Douglas Wiggin
Literatura i Język;Literatura Dziecięca;bardzo trudne;Kto jest autorem "Elementarza", popularnego polskiego podręcznika do nauki czytania dla dzieci?;Marian Falski;Ewa Szelburg-Zarembina;Maria Kownacka;Wanda Chotomska
Literatura i Język;Literatura Dziecięca;bardzo trudne;Kto jest autorką wiersza "Rota" oraz licznych utworów dla dzieci, w tym "O Janku Wędrowniczku"?;Maria Konopnicka;Ewa Szelburg-Zarembina;Maria Kownacka;Wanda Chotomska
Literatura i Język;Mitologia w Literaturze;łatwe;Jak nazywał się grecki bohater, który wymyślił konia trojańskiego, dzięki któremu Grecy zdobyli Troję?;Odyseusz;Achilles;Agamemnon;Parys
Literatura i Język;Mitologia w Literaturze;trudne;Jak nazywała się nimfa zakochana w Narcyzie, skazana na powtarzanie cudzych słów?;Echo;Kalipso;Dafne;Syrinx
Literatura i Język;Mitologia w Literaturze;trudne;Jak nazywał się w mitologii nordyckiej wilk, który miał połknąć Odyna podczas Ragnaroku?;Fenrir;Jormungandr;Sköll;Hati
Literatura i Język;Mitologia w Literaturze;bardzo trudne;Jak nazywał się grecki tytan, który ukradł ogień bogom i podarował go ludziom, za co został ukarany przez Zeusa?;Prometeusz;Atlas;Epimeteusz;Kronos
Literatura i Język;Mitologia w Literaturze;bardzo trudne;Jak nazywała się w mitologii greckiej kapłanka Apolla w Delfach, przepowiadająca przyszłość?;Pytia;Sybilla;Kasandra;Wieszczka
Literatura i Język;Poezja Polska;łatwe;Kto jest autorem cyklu "Trenów" napisanych po śmierci córki Urszulki?;Jan Kochanowski;Adam Mickiewicz;Juliusz Słowacki;Cyprian Kamil Norwid
Literatura i Język;Poezja Polska;trudne;Jaki jest tytuł wiersza Wisławy Szymborskiej, w którym pisze o kocie pozostawionym w opuszczonym mieszkaniu?;Kot w pustym mieszkaniu;Nic dwa razy;Radość pisania;Milczenie roślin
Literatura i Język;Poezja Polska;trudne;Kto jest autorem poematu "Pan Cogito", cyklu wierszy o współczesnym everymanie?;Zbigniew Herbert;Tadeusz Różewicz;Czesław Miłosz;Wisława Szymborska
Literatura i Język;Poezja Polska;bardzo trudne;Kto jest autorem tomiku "Niepokój", debiutanckiego zbioru poezji powojennej, zrywającego z tradycyjną formą wiersza?;Tadeusz Różewicz;Zbigniew Herbert;Czesław Miłosz;Julian Przyboś
Literatura i Język;Poezja Polska;bardzo trudne;Jak nazywa się grupa poetycka lat 30., do której należał Krzysztof Kamil Baczyński, znana z katastroficznych wizji nadchodzącej wojny?;Żagaryści;Skamandryci;Awangarda Krakowska;Katastrofiści
Literatura i Język;Polscy Nobliści;łatwe;Kto zdobył Literacką Nagrodę Nobla w 1980 roku, poeta i eseista, emigrant polityczny?;Czesław Miłosz;Wisława Szymborska;Henryk Sienkiewicz;Władysław Reymont
Literatura i Język;Polscy Nobliści;trudne;Jaka powieść Henryka Sienkiewicza, osadzona w starożytnym Rzymie, przyniosła mu światową sławę przed otrzymaniem Nobla?;Quo Vadis;Krzyżacy;Potop;Ogniem i mieczem
Literatura i Język;Polscy Nobliści;trudne;Kto jest piątą polską laureatką Nagrody Nobla w dziedzinie literatury, nagrodzoną w 2019 roku?;Olga Tokarczuk;Wisława Szymborska;Czesław Miłosz;Ewa Lipska
Literatura i Język;Polscy Nobliści;bardzo trudne;Jak zaczyna się jeden z najbardziej znanych wierszy Wisławy Szymborskiej, mówiący, że nic się dwa razy nie zdarza?;Nic dwa razy;Kot w pustym mieszkaniu;Radość pisania;Możliwości
Literatura i Język;Polscy Nobliści;bardzo trudne;W jakiej miejscowości, obecnie na Litwie, urodził się Czesław Miłosz?;Szetejnie;Wilno;Kowno;Grodno
Literatura i Język;Przysłowia i Powiedzenia;trudne;Jak brzmi dalszy ciąg przysłowia "Jak sobie pościelesz...";tak się wyśpisz;tak się obudzisz;tak będzie ci wygodnie;tak spać będziesz
Literatura i Język;Przysłowia i Powiedzenia;trudne;Co oznacza powiedzenie "kupować kota w worku"?;Kupować coś bez sprawdzenia, ryzykując rozczarowanie;Kupować rzeczy tanio;Robić zakupy pod wpływem impulsu;Handlować nielegalnie
Literatura i Język;Przysłowia i Powiedzenia;bardzo trudne;Skąd pochodzi powiedzenie "wyjść jak Zabłocki na mydle", oznaczające ponieść stratę na interesie?;Z anegdoty o XIX-wiecznym kupcu, który stracił majątek na handlu mydłem;Z bajki Ignacego Krasickiego;Z powieści Bolesława Prusa;Z przysłowia ludowego bez znanego źródła
Literatura i Język;Przysłowia i Powiedzenia;bardzo trudne;Jak brzmi łacińska sentencja oznaczająca "w dobrej wierze", używana w kontekstach prawnych i etycznych?;Bona fide;Mala fide;Ad hoc;De facto
Literatura i Język;Słynne Cytaty Literackie;łatwe;Z jakiego dramatu Szekspira pochodzi cytat "Coś zgniłego jest w państwie duńskim"?;Hamlet;Makbet;Otello;Król Lear
Literatura i Język;Słynne Cytaty Literackie;trudne;Kto napisał słowa "Cała Galia jest podzielona na trzy części", otwierające jego dzieło historyczne?;Juliusz Cezar;Tacyt;Liwiusz;Swetoniusz
Literatura i Język;Słynne Cytaty Literackie;trudne;Z jakiego utworu pochodzi wers "Litwo! Ojczyzno moja! ty jesteś jak zdrowie"?;Pan Tadeusz;Dziady;Konrad Wallenrod;Grażyna
Literatura i Język;Słynne Cytaty Literackie;bardzo trudne;Kto jest autorem zdania "Piekło to inni ludzie" z dramatu "Przy drzwiach zamkniętych"?;Jean-Paul Sartre;Albert Camus;Simone de Beauvoir;Fiodor Dostojewski
Literatura i Język;Słynne Cytaty Literackie;bardzo trudne;Z jakiego dzieła filozoficznego pochodzi zdanie "Człowiek jest skazany na wolność"?;Byt i nicość;Dżuma;Mit Syzyfa;Nudności
Literatura i Język;Współcześni Pisarze Polscy;łatwe;Kto jest autorem powieści "Lubiewo" oraz felietonów, znany z prowokacyjnego stylu?;Michał Witkowski;Jacek Dehnel;Krzysztof Varga;Dorota Masłowska
Literatura i Język;Współcześni Pisarze Polscy;trudne;Kto jest autorem cyklu reporterskiego "Gottland", o kulturze i historii Czech w XX wieku?;Mariusz Szczygieł;Ryszard Kapuściński;Wojciech Tochman;Jacek Hugo-Bader
Literatura i Język;Współcześni Pisarze Polscy;trudne;Kto jest autorem powieści "Dom dzienny, dom nocny", zbioru opowieści z polsko-czeskiego pogranicza?;Olga Tokarczuk;Joanna Bator;Dorota Masłowska;Zyta Rudzka
Literatura i Język;Współcześni Pisarze Polscy;bardzo trudne;Kto jest autorem powieści "Piaskowa Góra" i "Chmurdalia", osadzonych na Dolnym Śląsku?;Joanna Bator;Olga Tokarczuk;Dorota Masłowska;Sylwia Chutnik
Literatura i Język;Współcześni Pisarze Polscy;bardzo trudne;Kto jest autorem zbioru opowiadań "Pod Mocnym Aniołem", na podstawie którego powstał film o uzależnieniu od alkoholu?;Jerzy Pilch;Andrzej Stasiuk;Paweł Huelle;Marek Bieńczyk
