Motoryzacja i Transport;Budowa Samochodu;trudne;Jak nazywa się element silnika zamieniający ruch posuwisty tłoka na ruch obrotowy?;Wał korbowy;Wałek rozrządu;Korbowód;Koło zamachowe
Motoryzacja i Transport;Budowa Samochodu;trudne;Jak nazywa się mechanizm pozwalający kołom jednej osi obracać się z różną prędkością?;Mechanizm różnicowy (dyferencjał);Sprzęgło;Wał napędowy;Przekładnia główna
Motoryzacja i Transport;Budowa Samochodu;trudne;Jak nazywa się niezwykle ważny element układu napędowego, który umożliwia obracanie się kół osi napędowej z różnymi prędkościami na zakrętach?;Mechanizm różnicowy (dyferencjał);Wał korbowy;Sprzęgło cierne;Kolektor ssący
Motoryzacja i Transport;Budowa Samochodu;trudne;Jak nazywa się precyzyjne urządzenie w układzie paliwowym nowoczesnych silników benzynowych, które zastąpiło gaźnik i dozuje paliwo bezpośrednio do cylindrów lub kolektora ssącego pod wysokim ciśnieniem?;Wtryskiwacz (Injector);Dysza Laval;Zawór EGR;Przepustnica powietrza
Motoryzacja i Transport;Budowa Samochodu;trudne;Jak nazywa się urządzenie w układzie wydechowym, które drastycznie zmniejsza emisję szkodliwych spalin?;Katalizator;Tłumik końcowy;Sonda lambda;Kolektor wydechowy
Motoryzacja i Transport;Budowa Samochodu;trudne;Jak określa się specjalny przegub napędowy, który pozwala na płynne przekazywanie momentu obrotowego pod zmiennym kątem (szczególnie w autach z przednim napędem)?;Przegub homokinetyczny;Przegub Cardana;Przegub krzyżakowy;Przegub kulowy
Motoryzacja i Transport;Budowa Samochodu;trudne;Jaki czujnik w układzie wydechowym mierzy skład spalin?;Sonda lambda;Przepływomierz;Termostat;Czujnik Halla
Motoryzacja i Transport;Budowa Samochodu;trudne;Jaki precyzyjny czujnik w układzie wydechowym mierzy zawartość tlenu w spalinach, przesyłając dane niezbędne do ustalenia dawki paliwa?;Sonda lambda;Przepływomierz;Czujnik spalania stukowego;Potencjometr przepustnicy
Motoryzacja i Transport;Budowa Samochodu;łatwe;Co odpowiada za magazynowanie w samochodzie energii elektrycznej, umożliwiając m.in. rozruch silnika, gdy auto jest wyłączone?;Akumulator;Prądnica;Kondensator;Bezpiecznik
Motoryzacja i Transport;Budowa Samochodu;łatwe;Jak nazywa się element służący do kierowania pojazdem?;Kierownica;Pedal gazu;Hamulec;Skrzynia biegów
Motoryzacja i Transport;Budowa Samochodu;łatwe;Jak nazywa się prądnica w samochodzie, która jest napędzana paskiem i podczas jazdy ładuje akumulator?;Alternator;Rozrusznik;Turbosprężarka;Rozdzielacz zapłonu
Motoryzacja i Transport;Budowa Samochodu;łatwe;Jaki bardzo widoczny element tuż za atrapą z przodu auta, wykorzystując opływające ją powietrze, chroni płyn i silnik przed przegrzaniem?;Chłodnica;Alternator;Miska olejowa;Skrzynia biegów
Motoryzacja i Transport;Budowa Samochodu;łatwe;Jaki element silnika spalinowego odpowiada za zapłon mieszanki paliwowo-powietrznej w silniku benzynowym?;Świeca zapłonowa;Tłok;Wał korbowy;Rozrząd
Motoryzacja i Transport;Budowa Samochodu;łatwe;Jaki mechanizm w układzie napędowym pozwala na zmianę przełożenia, decydując o sile i prędkości przekazywanej na koła?;Skrzynia biegów;Mechanizm różnicowy;Wał Kardana;Sprzęgło
Motoryzacja i Transport;Budowa Samochodu;łatwe;Która część silnika odpowiada za zapłon mieszanki w silniku benzynowym?;Świeca zapłonowa;Tłok;Chłodnica;Alternator
Motoryzacja i Transport;Budowa Samochodu;łatwe;W jaki specjalistyczny element wyposażony jest tradycyjny silnik benzynowy, aby wygenerować przeskok iskry i zainicjować zapłon mieszanki?;W świecę zapłonową;W świecę żarową;W wtryskiwacz paliwa;W przepustnicę
Motoryzacja i Transport;Ekologia w Motoryzacji;trudne;Ile gramów CO₂ na kilometr wynosiło docelowe ograniczenie emisji dla nowych samochodów osobowych w Unii Europejskiej, obowiązujące producentów od 2021 roku (średnia wartość floty)?;95 g/km;120 g/km;75 g/km;130 g/km
Motoryzacja i Transport;Ekologia w Motoryzacji;trudne;Jak nazywa się 32,5-procentowy wodny roztwór mocznika, stosowany w nowoczesnych silnikach diesla w celu katalitycznej redukcji szkodliwych tlenków azotu?;AdBlue;Eolys;LHM;Petrygo
Motoryzacja i Transport;Ekologia w Motoryzacji;trudne;Jak potocznie określa się system, który ze względów ekologicznych automatycznie wyłącza silnik spalinowy, gdy auto zatrzymuje się na światłach?;System Start-Stop;System KERS;System hybrydowy;System rekuperacji
Motoryzacja i Transport;Ekologia w Motoryzacji;trudne;Jaki bezwonny, pozbawiony smaku i niezwykle trujący gaz jest bezpośrednim wynikiem niepełnego spalania paliwa w komorze silnika spalinowego?;Tlenek węgla;Dwutlenek węgla;Tlenek azotu;Związek siarki
Motoryzacja i Transport;Ekologia w Motoryzacji;trudne;Pod jakim skrótem znane są europejskie standardy emisji spalin, których najnowsza norma to numer 7?;Euro;EPA;CARB;WLTP
Motoryzacja i Transport;Ekologia w Motoryzacji;łatwe;Co oznacza skrót EV (Electric Vehicle) często używany do opisywania najnowszych samochodów na rynku?;Pojazd w pełni elektryczny;Pojazd o zwiększonej pojemności;Ekstremalnie szybki samochód;Pojazd hybrydowy
Motoryzacja i Transport;Ekologia w Motoryzacji;łatwe;Czym jest proces tzw. rekuperacji stosowany w nowoczesnych hybrydach i autach elektrycznych (EV)?;Odzyskiwaniem energii elektrycznej podczas hamowania;Podgrzewaniem baterii przed startem zimą;Aktualizacją systemu samochodu przez internet;Ekologicznym chłodzeniem kabiny
Motoryzacja i Transport;Ekologia w Motoryzacji;łatwe;Czym w samochodach spalinowych jest wbudowany w układ wydechowy tzw. katalizator?;Reaktorem oczyszczającym toksyczne spaliny;Tłumikiem hałasu z silnika;Częścią filtrującą paliwo w baku;Turbiną zwiększającą moc na autostradzie
Motoryzacja i Transport;Ekologia w Motoryzacji;łatwe;Jak potocznie określa się samochód posiadający pod maską zarówno tradycyjny silnik spalinowy, jak i wspomagający go silnik elektryczny?;Hybryda;Elektryk;Kombajn spalinowy;Diesel typu common-rail
Motoryzacja i Transport;Ekologia w Motoryzacji;łatwe;Jaki rodzaj napędu w samochodzie łączy w sobie tradycyjny silnik spalinowy i silnik elektryczny?;Hybrydowy;Wodorowy;Pneumatyczny;Kinetyczny
Motoryzacja i Transport;Ekologia w Motoryzacji;łatwe;Jaką substancję emituje z rury wydechowej bezemisyjny, ekologiczny samochód napędzany wodorem (ogniwami paliwowymi)?;Wyłącznie czystą wodę (parę wodną);Czysty tlen;Dwutlenek węgla (CO2);Podtlenek azotu
Motoryzacja i Transport;Formuła 1 i Motorsport;trudne;Jak nazywa się słynny wyścig wytrzymałościowy trwający całą dobę?;24h Le Mans;Indy 500;Rajd Dakar;Monaco GP
Motoryzacja i Transport;Formuła 1 i Motorsport;trudne;Jak nazywał się brazylijski kierowca, który zginął w 1994 roku na torze Imola?;Ayrton Senna;Roland Ratzenberger;Gilles Villeneuve;Jim Clark
Motoryzacja i Transport;Formuła 1 i Motorsport;trudne;Jak zwał się zlikwidowany po 1986 r., ze względu na potężną i niebezpieczną moc aut, legendarny zbiór regulacji technicznych w Rajdowych Mistrzostwach Świata?;Grupa B;Grupa A;Grupa N;WRC
Motoryzacja i Transport;Formuła 1 i Motorsport;trudne;Jaki legendarny, charyzmatyczny brazylijski kierowca Formuły 1 zginął tragicznie po uderzeniu w betonową barierę podczas Grand Prix San Marino w 1994 r.?;Ayrton Senna;Nelson Piquet;Emerson Fittipaldi;Rubens Barrichello
Motoryzacja i Transport;Formuła 1 i Motorsport;trudne;Kto dzierży historyczny rekord pod względem ilości zdobytych tytułów mistrza świata F1 wspólnie z Michaelem Schumacherem?;Lewis Hamilton;Ayrton Senna;Sebastian Vettel;Alain Prost
Motoryzacja i Transport;Formuła 1 i Motorsport;trudne;Który europejski zespół Formuły 1 jako jedyny w historii brał udział we wszystkich sezonach mistrzostw świata od ich założenia w 1950 roku?;Ferrari;McLaren;Williams;Mercedes
Motoryzacja i Transport;Formuła 1 i Motorsport;trudne;Który kierowca Formuły 1 jako pierwszy w historii mistrzostw świata zdobył łącznie 100 zwycięstw wyścigowych?;Lewis Hamilton;Michael Schumacher;Ayrton Senna;Sebastian Vettel
Motoryzacja i Transport;Formuła 1 i Motorsport;trudne;W którym roku Robert Kubica odniósł swoje jedyne zwycięstwo w wyścigu F1 (GP Kanady)?;2008;2006;2010;2019
Motoryzacja i Transport;Formuła 1 i Motorsport;łatwe;Jak nazywa się jedyny polski kierowca w historii, który zdobył punkty i wygrał wyścig w Formule 1?;Robert Kubica;Krzysztof Hołowczyc;Kajetan Kajetanowicz;Michał Kościuszko
Motoryzacja i Transport;Formuła 1 i Motorsport;łatwe;Jak nazywa się jedyny polski kierowca, który startował w wyścigach Formuły 1?;Robert Kubica;Krzysztof Hołowczyc;Sobiesław Zasada;Bartosz Zmarzlik
Motoryzacja i Transport;Formuła 1 i Motorsport;łatwe;Jak w sportach motorowych nazywa się opływowy, jednomiejscowy wyścigowy samochód wyczynowy z odsłoniętymi kołami?;Bolid;Gokart;Dragster;Samochód turystyczny
Motoryzacja i Transport;Formuła 1 i Motorsport;łatwe;Jaki legendarny, niezwykle trudny wieloetapowy rajd terenowy dla aut, motocykli i ciężarówek, dawniej kończył się w stolicy Senegalu?;Rajd Dakar;Rajd Monte Carlo;Baja 1000;Rajd Safari
Motoryzacja i Transport;Formuła 1 i Motorsport;łatwe;Jakim charakterystycznym wzorem i kolorem macha sędzia na mecie wyścigu motorowego, obwieszczając jego koniec?;Czarno-białą szachownicą;Czerwoną flagą;Białą flagą;Czarną flagą z krzyżem
Motoryzacja i Transport;Formuła 1 i Motorsport;łatwe;Jaką flagą tradycyjnie sygnalizuje się kierowcom koniec wyścigu na torze Formuły 1?;Biało-czarną szachownicą;Czerwoną;Żółtą;Zieloną
Motoryzacja i Transport;Formuła 1 i Motorsport;łatwe;Który kierowca Formuły 1 zdobył rekordowe 7 tytułów mistrza świata (jako pierwszy)?;Michael Schumacher;Lewis Hamilton;Sebastian Vettel;Ayrton Senna
Motoryzacja i Transport;Historia Motoryzacji;trudne;Jaki europejski producent samochodów jako absolutnie pierwszy na świecie wprowadził do wyposażenia seryjnego bezpieczne, trzypunktowe pasy bezpieczeństwa?;Volvo;Mercedes-Benz;Volkswagen;Renault
Motoryzacja i Transport;Historia Motoryzacji;trudne;Jaki rewolucyjny pod względem aerodynamiki i technologii model z 1955 r. uchodził przez lata za arcydzieło inżynierii we francuskiej firmie Citroën?;Citroën DS;Citroën 2CV;Citroën Traction Avant;Citroën SM
Motoryzacja i Transport;Historia Motoryzacji;trudne;Który inżynier w 1886 roku uzyskał patent na pierwszy na świecie użyteczny pojazd napędzany silnikiem spalinowym?;Karl Benz;Henry Ford;Gottlieb Daimler;Rudolf Diesel
Motoryzacja i Transport;Historia Motoryzacji;trudne;W którym roku Henry Ford oficjalnie wprowadził do seryjnej produkcji model Ford T, jeden z pierwszych masowo wytwarzanych samochodów na świecie?;1908;1895;1913;1920
Motoryzacja i Transport;Historia Motoryzacji;trudne;W którym roku niemiecki wizjoner Karl Benz oficjalnie uzyskał patent na swój pierwszy, funkcjonalny trójkołowy pojazd napędzany silnikiem spalinowym?;1886;1893;1901;1876
Motoryzacja i Transport;Historia Motoryzacji;łatwe;Jaka amerykańska marka wyprodukowała słynny Model T, który zmotoryzował Stany Zjednoczone?;Ford;Chevrolet;Dodge;Cadillac
Motoryzacja i Transport;Historia Motoryzacji;łatwe;Jaki legendarny w Polsce, bardzo mały i ciasny samochód o kwadratowych rysach masowo zmotoryzował Polskę z początkiem lat 70.?;Fiat 126p (Maluch);FSO Polonez;Syrena 105;Fiat 125p (Duży Fiat)
Motoryzacja i Transport;Historia Motoryzacji;łatwe;Jaki niemiecki samochód 'dla ludu', o bardzo zaokrąglonym kształcie, produkowany od lat 30., pobił wiele światowych rekordów sprzedaży?;Volkswagen Garbus (Beetle);Volkswagen Golf;Porsche 911;Trabant
Motoryzacja i Transport;Historia Motoryzacji;łatwe;Jaki sportowy, amerykański samochód z podnoszonymi do góry drzwiami stał się kultowym wehikułem czasu w filmie 'Powrót do przyszłości'?;DeLorean DMC-12;Pontiac Firebird;Ford Mustang;Chevrolet Corvette
Motoryzacja i Transport;Historia Motoryzacji;łatwe;Kto pod koniec XIX wieku w Niemczech zbudował trójkołowy wehikuł z silnikiem spalinowym, powszechnie uznany za pierwszy automobil w historii?;Karl Benz;Henry Ford;Ferdinand Porsche;Nikolaus Otto
Motoryzacja i Transport;Historia Motoryzacji;łatwe;Kto zrewolucjonizował świat, wprowadzając Model T i uruchamiając na masową skalę w USA pierwszą linię montażową?;Henry Ford;Karl Benz;Gottlieb Daimler;Enzo Ferrari
Motoryzacja i Transport;Infrastruktura Drogowa;trudne;Jak potocznie nazywa się bardzo popularny typ bezkolizyjnego węzła drogowego, w którym wszystkie łącznice do skrętów w lewo mają kształt pętli?;Koniczynka;Trąbka;Krzyż Maltański;Diament
Motoryzacja i Transport;Infrastruktura Drogowa;trudne;Jaki kolor tła mają tablice drogowskazowe informujące o wjeździe na autostradę w Polsce?;Niebieski;Zielony;Żółty;Biały
Motoryzacja i Transport;Infrastruktura Drogowa;trudne;Jaki termin inżynieryjny opisuje celowy, poprzeczny spadek powierzchni jezdni na ostrym łuku drogi, mający niwelować i równoważyć zgubną siłę odśrodkową?;Przechyłka;Skrajnia drogowa;Krzywa przejściowa;Niwelacja
Motoryzacja i Transport;Infrastruktura Drogowa;trudne;Jaką literą oznaczane są numery dróg ekspresowych w Polsce, widoczną na zielonych tablicach kierunkowych (np. trasa łącząca Łódź z Warszawą)?;S;E;A;D
Motoryzacja i Transport;Infrastruktura Drogowa;trudne;W jakim europejskim, skandynawskim państwie otwarto do użytku Lærdalstunnelen, będący najdłuższym drogowym tunelem na świecie (ponad 24 km)?;W Norwegii;W Szwajcarii;W Szwecji;We Włoszech
Motoryzacja i Transport;Infrastruktura Drogowa;łatwe;Czym są tzw. 'kocie oczka' wbudowywane często na nieoświetlonych i niebezpiecznych łukach jezdni?;Odblaskami montowanymi w asfalcie;Czujnikami mierzącymi prędkość;Kamerami monitoringu miejskiego;Zraszaczami przeciwoblodzeniowymi
Motoryzacja i Transport;Infrastruktura Drogowa;łatwe;Czym w inżynierii drogowej różni się klasyczny wiadukt od klasycznego mostu?;Wiadukt prowadzi nad inną drogą/torami, a most nad przeszkodą wodną;Wiadukt służy tylko dla pociągów, a most tylko dla aut;Wiadukt jest zawsze drewniany, a most stalowy;Nie ma żadnej różnicy, to synonimy
Motoryzacja i Transport;Infrastruktura Drogowa;łatwe;Jak nazywa się pas na autostradzie służący wyłącznie do bezpiecznego rozpędzenia się samochodu przed płynnym włączeniem się do ruchu?;Pas włączenia (rozbiegowy);Pas wyłączenia;Pas awaryjny;Lewy skrajny pas
Motoryzacja i Transport;Infrastruktura Drogowa;łatwe;Jak nazywa się wielopoziomowe skrzyżowanie na autostradzie, pozwalające bezkolizyjnie zjechać lub wjechać na inne trasy szybkiego ruchu?;Węzeł drogowy;Rondo turbinowe;Wiadukt;Estakada
Motoryzacja i Transport;Infrastruktura Drogowa;łatwe;Jaką literą w Polsce oznacza się drogi szybkiego ruchu o najwyższym standardzie, potocznie zwane autostradami?;A;S;K;W
Motoryzacja i Transport;Infrastruktura Drogowa;łatwe;Z jakiej bardzo ciemnej, lepkiej i węglowodorowej substancji uzyskiwanej z ropy naftowej składa się lepiszcze tworzące nawierzchnie asfaltowe?;Z bitumu (asfaltu);Z cementu portlandzkiego;Z żywicy epoksydowej;Z kauczuku
Motoryzacja i Transport;Kolejnictwo i Pociągi;trudne;Jak nazywa się europejski system sterowania ruchem kolejowym, który ma zapewnić interoperacyjność pociągów między różnymi krajami UE i jest wdrażany w ramach Transeuropejskiej Sieci Transportowej?;ETCS (European Train Control System);GPS Rail Control (GRC);Advanced Track Signal System (ATSS);Centralized Rail Management (CRM)
Motoryzacja i Transport;Kolejnictwo i Pociągi;trudne;Jak nazywa się japońska sieć superszybkiej kolei pasażerskiej, znana z tak zwanych pociągów-pocisków?;Shinkansen;TGV;ICE;Eurostar
Motoryzacja i Transport;Kolejnictwo i Pociągi;trudne;Jak określa się innowacyjny i niezwykle szybki system kolei japońskiej i chińskiej, w którym pociągi fizycznie unoszą się nad torem na poduszkach magnetycznych?;Maglev (kolej magnetyczna);Monorail;Shinkansen;TGV
Motoryzacja i Transport;Kolejnictwo i Pociągi;trudne;Jaką nazwę nosił historyczny, niewiarygodnie luksusowy pociąg pasażerski, kursujący m.in. na trasie Paryż-Stambuł, unieśmiertelniony w powieściach kryminalnych?;Orient Express;Trans-Siberian Express;Flying Scotsman;Glacier Express
Motoryzacja i Transport;Kolejnictwo i Pociągi;trudne;W jakiej dużej europejskiej stolicy oficjalnie uruchomiono pierwszą na świecie (jeszcze wówczas napędzaną parą) podziemną linię metra miejskiego w 1863 roku?;W Londynie;W Paryżu;W Berlinie;W Moskwie
Motoryzacja i Transport;Kolejnictwo i Pociągi;łatwe;Jak nazywa się historyczny typ lokomotywy, w której spalany węgiel podgrzewał wodę, a powstałe ciśnienie napędzało tłoki?;Parowóz;Spalinowóz;Elektrowóz;Drezyna
Motoryzacja i Transport;Kolejnictwo i Pociągi;łatwe;Jak oficjalnie nazywa się zawód osoby, która na co dzień steruje pociągiem lub lokomotywą w kabinie z przodu składu?;Maszynista;Kierownik pociągu;Konduktor;Pilot szynowy
Motoryzacja i Transport;Kolejnictwo i Pociągi;łatwe;Jak potocznie nazywa się podziemną kolej miejską, ułatwiającą szybki transport w wielkich miastach?;Metro;Tramwaj;Trolejbus;Szybka Kolej Miejska
Motoryzacja i Transport;Kolejnictwo i Pociągi;łatwe;Jak w Polsce określa się włoskie składy dużych prędkości klasy Express InterCity Premium, posiadające charakterystyczny aerodynamiczny 'nos'?;Pendolino;TGV;Dart;Flirt
Motoryzacja i Transport;Kolejnictwo i Pociągi;łatwe;Jaki najbardziej luksusowy i owiany legendą pociąg pasażerski świata kursował dawniej na trasie z Paryża do Stambułu?;Orient Express;Transsyberyjska;Glacier Express;Pociąg Złotego Wieku
Motoryzacja i Transport;Kolejnictwo i Pociągi;łatwe;Jaki trzyliterowy skrót oznacza słynne francuskie pociągi dużych prędkości, które wielokrotnie biły światowe rekordy na torach?;TGV;ICE;AVE;KDP
Motoryzacja i Transport;Kultowe Auta PRL;trudne;Jak nazywał się prototyp polskiego auta małolitrażowego z silnikiem umieszczonym z tyłu, produkowany w Mielcu?;Mikrus MR-300;Smyk;Medusa;Beskid
Motoryzacja i Transport;Kultowe Auta PRL;trudne;Jaka była pojemność skokowa silnika oryginalnego Fiata 126p (zwanego potocznie Maluchem), produkowanego w Bielsku-Białej od 1973 roku?;652 cm³;850 cm³;499 cm³;1000 cm³
Motoryzacja i Transport;Kultowe Auta PRL;trudne;Jaki niezwykle udany polski samochód dostawczy z fabryki FSC w Lublinie przez lata zmotoryzował rodzimy handel i usługi, m.in. bazując na podzespołach z Warszawy?;Żuk;Nysa;Tarpan;Lublin
Motoryzacja i Transport;Kultowe Auta PRL;trudne;Na jakiej dokładnie licencji radzieckiego i przestarzałego pojazdu produkowano w Polsce na Żeraniu w latach 50. i 60. legendarną Warszawę M20?;GAZ-M20 Pobieda;Wołga GAZ-21;Moskwicz 400;ZAZ-965 Zaporożec
Motoryzacja i Transport;Kultowe Auta PRL;trudne;Na licencji jakiego radzieckiego auta bazowała polska Warszawa M20?;GAZ-M20 Pobieda;Wołga;Łada;Moskwicz
Motoryzacja i Transport;Kultowe Auta PRL;trudne;W jakiej polskiej fabryce początkowo odbywała się seryjna produkcja samochodów marki Syrena?;W FSO w Warszawie;W FSM w Bielsku-Białej;W ZSD w Nysie;W FSC w Starachowicach
Motoryzacja i Transport;Kultowe Auta PRL;trudne;W jakim konkretnie roku oficjalnie zakończono w Polsce seryjną produkcję Fiata 126p, wypuszczając ostatnią, symboliczną serię 1000 egzemplarzy pod nazwą "Happy End"?;W 2000 roku;W 1998 roku;W 2002 roku;W 1996 roku
Motoryzacja i Transport;Kultowe Auta PRL;trudne;W którym roku rozpoczęto seryjną produkcję Fiata 126p w Polsce?;1973;1975;1970;1978
Motoryzacja i Transport;Kultowe Auta PRL;łatwe;Jak nazywał się pierwszy polski powojenny samochód osobowy produkowany na Żeraniu?;Warszawa;Syrena;Polonez;Mikrus
Motoryzacja i Transport;Kultowe Auta PRL;łatwe;Jak pieszczotliwie Polacy nazywali Fiata 126p, który był pierwszym powszechnym samochodem niemal każdej polskiej rodziny?;Maluch;Kaszlak;Borewicz;Bąbel
Motoryzacja i Transport;Kultowe Auta PRL;łatwe;Jak potocznie nazywano Fiata 126p?;Maluch;Duży Fiat;Syrena;Warszawa
Motoryzacja i Transport;Kultowe Auta PRL;łatwe;Jaki legendarny, kanciasty i kultowy radiowóz, produkowany na Żeraniu, uchodził na ekranie za wóz niezłomnego porucznika Borewicza?;FSO Polonez;Fiat 125p (Duży Fiat);Nysa;Żuk
Motoryzacja i Transport;Kultowe Auta PRL;łatwe;Jaki niezwykle popularny w Polsce samochód pieszczotliwie i powszechnie nazywano "Maluchem"?;Fiat 126p;Syrena;Polonez;Warszawa
Motoryzacja i Transport;Kultowe Auta PRL;łatwe;Jaki wschodnioniemiecki, bardzo popularny u nas samochód miał dymiący dwusuwowy silnik, a jego karoserię wytwarzano z tworzywa zwanego duroplastem?;Trabant;Wartburg;Dacia;Lada
Motoryzacja i Transport;Kultowe Auta PRL;łatwe;Z produkcją jakiej zasłużonej czeskiej marki, w czasach PRL niezwykle pożądanej w Polsce (modele 105 i 120), silnie związana jest Mlada Boleslav?;Škoda;Tatra;Zastava;Yugo
Motoryzacja i Transport;Lotnictwo i Samoloty;trudne;Ile silników turboodrzutowych posiada największy seryjny pasażerski samolot świata – Airbus A380?;4;2;6;3
Motoryzacja i Transport;Lotnictwo i Samoloty;trudne;Jak nazywa się największy na świecie dwupokładowy samolot pasażerski, nazywany SuperJumbo?;Airbus A380;Boeing 747;Antonov An-225;Concorde
Motoryzacja i Transport;Lotnictwo i Samoloty;trudne;Jaką nazwę nosił ikoniczny, pionierski wręcz naddźwiękowy samolot pasażerski, który operował komercyjnie w latach 1976-2003 i potrafił przelecieć Atlantyk w 3,5 h?;Concorde;Tupolew Tu-144;Boeing 747;Airbus A380
Motoryzacja i Transport;Lotnictwo i Samoloty;trudne;Który as przestworzy i oblatywacz jako zupełnie pierwszy człowiek w historii lotnictwa zdołał celowo pokonać barierę dźwięku w maszynie Bell X-1 w 1947 r.?;Chuck Yeager;Howard Hughes;Charles Lindbergh;Amelia Earhart
Motoryzacja i Transport;Lotnictwo i Samoloty;trudne;Pod jaką potoczną nazwą znany jest wśród lajków rejestrator parametrów lotu, ułatwiający badanie wszelkich katastrof lotniczych?;Czarna skrzynka;Pomarańczowy radar;Czujnik grawitacyjny;Tajemnicza kula
Motoryzacja i Transport;Lotnictwo i Samoloty;łatwe;Jacy amerykańscy bracia przeszli do historii jako twórcy pierwszej udanej, napędzanej silnikiem i sterowanej maszyny latającej?;Bracia Wright (Orville i Wilbur);Bracia Montgolfier;Bracia Lilienthal;Bracia Boeing
Motoryzacja i Transport;Lotnictwo i Samoloty;łatwe;Jak nazywa się osoba bezpośrednio sterująca samolotem pasażerskim podczas lotu?;Pilot;Maszynista;Konduktor;Kierowca
Motoryzacja i Transport;Lotnictwo i Samoloty;łatwe;Jak nazywa się przypominający kierownicę lub podwójny drążek element sterujący w kokpicie większości samolotów pasażerskich?;Wolant;Kierownica pionowa;Manetka;Orbczyk
Motoryzacja i Transport;Lotnictwo i Samoloty;łatwe;Jak nazywał się legendarny brytyjsko-francuski samolot pasażerski, który potrafił latać z prędkością naddźwiękową?;Concorde;Tupolew Tu-144;Boeing 787 Dreamliner;Airbus A350
Motoryzacja i Transport;Lotnictwo i Samoloty;łatwe;Jaki szerokokadłubowy, amerykański odrzutowiec pasażerski z 'garbem' z przodu nosi dumne miano 'Jumbo Jeta'?;Boeing 747;Airbus A380;Antonov An-225;Lockheed C-5 Galaxy
Motoryzacja i Transport;Lotnictwo i Samoloty;łatwe;Jakiego jaskrawego koloru są w rzeczywistości, dla ułatwienia poszukiwań po katastrofie, lotnicze rejestratory zwane 'czarnymi skrzynkami'?;Pomarańczowego;Czarnego;Czerwonego;Białego odblaskowego
Motoryzacja i Transport;Marki Samochodów;trudne;Dla jakiej znanej koreańskiej grupy motoryzacyjnej prestiżowa i młoda marka Genesis stanowi główny oręż do walki na globalnym rynku limuzyn premium?;Dla grupy Hyundai-Kia;Dla grupy Toyota-Lexus;Dla Daewoo;Dla SsangYong
Motoryzacja i Transport;Marki Samochodów;trudne;Do jakiego koncernu należy luksusowa marka Lexus?;Toyota;Nissan;Honda;Mazda
Motoryzacja i Transport;Marki Samochodów;trudne;Jak nazywa się twórca marki sportowych samochodów Lotus?;Colin Chapman;Enzo Ferrari;Ferruccio Lamborghini;Carroll Shelby
Motoryzacja i Transport;Marki Samochodów;trudne;Jaka potężna japońska marka, zanim zasłynęła na świecie z legendarnych motocykli i aut, tuż po wojnie doczepiała spalinowe silniczki wojskowe do zwykłych rowerów?;Honda;Yamaha;Suzuki;Kawasaki
Motoryzacja i Transport;Marki Samochodów;trudne;Jaki odważny, stający dęba przedni koń widnieje w herbie słynnej, włoskiej marki samochodów sportowych, która do dziś bryluje w Maranello?;Koń w logo Ferrari;Koń w logo Porsche;Koń w logo Mustanga;Koń w logo Lamborghini
Motoryzacja i Transport;Marki Samochodów;trudne;Która grupa motoryzacyjna (koncern) jest właścicielem marek Volkswagen, Audi, Porsche, Lamborghini, Bentley, SEAT i Škoda jednocześnie?;Volkswagen AG (Grupa VAG);Stellantis;Toyota Group;BMW Group
Motoryzacja i Transport;Marki Samochodów;trudne;Która marka samochodów ma w logo cztery przeplatające się pierścienie?;Audi;BMW;Mercedes;Volvo
Motoryzacja i Transport;Marki Samochodów;trudne;Z połączenia ilu historycznych firm motoryzacyjnych (symbolizowanych przez pierścienie) powstała marka Audi?;Czterech;Trzech;Pięciu;Dwóch
Motoryzacja i Transport;Marki Samochodów;łatwe;Jaka legendarna, włoska marka samochodów sportowych ma w swoim żółtym logo czarnego, wierzgającego na tylnych nogach konia?;Ferrari;Porsche;Lamborghini;Maserati
Motoryzacja i Transport;Marki Samochodów;łatwe;Jaka potężna japońska marka znana jest na całym świecie m.in z produkcji niezniszczalnej Corolli oraz hybrydowego Priusa?;Toyota;Honda;Mazda;Nissan
Motoryzacja i Transport;Marki Samochodów;łatwe;Jakie zwierzę znajduje się w logo marki Ferrari?;Koń;Lew;Byk;Jaguar
Motoryzacja i Transport;Marki Samochodów;łatwe;Logo jakiego uznanego producenta z Niemiec składa się z czterech, zachodzących na siebie metalowych pierścieni?;Audi;BMW;Mercedes-Benz;Volkswagen
Motoryzacja i Transport;Marki Samochodów;łatwe;Na masce jakich eleganckich i luksusowych, często państwowych limuzyn z Niemiec widnieje charakterystyczna trójramienna gwiazda?;Na autach Mercedes-Benz;Na autach Audi;Na autach Maybach;Na autach Bentley
Motoryzacja i Transport;Marki Samochodów;łatwe;Z czego wywodzi się biało-niebieska kolorystyka charakterystycznego, okrągłego logo (szachownicy/śmigła) marki BMW?;Z barw flagi Bawarii;Z barw narodowych Niemiec;Z nieba i białych chmur;Od koloru mundurów lotniczych
Motoryzacja i Transport;Marki Samochodów;łatwe;Z jakiego europejskiego kraju wywodzi się popularna na świecie marka samochodów Volkswagen?;Z Niemiec;Z Francji;Z Włoch;Z Japonii
Motoryzacja i Transport;Marki Samochodów;łatwe;Z jakiego kraju pochodzi marka Volkswagen?;Z Niemiec;Z Francji;Z Japonii;Z USA
Motoryzacja i Transport;Pojazdy Dwukołowe;trudne;Jak nazywał się pierwszy seryjny pojazd z silnikiem benzynowym na dwóch kołach, skonstruowany przez Gottlieba Daimlera w 1885 roku, powszechnie uznawany za protoplastę motocykla?;Reitwagen;Motorrad;Velocipede;Benz Velo
Motoryzacja i Transport;Pojazdy Dwukołowe;trudne;Jak określa się coroczny, bezwzględnie niebezpieczny wyścig drogowy na wyspie leżącej na Morzu Irlandzkim, uważany za najtrudniejszą imprezę motocyklową świata?;Isle of Man TT;Le Mans 24h;MotoGP Macau;Bol d'Or
Motoryzacja i Transport;Pojazdy Dwukołowe;trudne;Jak potocznie nazywa się bardzo charakterystyczny, amerykański motocykl o przedłużonym widelcu?;Chopper;Ścigacz;Cross;Enduro
Motoryzacja i Transport;Pojazdy Dwukołowe;trudne;Jaka klasyczna brytyjska i pożądana przez kolekcjonerów marka motocykli przez lata kojarzona była z dawnym stylem café racer i zbuntowaną młodzieżą?;Triumph;Ducati;Harley-Davidson;KTM
Motoryzacja i Transport;Pojazdy Dwukołowe;trudne;W jakiej morderczej motocyklowej rywalizacji off-roadowej, odbywającej się początkowo z Europy do Senegalu, zawodnicy często walczyli na śmierć i życie z pustynią?;Rajd Dakar;Enduro of Champions;Rajd Faraonów;Six Days Enduro
Motoryzacja i Transport;Pojazdy Dwukołowe;łatwe;Co we włoskim mieście słynącym z wąskich uliczek było najpopularniejszym środkiem transportu dla rodziny, spopularyzowanym przez markę Vespa?;Skuter (Vespa);Motocykl żużlowy;Tandem;Deskorolka
Motoryzacja i Transport;Pojazdy Dwukołowe;łatwe;Jak nazywa się lekki, zabudowany miejski jednoślad, w którym kierowca podczas jazdy trzyma nogi złączone z przodu, opierając je na płaskiej podłodze?;Skuter;Ścigacz;Chopper;Quad
Motoryzacja i Transport;Pojazdy Dwukołowe;łatwe;Jak nazywa się lekki, zmotoryzowany pojazd dwukołowy, taki jak słynna włoska Vespa?;Skuter;Motocykl;Quad;Hulajnoga
Motoryzacja i Transport;Pojazdy Dwukołowe;łatwe;Jak nazywa się niezwykle masywny rower terenowy (MTB), wyposażony w gigantyczne i bardzo grube opony, świetny na śnieg i piasek?;Fatbike;BMX;Kolarka;Trekking
Motoryzacja i Transport;Pojazdy Dwukołowe;łatwe;Jak nazywał się najpopularniejszy w czasach PRL polski rower 'składak', produkowany przez zakłady Romet?;Wigry 3;Ukraina;Kross;Romet Ogar
Motoryzacja i Transport;Pojazdy Dwukołowe;łatwe;Jaka kultowa i niezwykle ciężka amerykańska marka motocykli słynie ze zlotów brodatych motocyklistów i charakterystycznego dźwięku silnika V-Twin?;Harley-Davidson;Indian;Ducati;Yamaha
Motoryzacja i Transport;Przepisy Drogowe;trudne;Ile wynosi w Polsce maksymalna dopuszczalna stężenie alkoholu we krwi, przy którym kierowca wciąż nie ponosi prawnych konsekwencji karnych i nie popełnia wykroczenia?;Poniżej 0,2 promila;Poniżej 0,5 promila;Poniżej 0,8 promila;Zero (całkowita abstynencja)
Motoryzacja i Transport;Przepisy Drogowe;trudne;Jaka jest maksymalna dopuszczalna prędkość dla samochodu osobowego na autostradzie w Polsce, zgodnie z obowiązującymi przepisami Kodeksu drogowego?;140 km/h;120 km/h;130 km/h;150 km/h
Motoryzacja i Transport;Przepisy Drogowe;trudne;Jaki jest ustawowy twardy limit maksymalnej, dozwolonej prawem prędkości na nowo wybudowanych odcinkach dróg ekspresowych dwujezdniowych w Polsce?;120 km/h;140 km/h;110 km/h;130 km/h
Motoryzacja i Transport;Przepisy Drogowe;trudne;Kto, według znowelizowanych przepisów w Polsce (tzw. jazda na suwak), ma w korku absolutne pierwszeństwo na końcu pasa, który nagle zanika?;Pojazd dojeżdżający do końca zanikającego pasa;Pojazd poruszający się dotąd głównym, prawym pasem;Pojazd większy i cięższy;Pojazd z włączonymi światłami awaryjnymi
Motoryzacja i Transport;Przepisy Drogowe;trudne;Po ilu latach od daty pierwszej rejestracji, nowo kupiony samochód osobowy w Polsce musi przejść badanie techniczne?;Po 3 latach;Po roku;Po 2 latach;Po 5 latach
Motoryzacja i Transport;Przepisy Drogowe;łatwe;Jak w przepisach określa się skrzyżowanie z wyspą pośrodku, na którym ruch odbywa się jednokierunkowo, najczęściej przeciwnie do wskazówek zegara?;Skrzyżowanie o ruchu okrężnym (Rondo);Skrzyżowanie równorzędne;Węzeł drogowy;Skrzyżowanie bezkolizyjne
Motoryzacja i Transport;Przepisy Drogowe;łatwe;Jaka naczelna zasada pierwszeństwa obowiązuje w Polsce na skrzyżowaniu dróg równorzędnych (bez znaków)?;Zasada prawej ręki (pierwszeństwo ma nadjeżdżający z prawej);Zasada dłuższego pojazdu;Zasada pierwszeństwa na drodze szerszej;Zasada jazdy na wprost
Motoryzacja i Transport;Przepisy Drogowe;łatwe;Jaki jest dopuszczalny limit stężenia alkoholu we krwi u kierowcy prowadzącego pojazd w Polsce?;Do 0,2 promila;Do 0,5 promila;Całkowite 0,0 promila;Do 0,8 promila
Motoryzacja i Transport;Przepisy Drogowe;łatwe;Jaki kolor światła emitują z tyłu pojazdu tzw. światła cofania, uruchamiane podczas wrzucenia biegu wstecznego?;Biały;Czerwony;Pomarańczowy;Żółty selektywny
Motoryzacja i Transport;Przepisy Drogowe;łatwe;Jaki kolor światła na sygnalizatorze drogowym bezwzględnie zabrania wjazdu na skrzyżowanie?;Czerwony;Zielony;Żółty;Niebieski
Motoryzacja i Transport;Przepisy Drogowe;łatwe;Jaki wyjątkowy, czerwony znak drogowy jako jedyny w Europie posiada unikalny kształt ośmiokąta?;Znak STOP;Znak Ustąp pierwszeństwa;Znak Droga z pierwszeństwem;Znak Zakaz wjazdu
Motoryzacja i Transport;Statki i Transport Wodny;trudne;Jak nazywa się największy wycieczkowiec świata, zwodowany w 2023 roku przez linię Royal Caribbean, który pobił rekordy pojemności i liczby pasażerów?;Icon of the Seas;Wonder of the Seas;Symphony of the Seas;Harmony of the Seas
Motoryzacja i Transport;Statki i Transport Wodny;trudne;Jak nazywa się niezwykle ważny dla handlu morskiego kanał wodny łączący Morze Śródziemne z Morzem Czerwonym?;Kanał Sueski;Kanał Panamski;Kanał Koryncki;Kanał Kiloński
Motoryzacja i Transport;Statki i Transport Wodny;trudne;Jaka niezwykle kosztowna, historyczna inwestycja inżynieryjna oddana ostatecznie do użytku w 1914 roku skróciła szlak morski między Nowym Jorkiem a San Francisco o połowę?;Kanał Panamski;Kanał Sueski;Kanał Kiloński;Kanał Koryncki
Motoryzacja i Transport;Statki i Transport Wodny;trudne;Jaka nowa kategoria gigantycznych statków towarowych zawdzięcza swoją nazwę temu, że po poszerzeniu śluz potrafią one wreszcie przecisnąć się przez przesmyk w Ameryce Środkowej?;New Panamax;Suezmax;Capesize;Aframax
Motoryzacja i Transport;Statki i Transport Wodny;trudne;Jakim branżowym pojęciem określa się dziś specjalistyczny statek z wielkimi, kulistymi zbiornikami, służący wyłącznie do transportu skroplonego gazu ziemnego?;Gazowiec (LNG Carrier);Masowiec;Rorowiec;Tankowiec
Motoryzacja i Transport;Statki i Transport Wodny;łatwe;Jak brzmi najwyższy, oficjalny tytuł osoby odpowiedzialnej i dowodzącej całą jednostką morską (statkiem lub okrętem)?;Kapitan;Bosman;Sternik;Admirał
Motoryzacja i Transport;Statki i Transport Wodny;łatwe;Jak fachowo, w żargonie żeglarskim i morskim, nazywa się odpowiednio lewą oraz prawą burtę statku (patrząc od rufy w kierunku dziobu)?;Bakburta (lewa) i sterburta (prawa);Aport i starboard;Kambuz i mesa;Grot i kil
Motoryzacja i Transport;Statki i Transport Wodny;łatwe;Jaki bojowy okręt jest przystosowany do operowania i pływania w głębinach, uderzając np. torpedami całkowicie w ukryciu?;Okręt podwodny;Poduszkowiec;Batyskaf;Kuter torpedowy
Motoryzacja i Transport;Statki i Transport Wodny;łatwe;Jaki gigantyczny okręt wojenny posiada własny pas startowy i służy jako pływająca baza dla myśliwców lotnictwa morskiego?;Lotniskowiec;Krążownik;Niszczyciel;Fregata
Motoryzacja i Transport;Statki i Transport Wodny;łatwe;Jaki gigantyczny transatlantyk zatonął w 1912 roku po zderzeniu z górą lodową?;Titanic;Lusitania;Britannic;Queen Mary
Motoryzacja i Transport;Statki i Transport Wodny;łatwe;W jaką wielką, dryfującą, naturalną przeszkodę uderzył podczas dziewiczego rejsu w 1912 roku pasażerski liniowiec RMS Titanic?;W górę lodową;W niewidoczną rafę koralową;W inny statek towarowy;W minę morską
Motoryzacja i Transport;Słynne Trasy i Mosty;trudne;Jak nazywa się most wiszący w Japonii, łączący wyspy Honshū i Awaji przez Cieśninę Akashi, posiadający jeden z najdłuższych przęseł środkowych spośród wszystkich mostów wiszących na świecie?;Most Akashi Kaikyō;Most Hardanger;Most Runyang;Most Xihoumen
Motoryzacja i Transport;Słynne Trasy i Mosty;trudne;Jaki monumentalny wiadukt autostradowy poprowadzony nad rzeką Tarn w południowej Francji jest obecnie najwyższym (do platformy) na świecie mostem filarowym?;Wiadukt Millau;Most Oresund;Most Akashi Kaikyo;Wiadukt Garabit
Motoryzacja i Transport;Słynne Trasy i Mosty;trudne;Jaką nazwą w starożytnym Rzymie określano najstarszą i najważniejszą utwardzoną drogę, budowaną z wulkanicznych płyt już od 312 roku p.n.e.?;Via Appia;Via Flaminia;Via Aurelia;Via Egnatia
Motoryzacja i Transport;Słynne Trasy i Mosty;trudne;Która legendarna, nieistniejąca już oficjalnie autostrada amerykańska łączyła Chicago z Los Angeles?;Route 66;Pacific Coast Highway;Highway 1;Pan-American Highway
Motoryzacja i Transport;Słynne Trasy i Mosty;trudne;W jakiej kalifornijskiej zatoce wisi niezwykle słynny na całym świecie i widniejący w setkach filmów zawieszony na czerwonych pylonach most Golden Gate?;W zatoce San Francisco;W zatoce San Diego;W zatoce Los Angeles;W zatoce Monterey
Motoryzacja i Transport;Słynne Trasy i Mosty;łatwe;Jak nazywa się monumentalny, czerwony most wiszący będący symbolem miasta San Francisco?;Golden Gate Bridge;Tower Bridge;Brooklyn Bridge;London Bridge
Motoryzacja i Transport;Słynne Trasy i Mosty;łatwe;Jak nazywa się słynna, opiewana w piosenkach amerykańska 'Droga Matka', łącząca dawniej Chicago z Los Angeles?;Route 66;Pan-American Highway;Autostrada Słońca;Pacific Coast Highway
Motoryzacja i Transport;Słynne Trasy i Mosty;łatwe;Jaki potężny, wiszący, rdzawo-czerwony most jest najbardziej rozpoznawalnym punktem i symbolem San Francisco?;Golden Gate Bridge;Most Brookliński;London Bridge;Tower Bridge
Motoryzacja i Transport;Słynne Trasy i Mosty;łatwe;Jaki stworzony przez człowieka kanał skrócił dramatycznie drogę statków, łącząc ocean Atlantycki bezpośrednio z Pacyfikiem?;Kanał Panamski;Kanał Sueski;Kanał Kiloński;Kanał La Manche
Motoryzacja i Transport;Słynne Trasy i Mosty;łatwe;Jaką nazwę nosi najdłuższa linia kolejowa na świecie, przebiegająca z Moskwy aż do Władywostoku nad Pacyfikiem?;Kolej Transsyberyjska;Orient Express;Kolej Bajkalsko-Amurska;Magistrala Środkowoazjatycka
Motoryzacja i Transport;Słynne Trasy i Mosty;łatwe;W jakim państwie Europy po bardzo nowoczesnych autostradach (Autobahn) na wyznaczonych odcinkach nie obowiązują limity prędkości?;W Niemczech;We Włoszech;W Holandii;W Szwajcarii
Motoryzacja i Transport;Transport Miejski;trudne;Jaki wielki środek transportu drogowego (wymagający sieci trakcyjnej zasilającej, ale nie korzystający z szyn) z powodzeniem kursuje do dziś m.in. w polskiej Gdyni czy Lublinie?;Trolejbus;Elektrobus;Autobus wodorowy;Szybki tramwaj
Motoryzacja i Transport;Transport Miejski;trudne;W jakim brazylijskim mieście po raz pierwszy na świecie uruchomiono system BRT (Bus Rapid Transit), tworząc w latach 70. dedykowane, naziemne autostrady tylko dla autobusów?;W Kurytybie;W Rio de Janeiro;W São Paulo;W Brasilii
Motoryzacja i Transport;Transport Miejski;trudne;W jakim górzystym, południowoamerykańskim mieście w Boliwii trzon komunikacji oparto na unikalnej w skali świata sieci miejskich kolei linowych?;W La Paz (i El Alto);W Bogocie;W Santiago;W Buenos Aires
Motoryzacja i Transport;Transport Miejski;trudne;W którym europejskim mieście ikoną transportu publicznego są charakterystyczne, czerwone piętrowe autobusy?;W Londynie;W Berlinie;W Paryżu;W Rzymie
Motoryzacja i Transport;Transport Miejski;trudne;W którym mieście uruchomiono pierwsze na świecie metro podziemne, otwarte dla pasażerów w 1863 roku?;Londyn;Paryż;Nowy Jork;Berlin
Motoryzacja i Transport;Transport Miejski;łatwe;Jak nazywa się bezkolizyjny system szybkiej kolei miejskiej, którego pociągi poruszają się w większości specjalnymi podziemnymi tunelami?;Metro;Tramwaj;Trolejbus;Kolej gondolowa
Motoryzacja i Transport;Transport Miejski;łatwe;Jak nazywają się tradycyjne, smukłe łodzie wiosłowe używane od wieków do transportu pasażerów w wąskich kanałach Wenecji?;Gondole;Motorówki;Galery;Kajaki
Motoryzacja i Transport;Transport Miejski;łatwe;Jaki elektryczny miejski pojazd szynowy, w odróżnieniu od metra, porusza się w poziomie jezdni, pobierając prąd z napowietrznej sieci pantografem?;Tramwaj;Autobus hybrydowy;Maglev;Trolejbus
Motoryzacja i Transport;Transport Miejski;łatwe;Jaki popularny pojazd komunikacji miejskiej, zasilany prądem, porusza się po stalowych szynach na ulicach?;Tramwaj;Autobus;Trolejbus;Metro
Motoryzacja i Transport;Transport Miejski;łatwe;W jakim europejskim mieście znakiem rozpoznawczym są wysokie, dwupiętrowe, czerwone autobusy, tzw. double-deckery?;W Londynie;W Paryżu;W Rzymie;W Dublinie
Motoryzacja i Transport;Transport Miejski;łatwe;Z jakiego konkretnego i krzykliwego koloru flot wozów taksówkarskich na całym świecie słynie Nowy Jork?;Z żółtych taksówek (Yellow cabs);Z czarnych taksówek;Z biało-niebieskich taksówek;Z czerwonych taksówek
Motoryzacja i Transport;Wynalazki Transportowe;trudne;Jak nazywa się wczesny, niezwykły model statku powietrznego projektu Juana de la Ciervy z lat 20. XX w., wykorzystujący wirnik obracający się bez własnego napędu?;Wiatrakowiec (Autożyro);Ornitopter;Zmiennowirnikowiec;Aerostat
Motoryzacja i Transport;Wynalazki Transportowe;trudne;Jak w lotnictwie ogólnie nazywa się bezzałogowy statek powietrzny (UAV), który początkowo służył wojsku, a dziś ma ogromne zastosowanie cywilne?;Dron;Awionetka;Sterowiec;Szybowiec
Motoryzacja i Transport;Wynalazki Transportowe;trudne;Kto jest powszechnie uznawany za twórcę ulepszenia silnika parowego w XVIII wieku, co umożliwiło rewolucję przemysłową i narodziny nowoczesnego transportu szynowego?;James Watt;Thomas Newcomen;George Stephenson;Richard Trevithick
Motoryzacja i Transport;Wynalazki Transportowe;trudne;Którzy bracia przeszli do historii jako konstruktorzy samolotu, którym w 1903 r. odbyli pierwszy udany lot?;Bracia Wright;Bracia Montgolfier;Bracia Lumiere;Bracia Grimm
Motoryzacja i Transport;Wynalazki Transportowe;trudne;W jakim azjatyckim państwie od 2004 r. działa pierwsza na świecie komercyjna, zasilana polem elektromagnetycznym kolej Transrapid, ułatwiająca dojazd z lotniska do metropolii?;W Chinach (Szanghaj);W Japonii (Tokio);W Korei Południowej (Seul);W Singapurze
Motoryzacja i Transport;Wynalazki Transportowe;łatwe;Co to jest Segway, który zyskał olbrzymią popularność w usługach turystycznych w miastach?;Elektryczny, dwukołowy pojazd z kierownicą, balansujący ciałem;Hulajnoga na paliwo rakietowe;Rower ze wspomaganiem elektrycznym (e-bike);Zdalnie sterowany dron osobowy
Motoryzacja i Transport;Wynalazki Transportowe;łatwe;Czym były potężne, amerykańskie i pływające po rzece Missisipi jednostki wodne z XIX wieku, napędzane wielkim kołem łopatkowym z tyłu?;Statkami parowymi (Parowcami);Galeonami wojennymi;Elektrycznymi łodziami wycieczkowymi;Żaglowcami
Motoryzacja i Transport;Wynalazki Transportowe;łatwe;Jak nazywa się bardzo dziwny, poruszający się na poduszce sprężonego powietrza i napędzany potężnymi śmigłami statek, mogący wjechać bezpośrednio na plażę?;Poduszkowiec (Hovercraft);Katamaran;Wodolot;Lodołamacz
Motoryzacja i Transport;Wynalazki Transportowe;łatwe;Jak nazywały się majestatyczne, wypełnione lekkim gazem (często wodorem) ogromne latające statki, spopularyzowane m.in. przez Ferdinanda von Zeppelina?;Sterowce;Balony na ogrzane powietrze;Szybowce;Paralotnie
Motoryzacja i Transport;Wynalazki Transportowe;łatwe;Jaka rewolucyjna japońska/chińska technologia kolei pozwala niezwykle szybkim pociągom poruszać się cicho, niemal lewitując nad torem?;Kolej magnetyczna (Maglev);Kolej próżniowa (Hyperloop);Kolej linowa;Trakcja elektryczna (TGV)
Motoryzacja i Transport;Wynalazki Transportowe;łatwe;Jakie urządzenie pozwala na powolne i bezpieczne lądowanie człowieka po wyskoczeniu z lecącego samolotu?;Spadochron;Balon;Lotnia;Katapulta
Motoryzacja i Transport;Wyposażenie Samochodu;trudne;Co w samochodzie oznacza powszechnie stosowany skrót ABS, zapobiegający blokowaniu kół?;Anti-lock Braking System;Automatic Braking System;Advanced Brake Safety;Active Brake Support
Motoryzacja i Transport;Wyposażenie Samochodu;trudne;Jak nazywa się zaawansowany system w nowoczesnych samochodach, który za pomocą kamer i czujników automatycznie utrzymuje pojazd na środku pasa ruchu, korygując układ kierowniczy bez interwencji kierowcy?;System utrzymania pasa ruchu (Lane Keeping Assist);Tempomat adaptacyjny (ACC);Asystent martwego pola (BSM);Asystent parkowania (PAS)
Motoryzacja i Transport;Wyposażenie Samochodu;trudne;Jaki genialny wynalazek Béli Barényiego z 1952 r. zamienia przednią i tylną część nadwozia auta w pofałdowany po uderzeniu bufor, chroniący bezpośrednio kabinę pasażerską?;Strefa kontrolowanego zgniotu;Klatka bezpieczeństwa;Poduszka gazowa;Kierownica pochłaniająca energię
Motoryzacja i Transport;Wyposażenie Samochodu;trudne;Jaki obowiązkowy punkt i system mocowania fotelików dla małych dzieci, na stałe połączony z karoserią na tylnej kanapie, stał się absolutnym standardem unijnych aut?;ISOFIX;Top Tether;Tensioner;LATCH
Motoryzacja i Transport;Wyposażenie Samochodu;trudne;Pod jakim bardzo powszechnym skrótem na listach wyposażenia nowoczesnych aut kryje się innowacyjny, powszechny elektroniczny system ratujący auto przed wpadnięciem w poślizg?;ESP (lub ESC);ABS;TCS;ASR
Motoryzacja i Transport;Wyposażenie Samochodu;łatwe;Czym jest popularny 'Airbag' (poduszka powietrzna) ukryty w kierownicy i desce rozdzielczej samochodu?;Systemem ochronnym wybuchającym przy uderzeniu;Systemem zawieszenia pneumatycznego;Klimatyzacją pompującą powietrze na twarz;Miękkim zagłówkiem na fotelu pasażera
Motoryzacja i Transport;Wyposażenie Samochodu;łatwe;Do czego we współczesnych autach najczęściej używany i włączany na autostradach jest przycisk tzw. tempomatu?;Do automatycznego utrzymywania stałej prędkości;Do szybkiego odmrażania tylnej szyby;Do automatycznego parkowania tyłem;Do awaryjnego odcięcia paliwa
Motoryzacja i Transport;Wyposażenie Samochodu;łatwe;Jaki specjalny, wbudowany w kanapy i oznaczony z boku zamek z klipsem, stanowi międzynarodowy standard bezpiecznego mocowania fotelików dla dzieci?;ISOFIX;Top Tether;Seat-Belt Plus;Child-Lock
Motoryzacja i Transport;Wyposażenie Samochodu;łatwe;Jaki trzyliterowy skrót opisuje układ, który zapobiega niebezpiecznemu zablokowaniu kół samochodu podczas ostrego hamowania?;ABS;ESP;ASR;EBD
Motoryzacja i Transport;Wyposażenie Samochodu;łatwe;Jakie urządzenie, stanowiące dziś standardowe wyposażenie auta, służy do chłodzenia wnętrza w upalne dni?;Klimatyzacja;Ogrzewanie postojowe;Nawigacja;Tempomat
Motoryzacja i Transport;Wyposażenie Samochodu;łatwe;Przed czym, chroniąc głowę, szyję i klatkę piersiową ratuje pasywny system złożony z mocnej, ściąganej w ułamku sekundy taśmy, obligatoryjny od lat w Europie?;Pasy bezpieczeństwa;Poduszka powietrzna (Airbag);System ESP;Miękkie zagłówki
Motoryzacja i Transport;Budowa Samochodu;łatwe;Jak nazywa się część samochodu odpowiedzialna za napęd, przekształcająca energię paliwa w ruch?;Silnik;Skrzynia biegów;Sprzęgło;Alternator
Motoryzacja i Transport;Budowa Samochodu;trudne;Jak nazywa się układ przenoszący moment obrotowy z silnika na koła, umożliwiający zmianę przełożenia?;Skrzynia biegów;Sprzęgło;Dyferencjał;Wał napędowy
Motoryzacja i Transport;Budowa Samochodu;trudne;Jak nazywa się element łączący silnik ze skrzynią biegów, umożliwiający płynne rozłączanie napędu podczas zmiany biegów?;Sprzęgło;Alternator;Rozrusznik;Turbosprężarka
Motoryzacja i Transport;Budowa Samochodu;bardzo trudne;Jak nazywa się mechanizm umożliwiający kołom na tej samej osi obracanie się z różną prędkością podczas skrętu?;Dyferencjał;Wał korbowy;Wałek rozrządu;Drążek kierowniczy
Motoryzacja i Transport;Budowa Samochodu;bardzo trudne;Jak nazywa się układ wykorzystujący spaliny silnika do napędzania sprężarki zwiększającej ilość powietrza podawanego do cylindrów?;Turbosprężarka;Kompresor mechaniczny;Intercooler;Katalizator
Motoryzacja i Transport;Ekologia w Motoryzacji;łatwe;Jak nazywa się samochód napędzany jednocześnie silnikiem spalinowym i elektrycznym?;Samochód hybrydowy;Samochód elektryczny;Samochód wodorowy;Samochód gazowy
Motoryzacja i Transport;Ekologia w Motoryzacji;trudne;Jak nazywa się urządzenie w układzie wydechowym, redukujące emisję szkodliwych substancji ze spalin?;Katalizator;Filtr cząstek stałych;Tłumik;Turbosprężarka
Motoryzacja i Transport;Ekologia w Motoryzacji;trudne;Jak nazywa się norma emisji spalin obowiązująca obecnie w Unii Europejskiej dla nowych pojazdów?;Euro 6;Euro 5;Euro 7;Euro 4
Motoryzacja i Transport;Ekologia w Motoryzacji;bardzo trudne;Jak nazywa się filtr montowany w układzie wydechowym silników Diesla, wychwytujący sadzę?;Filtr cząstek stałych;Katalizator;Filtr SCR;Reaktor termiczny
Motoryzacja i Transport;Ekologia w Motoryzacji;bardzo trudne;Jak nazywa się technologia redukcji tlenków azotu w silnikach Diesla poprzez wtrysk płynu AdBlue do układu wydechowego?;Selektywna redukcja katalityczna;Recyrkulacja spalin;Filtr DPF;Katalizator trójfunkcyjny
Motoryzacja i Transport;Formuła 1 i Motorsport;łatwe;Kto jest polskim kierowcą, który jako jedyny startował w wyścigach Formuły 1?;Robert Kubica;Robert Lewandowski;Adam Małysz;Rafał Sonik
Motoryzacja i Transport;Formuła 1 i Motorsport;trudne;Który zespół Formuły 1 zdobył najwięcej tytułów konstruktorów w historii?;Ferrari;McLaren;Williams;Mercedes
Motoryzacja i Transport;Formuła 1 i Motorsport;trudne;Jak nazywa się najstarszy i najbardziej prestiżowy tor Formuły 1, na którym odbywa się Grand Prix Monako?;Circuit de Monaco;Silverstone;Monza;Spa-Francorchamps
Motoryzacja i Transport;Formuła 1 i Motorsport;bardzo trudne;Jak nazywa się słynny 24-godzinny wyścig samochodowy odbywający się we Francji od 1923 roku?;24h Le Mans;Rajd Dakar;Indianapolis 500;Targa Florio
Motoryzacja i Transport;Formuła 1 i Motorsport;bardzo trudne;Jak nazywa się system, który w Formule 1 pozwala kierowcy na tymczasowe zwiększenie mocy poprzez otwarcie tylnego skrzydła przy wyprzedzaniu?;DRS;KERS;ERS;Push to Pass
Motoryzacja i Transport;Historia Motoryzacji;łatwe;Kto jest uznawany za wynalazcę pierwszego samochodu z silnikiem spalinowym, opatentowanego w 1886 roku?;Karl Benz;Henry Ford;Gottlieb Daimler;Rudolf Diesel
Motoryzacja i Transport;Historia Motoryzacji;trudne;Jak nazywał się pierwszy masowo produkowany samochód, wprowadzony przez Henry'ego Forda w 1908 roku dzięki taśmie produkcyjnej?;Ford Model T;Ford Model A;Volkswagen Garbus;Citroën 2CV
Motoryzacja i Transport;Historia Motoryzacji;trudne;Kto wynalazł silnik wysokoprężny, nazwany od jego nazwiska silnikiem Diesla?;Rudolf Diesel;Karl Benz;Nicolaus Otto;Gottlieb Daimler
Motoryzacja i Transport;Historia Motoryzacji;bardzo trudne;Jak nazywał się pierwszy pojazd mechaniczny na świecie, parowy wóz skonstruowany przez Nicolasa-Josepha Cugnota w 1769 roku?;Fardier à vapeur;Motorwagen;Stanley Steamer;Duryea
Motoryzacja i Transport;Historia Motoryzacji;bardzo trudne;Kto skonstruował pierwszy praktyczny silnik czterosuwowy w 1876 roku, znany jako "cykl Otto"?;Nicolaus Otto;Karl Benz;Rudolf Diesel;Gottlieb Daimler
Motoryzacja i Transport;Infrastruktura Drogowa;łatwe;Jak nazywa się droga o ograniczonym dostępie, przeznaczona do szybkiego ruchu, z co najmniej dwoma pasami w każdym kierunku?;Autostrada;Droga ekspresowa;Droga krajowa;Droga gminna
Motoryzacja i Transport;Infrastruktura Drogowa;trudne;Jak nazywa się skrzyżowanie dróg w kształcie okręgu, na którym ruch odbywa się jednokierunkowo wokół wyspy centralnej?;Rondo;Węzeł drogowy;Wiadukt;Estakada
Motoryzacja i Transport;Infrastruktura Drogowa;trudne;Jak nazywa się budowla umożliwiająca przejazd drogi lub kolei nad inną drogą, doliną lub przeszkodą terenową?;Wiadukt;Tunel;Estakada;Most
Motoryzacja i Transport;Infrastruktura Drogowa;bardzo trudne;Jak nazywał się system elektronicznego poboru opłat drogowych dla pojazdów ciężarowych w Polsce, zastąpiony przez e-TOLL?;viaTOLL;e-TOLL;ETC;HGV Toll
Motoryzacja i Transport;Infrastruktura Drogowa;bardzo trudne;Jak nazywa się typ skrzyżowania wielopoziomowego, w którym relacje skrętne odbywają się bez kolizji, o kształcie przypominającym koniczynę?;Węzeł typu koniczyna;Węzeł typu trąbka;Węzeł typu WB;Rondo turbinowe
Motoryzacja i Transport;Kolejnictwo i Pociągi;łatwe;Jak nazywa się polski przewoźnik kolejowy obsługujący większość połączeń dalekobieżnych w Polsce?;PKP Intercity;Koleje Mazowieckie;Przewozy Regionalne;PKP Cargo
Motoryzacja i Transport;Kolejnictwo i Pociągi;trudne;Jak nazywa się najszybszy polski pociąg pasażerski, kursujący od 2014 roku między największymi miastami?;Pendolino;TLK;Express InterCity;Regio
Motoryzacja i Transport;Kolejnictwo i Pociągi;trudne;Jak nazywa się rozstaw szyn stosowany w większości krajów Europy, w tym w Polsce, wynoszący 1435 mm?;Rozstaw normalny;Rozstaw szeroki;Rozstaw wąski;Rozstaw rosyjski
Motoryzacja i Transport;Kolejnictwo i Pociągi;bardzo trudne;Jak nazywa się japoński system kolei dużych prędkości, którego pierwsza linia otwarto w 1964 roku?;Shinkansen;Maglev;Keisei;Odakyu
Motoryzacja i Transport;Kolejnictwo i Pociągi;bardzo trudne;Jak nazywa się technika unoszenia pociągu nad torem za pomocą pola magnetycznego, eliminująca tarcie kół o szyny?;Lewitacja magnetyczna;Napęd elektryczny;Trakcja spalinowa;System ERTMS
Motoryzacja i Transport;Kultowe Auta PRL;łatwe;Jak nazywał się najpopularniejszy mały samochód osobowy produkowany w Polsce w czasach PRL, przez FSM?;Fiat 126p;Syrena;Warszawa;Fiat 125p
Motoryzacja i Transport;Kultowe Auta PRL;trudne;Jak nazywał się polski samochód osobowy produkowany przez FSO, uznawany za "luksusowy" model PRL, następca Warszawy?;Fiat 125p;Polonez;Syrena;Fiat 126p
Motoryzacja i Transport;Kultowe Auta PRL;trudne;Jak nazywał się polski samochód dostawczy, popularny "mikrobus" produkowany w Nysie?;Nysa;Żuk;Star;Tarpan
Motoryzacja i Transport;Kultowe Auta PRL;bardzo trudne;Jak nazywał się polski samochód terenowy, produkowany od lat 70. w Bielsku-Białej i Poznaniu, używany m.in. przez rolników?;Tarpan;Nysa;Żuk;Gaz-69
Motoryzacja i Transport;Kultowe Auta PRL;bardzo trudne;Jak nazywał się polski samochód klasy średniej, następca Fiata 125p, produkowany od 1978 do 1991 roku?;Polonez;Fiat 126p;Syrena;Warszawa
Motoryzacja i Transport;Lotnictwo i Samoloty;łatwe;Jak nazywa się największy obecnie produkowany pasażerski samolot dwupokładowy, produkowany przez Airbusa?;Airbus A380;Boeing 747;Boeing 777;Airbus A350
Motoryzacja i Transport;Lotnictwo i Samoloty;trudne;Kto jako pierwszy dokonał samotnego przelotu nad Oceanem Atlantyckim w 1927 roku?;Charles Lindbergh;Amelia Earhart;Louis Blériot;Bracia Wright
Motoryzacja i Transport;Lotnictwo i Samoloty;trudne;Jak nazywa się polska linia lotnicza, narodowy przewoźnik lotniczy Polski?;LOT Polish Airlines;Ryanair;Wizz Air;Enter Air
Motoryzacja i Transport;Lotnictwo i Samoloty;bardzo trudne;Jak nazywał się pierwszy samolot pasażerski na świecie z napędem odrzutowym, wprowadzony do służby w 1952 roku?;De Havilland Comet;Boeing 707;Concorde;Tupolew Tu-104
Motoryzacja i Transport;Lotnictwo i Samoloty;bardzo trudne;Jak nazywał się jedyny komercyjnie eksploatowany samolot pasażerski zdolny do lotu naddźwiękowego, w latach 1976-2003?;Concorde;Tupolew Tu-144;Boeing 2707;De Havilland Comet
Motoryzacja i Transport;Marki Samochodów;łatwe;Z jakiego kraju pochodzi marka samochodów Toyota?;Japonia;Korea Południowa;Chiny;USA
Motoryzacja i Transport;Marki Samochodów;trudne;Jak nazywa się niemiecka marka samochodów luksusowych, której logo to trzyramienna gwiazda w okręgu?;Mercedes-Benz;BMW;Audi;Porsche
Motoryzacja i Transport;Marki Samochodów;trudne;Z jakiego kraju pochodzi marka samochodów Ferrari?;Włochy;Francja;Niemcy;Hiszpania
Motoryzacja i Transport;Marki Samochodów;bardzo trudne;Jak nazywał się włoski konstruktor i założyciel marki Lamborghini, który wcześniej produkował ciągniki rolnicze?;Ferruccio Lamborghini;Enzo Ferrari;Alejandro de Tomaso;Ferdinand Porsche
Motoryzacja i Transport;Marki Samochodów;bardzo trudne;Jak nazywa się szwedzka marka samochodów znana z nacisku na bezpieczeństwo, wynalazca trzypunktowych pasów bezpieczeństwa?;Volvo;Saab;Koenigsegg;Scania
Motoryzacja i Transport;Pojazdy Dwukołowe;łatwe;Jak nazywa się dwukołowy pojazd napędzany siłą mięśni, poprzez pedały?;Rower;Motorower;Hulajnoga;Skuter
Motoryzacja i Transport;Pojazdy Dwukołowe;trudne;Jak nazywa się lekki motocykl o niewielkiej pojemności silnika, popularny jako pierwszy pojazd motorowy dla młodzieży?;Motorower;Skuter;Quad;Chopper
Motoryzacja i Transport;Pojazdy Dwukołowe;trudne;Jak nazywa się typ motocykla charakteryzujący się wydłużoną ramą, niskim siedziskiem i wysokim kierownicą, popularny w kulturze amerykańskiej?;Chopper;Cruiser;Naked;Enduro
Motoryzacja i Transport;Pojazdy Dwukołowe;bardzo trudne;Jak nazywa się pierwszy w historii pojazd dwukołowy z napędem, prekursor roweru, skonstruowany przez Karla von Draisa w 1817 roku?;Draisine;Velocipede;Penny-farthing;Boneshaker
Motoryzacja i Transport;Pojazdy Dwukołowe;bardzo trudne;Jak nazywa się typ roweru z dużym przednim kołem i małym tylnym, popularny w XIX wieku, zwany też "wysokim bicyklem"?;Penny-farthing;Draisine;Boneshaker;Safety bicycle
Motoryzacja i Transport;Przepisy Drogowe;łatwe;Jaki jest podstawowy dozwolony limit prędkości w polskich terenach zabudowanych w dzień?;50 km/h;60 km/h;40 km/h;70 km/h
Motoryzacja i Transport;Przepisy Drogowe;trudne;Ile punktów karnych maksymalnie może zebrać kierowca w Polsce, zanim grozi mu utrata prawa jazdy?;24;20;12;30
Motoryzacja i Transport;Przepisy Drogowe;trudne;Jaki jest w Polsce dopuszczalny limit zawartości alkoholu we krwi kierowcy, poniżej którego jazda nie jest przestępstwem ani wykroczeniem?;0,2 promila;0,0 promila;0,5 promila;0,1 promila
Motoryzacja i Transport;Przepisy Drogowe;bardzo trudne;Jak nazywa się międzynarodowa konwencja z 1968 roku, ujednolicająca znaki drogowe i przepisy ruchu w wielu krajach świata?;Konwencja wiedeńska o ruchu drogowym;Konwencja genewska;Konwencja haska;Konwencja paryska
Motoryzacja i Transport;Przepisy Drogowe;bardzo trudne;Jaka zasada pierwszeństwa obowiązuje w Polsce na rondzie od 2011 roku, gdy nie ma dodatkowych znaków?;Pierwszeństwo pojazdu na rondzie;Pierwszeństwo prawej strony;Pierwszeństwo wjeżdżającego;Zasada naprzemienna
Motoryzacja i Transport;Statki i Transport Wodny;łatwe;Jak nazywa się największy obecnie statek pasażerski świata, należący do Royal Caribbean?;Icon of the Seas;Symphony of the Seas;Queen Mary 2;Harmony of the Seas
Motoryzacja i Transport;Statki i Transport Wodny;trudne;Jak nazywał się brytyjski transatlantyk, który zatonął po zderzeniu z górą lodową w 1912 roku?;Titanic;Lusitania;Britannic;Olympic
Motoryzacja i Transport;Statki i Transport Wodny;trudne;Jak nazywa się kanał łączący Ocean Atlantycki z Oceanem Spokojnym, otwarty w 1914 roku?;Kanał Panamski;Kanał Sueski;Kanał Kiloński;Cieśnina Magellana
Motoryzacja i Transport;Statki i Transport Wodny;bardzo trudne;Jak nazywa się jednostka miary pojemności statku kontenerowego, oznaczająca liczbę kontenerów 20-stopowych?;TEU;DWT;GT;Lashing
Motoryzacja i Transport;Statki i Transport Wodny;bardzo trudne;Jak nazywa się typ żaglowca z trzema lub więcej masztami, popularny w XIX wieku, znany z rekordowej szybkości, np. "Cutty Sark"?;Klipper;Fregata;Galeon;Szkuner
Motoryzacja i Transport;Słynne Trasy i Mosty;łatwe;Jak nazywa się most wiszący w Nowym Jorku, łączący Manhattan z Brooklynem, otwarty w 1883 roku?;Most Brookliński;Most Golden Gate;Most George'a Washingtona;Most Verrazzano
Motoryzacja i Transport;Słynne Trasy i Mosty;trudne;Jak nazywa się słynny most wiszący w San Francisco, pomalowany na pomarańczowo-czerwony kolor "international orange"?;Golden Gate Bridge;Most Brookliński;Bay Bridge;Most Verrazzano
Motoryzacja i Transport;Słynne Trasy i Mosty;trudne;Jak nazywa się historyczna trasa samochodowa łącząca Chicago z Los Angeles, symbol amerykańskiej motoryzacji lat 50.?;Route 66;Interstate 80;Pacific Coast Highway;Lincoln Highway
Motoryzacja i Transport;Słynne Trasy i Mosty;bardzo trudne;Jak nazywa się najdłuższy most w Polsce, most podwieszony nad Wisłą we Wrocławiu, oddany w 2011 roku?;Most Rędziński;Most Świętokrzyski;Most Solidarności;Most Grunwaldzki
Motoryzacja i Transport;Słynne Trasy i Mosty;bardzo trudne;Jak nazywa się najdłuższy most wiszący świata pod względem rozpiętości przęsła głównego, przez cieśninę Dardanele, otwarty w 2022 roku?;Most 1915 Çanakkale;Most Akashi Kaikyō;Most nad Wielkim Bełtem;Most Golden Gate
Motoryzacja i Transport;Transport Miejski;łatwe;Jak nazywa się elektryczny pojazd szynowy poruszający się po ulicach miasta, zasilany z sieci trakcyjnej?;Tramwaj;Trolejbus;Metro;Autobus elektryczny
Motoryzacja i Transport;Transport Miejski;trudne;Jak nazywa się miejski pojazd elektryczny zasilany z sieci trakcyjnej za pomocą pantografów, poruszający się po zwykłej jezdni, a nie po szynach?;Trolejbus;Tramwaj;Metro;Autobus hybrydowy
Motoryzacja i Transport;Transport Miejski;trudne;Jak nazywa się miejski system kolejowy poruszający się w tunelach lub na estakadach, niezależny od ruchu ulicznego?;Metro;Tramwaj;SKM;Kolej miejska
Motoryzacja i Transport;Transport Miejski;bardzo trudne;W którym mieście powstało pierwsze na świecie metro, otwarte w 1863 roku?;Londyn;Nowy Jork;Paryż;Budapeszt
Motoryzacja i Transport;Transport Miejski;bardzo trudne;Jak nazywa się system szybkiego transportu autobusowego wykorzystujący wydzielone pasy i przystanki podobne do stacji metra, popularny np. w Ameryce Południowej?;BRT;LRT;Metrobus;Premetro
Motoryzacja i Transport;Wynalazki Transportowe;łatwe;Kto wynalazł pierwszy praktyczny silnik parowy, który zapoczątkował rewolucję przemysłową i transportową?;James Watt;George Stephenson;Richard Trevithick;Thomas Newcomen
Motoryzacja i Transport;Wynalazki Transportowe;trudne;Kto skonstruował pierwszą praktyczną lokomotywę parową zdolną do ciągnięcia pociągów pasażerskich, uruchomioną w 1825 roku?;George Stephenson;Richard Trevithick;James Watt;Robert Stephenson
Motoryzacja i Transport;Wynalazki Transportowe;trudne;Kto wynalazł pierwszą praktyczną oponę pneumatyczną, opatentowaną w 1888 roku?;John Boyd Dunlop;Charles Goodyear;Michelin;Robert William Thomson
Motoryzacja i Transport;Wynalazki Transportowe;bardzo trudne;Kto opatentował pierwszą oponę pneumatyczną już w 1846 roku, choć wynalazek nie zyskał wtedy komercyjnego zastosowania?;Robert William Thomson;John Boyd Dunlop;Charles Goodyear;Édouard Michelin
Motoryzacja i Transport;Wynalazki Transportowe;bardzo trudne;Kto wynalazł proces wulkanizacji kauczuku w 1839 roku, kluczowy dla produkcji trwałych opon gumowych?;Charles Goodyear;John Boyd Dunlop;Robert William Thomson;John Dunlop
Motoryzacja i Transport;Wyposażenie Samochodu;łatwe;Jak nazywa się urządzenie w samochodzie informujące kierowcę o aktualnej prędkości pojazdu?;Prędkościomierz;Obrotomierz;Licznik kilometrów;Wskaźnik paliwa
Motoryzacja i Transport;Wyposażenie Samochodu;trudne;Jak nazywa się system bezpieczeństwa zapobiegający blokowaniu kół podczas gwałtownego hamowania?;ABS;ESP;ASR;EBD
Motoryzacja i Transport;Wyposażenie Samochodu;trudne;Jak nazywa się poduszka powietrzna instalowana w kierownicy lub desce rozdzielczej, chroniąca pasażerów podczas zderzenia?;Airbag;Napinacz pasów;Zagłówek aktywny;Kurtyna powietrzna
Motoryzacja i Transport;Wyposażenie Samochodu;bardzo trudne;Jak nazywa się system elektronicznej kontroli stabilności pojazdu, zapobiegający poślizgowi podczas gwałtownych manewrów?;ESP;ABS;ASR;EBD
Motoryzacja i Transport;Wyposażenie Samochodu;bardzo trudne;Jak nazywa się technologia wyświetlania kluczowych informacji bezpośrednio na przedniej szybie w polu widzenia kierowcy?;Head-up display;Adaptive Cruise Control;Lane Assist;Night Vision
Motoryzacja i Transport;Budowa Samochodu;łatwe;Jak nazywa się układ w samochodzie odpowiedzialny za zatrzymywanie pojazdu?;Układ hamulcowy;Układ kierowniczy;Układ zawieszenia;Układ napędowy
Motoryzacja i Transport;Budowa Samochodu;trudne;Jak nazywa się element zawieszenia samochodu, tłumiący drgania i uderzenia nierówności drogi?;Amortyzator;Sprężyna;Stabilizator;Wahacz
Motoryzacja i Transport;Budowa Samochodu;trudne;Jak nazywa się układ przenoszący napęd z silnika na wszystkie cztery koła pojazdu?;Napęd na cztery koła;Napęd na przednią oś;Napęd na tylną oś;Napęd hybrydowy
Motoryzacja i Transport;Budowa Samochodu;bardzo trudne;Jak nazywa się element silnika sterujący otwieraniem i zamykaniem zaworów w odpowiednim momencie cyklu pracy?;Wałek rozrządu;Wał korbowy;Korbowód;Tłok
Motoryzacja i Transport;Budowa Samochodu;bardzo trudne;Jak nazywa się element redukujący drgania skrętne wału korbowego, montowany na jego końcu?;Koło zamachowe;Sprzęgło;Alternator;Rozrusznik
Motoryzacja i Transport;Ekologia w Motoryzacji;łatwe;Jak nazywa się samochód napędzany wyłącznie silnikiem elektrycznym, bez silnika spalinowego?;Samochód elektryczny;Samochód hybrydowy;Samochód wodorowy;Samochód hybrydowy plug-in
Motoryzacja i Transport;Ekologia w Motoryzacji;trudne;Jak nazywa się technologia wykorzystująca wodór do produkcji energii elektrycznej w samochodzie, emitująca jedynie wodę?;Ogniwo paliwowe;Silnik hybrydowy;Bateria litowo-jonowa;Silnik Wankla
Motoryzacja i Transport;Ekologia w Motoryzacji;trudne;Jak nazywa się system automatycznie wyłączający silnik podczas postoju, np. na światłach, dla oszczędności paliwa?;System Start-Stop;Tempomat;ABS;ESP
Motoryzacja i Transport;Ekologia w Motoryzacji;bardzo trudne;Jak nazywa się norma emisji spalin dla nowych samochodów, planowana w UE jako następczyni Euro 6?;Euro 7;Euro 6d;Euro 8;Euro 6 RDE
Motoryzacja i Transport;Ekologia w Motoryzacji;bardzo trudne;Jak nazywa się proces odzyskiwania energii kinetycznej podczas hamowania i przekształcania jej w energię elektryczną, stosowany w hybrydach i EV?;Hamowanie rekuperacyjne;Hamowanie silnikiem;ABS;Hamowanie awaryjne
Motoryzacja i Transport;Formuła 1 i Motorsport;łatwe;Ile kół ma standardowy bolid Formuły 1?;4;6;3;8
Motoryzacja i Transport;Formuła 1 i Motorsport;trudne;Jak nazywa się tor Formuły 1 we Włoszech, znany z bardzo wysokich prędkości, tzw. "Świątynia Prędkości"?;Monza;Imola;Mugello;Misano
Motoryzacja i Transport;Formuła 1 i Motorsport;trudne;Jak nazywa się system w bolidach F1 do odzyskiwania energii z hamowania i spalin, stosowany od 2014 roku?;ERS;KERS;DRS;MGU-H
Motoryzacja i Transport;Formuła 1 i Motorsport;bardzo trudne;Jak nazywał się pierwszy mistrz świata Formuły 1 w historii, zwycięzca sezonu 1950?;Giuseppe Farina;Juan Manuel Fangio;Alberto Ascari;Stirling Moss
Motoryzacja i Transport;Formuła 1 i Motorsport;bardzo trudne;Ile tytułów mistrzowskich w Formule 1 zdobył Michael Schumacher w swojej karierze?;7;5;6;8
Motoryzacja i Transport;Historia Motoryzacji;łatwe;Jak nazywał się pierwszy masowo produkowany, tani samochód, który zmotoryzował Amerykę na początku XX wieku?;Ford Model T;Ford Model A;Volkswagen Garbus;Citroën 2CV
Motoryzacja i Transport;Historia Motoryzacji;trudne;Który producent samochodów jako pierwszy wprowadził ruchomą taśmę produkcyjną w 1913 roku?;Ford;General Motors;Chrysler;Dodge
Motoryzacja i Transport;Historia Motoryzacji;trudne;Jak nazywał się niemiecki inżynier, twórca marki samochodowej noszącej jego nazwisko, który opatentował samochód w 1886 roku?;Karl Benz;Gottlieb Daimler;Rudolf Diesel;Wilhelm Maybach
Motoryzacja i Transport;Historia Motoryzacji;bardzo trudne;Jak nazywała się żona Karla Benza, która w 1888 roku dokonała pierwszej długodystansowej podróży samochodem w historii?;Bertha Benz;Clara Daimler;Emma Maybach;Anna Porsche
Motoryzacja i Transport;Historia Motoryzacji;bardzo trudne;Jak nazywał się pierwszy seryjnie produkowany samochód z silnikiem Diesla, wprowadzony przez Mercedes-Benz w 1936 roku?;Mercedes-Benz 260 D;Mercedes-Benz 170 D;Mercedes-Benz 220 D;Mercedes-Benz W123
Motoryzacja i Transport;Infrastruktura Drogowa;łatwe;Jak nazywa się miejsce na drodze przeznaczone do przechodzenia pieszych przez jezdnię?;Przejście dla pieszych;Pas rozdziału;Chodnik;Ścieżka rowerowa
Motoryzacja i Transport;Infrastruktura Drogowa;trudne;Jak nazywa się skrzyżowanie wielopoziomowe, w którym drogi krzyżują się bez kolizji dzięki estakadom i wiaduktom?;Węzeł drogowy;Rondo;Skrzyżowanie z sygnalizacją;Skrzyżowanie typu T
Motoryzacja i Transport;Infrastruktura Drogowa;trudne;Jak nazywa się system elektronicznego poboru opłat drogowych w Polsce dla samochodów ciężarowych, wprowadzony w 2021 roku?;e-TOLL;viaTOLL;ETC;HGV Toll
Motoryzacja i Transport;Infrastruktura Drogowa;bardzo trudne;Jak nazywa się najdłuższy tunel drogowy świata, znajdujący się w Norwegii, o długości ponad 24 km?;Tunel Laerdal;Tunel pod Mont Blanc;Tunel Gotarda;Tunel Seikan
Motoryzacja i Transport;Infrastruktura Drogowa;bardzo trudne;Jak nazywa się najdłuższy most świata, znajdujący się w Chinach, o długości ponad 160 km?;Most Kolejowy Dan Yang-Kunshan;Most Hongkong-Zhuhai-Makau;Most Padma;Tunel-most Hongkong-Zhuhai-Makau
Motoryzacja i Transport;Kolejnictwo i Pociągi;łatwe;Jak nazywa się francuski pociąg dużych prędkości, uruchomiony w 1981 roku?;TGV;Eurostar;ICE;Shinkansen
Motoryzacja i Transport;Kolejnictwo i Pociągi;trudne;Jak nazywa się niemiecki pociąg dużych prędkości, odpowiednik francuskiego TGV?;ICE;TGV;Eurostar;Thalys
Motoryzacja i Transport;Kolejnictwo i Pociągi;trudne;Jak nazywa się tunel łączący Wielką Brytanię z Francją pod kanałem La Manche, przez który kursuje Eurostar?;Eurotunnel;Tunel pod Mont Blanc;Tunel Gotarda;Tunel Seikan
Motoryzacja i Transport;Kolejnictwo i Pociągi;bardzo trudne;Jaki jest rekord prędkości pociągu konwencjonalnego na szynach, ustanowiony przez francuski TGV w 2007 roku?;574,8 km/h;500 km/h;600 km/h;431 km/h
Motoryzacja i Transport;Kolejnictwo i Pociągi;bardzo trudne;Jak nazywa się japoński pociąg lewitujący magnetycznie, osiągający najwyższe prędkości pociągu na świecie?;SCMaglev;Shinkansen;Transrapid;Hyperloop
Motoryzacja i Transport;Kultowe Auta PRL;łatwe;Jak nazywał się popularny w PRL samochód terenowy produkowany od lat 70., używany m.in. przez rolników i wojsko?;Tarpan;Nysa;Żuk;Gaz-69
Motoryzacja i Transport;Kultowe Auta PRL;trudne;Jak nazywał się polski autobus miejski produkowany w Jelczu, popularny w miastach PRL?;Jelcz;Ikarus;Autosan;Star
Motoryzacja i Transport;Kultowe Auta PRL;trudne;Jak nazywał się węgierski autobus przegubowy, bardzo popularny w miastach PRL mimo że nie był produkowany w Polsce?;Ikarus;Jelcz;Autosan;Star
Motoryzacja i Transport;Kultowe Auta PRL;bardzo trudne;Jak nazywała się polska ciężarówka produkowana w Starachowicach, podstawowy pojazd transportowy PRL?;Star;Jelcz;Tarpan;Żuk
Motoryzacja i Transport;Kultowe Auta PRL;bardzo trudne;Jak nazywał się mikrosamochód produkowany w Bielsku-Białej i Zielonej Górze w latach 70. i 80., najmniejszy polski samochód?;Fiat 126p;Syrena;Trabant;Smyk
Motoryzacja i Transport;Lotnictwo i Samoloty;łatwe;Jak nazywa się polska wytwórnia lotnicza z Mielca, producent samolotów i śmigłowców?;PZL Mielec;PZL Świdnik;WSK Rzeszów;PZL Warszawa-Okęcie
Motoryzacja i Transport;Lotnictwo i Samoloty;trudne;Jak nazywa się największy obecnie produkowany dwupokładowy samolot pasażerski Boeinga?;Boeing 747;Boeing 777;Boeing 787;Boeing 737
Motoryzacja i Transport;Lotnictwo i Samoloty;trudne;Jak nazywa się rodzina wąskokadłubowych samolotów Airbusa, bezpośredni konkurent Boeinga 737?;Airbus A320;Airbus A330;Airbus A350;Airbus A380
Motoryzacja i Transport;Lotnictwo i Samoloty;bardzo trudne;Jak nazywał się pierwszy samolot pasażerski zdolny do lotu naddźwiękowego, eksploatowany komercyjnie w latach 1976-2003?;Concorde;Tupolew Tu-144;Boeing 2707;De Havilland Comet
Motoryzacja i Transport;Lotnictwo i Samoloty;bardzo trudne;Jak nazywał się radziecki odpowiednik Concorde'a, pierwszy naddźwiękowy samolot pasażerski, oblatany wcześniej niż Concorde?;Tupolew Tu-144;Concorde;Boeing 2707;Miedwiediew Tu-244
Motoryzacja i Transport;Marki Samochodów;łatwe;Z jakiego kraju pochodzi marka samochodów Volkswagen?;Niemcy;Francja;Włochy;Japonia
Motoryzacja i Transport;Marki Samochodów;trudne;Jak nazywa się japońska marka samochodów luksusowych, marka premium koncernu Toyota?;Lexus;Infiniti;Acura;Genesis
Motoryzacja i Transport;Marki Samochodów;trudne;Z jakiego kraju pochodzi marka samochodów Volvo?;Szwecja;Norwegia;Dania;Finlandia
Motoryzacja i Transport;Marki Samochodów;bardzo trudne;Jak nazywa się chorwacka marka samochodów elektrycznych i hipersamochodów, założona przez Mate Rimaca?;Rimac;Koenigsegg;Pininfarina;Lotus
Motoryzacja i Transport;Marki Samochodów;bardzo trudne;Jak nazywał się włoski projektant samochodów, założyciel studia projektowego, które zaprojektowało m.in. wygląd wielu modeli Ferrari?;Battista Pininfarina;Giorgetto Giugiaro;Marcello Gandini;Sergio Pininfarina
Motoryzacja i Transport;Pojazdy Dwukołowe;łatwe;Jak nazywa się dwukołowy pojazd napędzany silnikiem spalinowym lub elektrycznym, większy od motoroweru?;Motocykl;Skuter;Rower elektryczny;Hulajnoga
Motoryzacja i Transport;Pojazdy Dwukołowe;trudne;Jak nazywa się typ motocykla przystosowany do jazdy w terenie, z podwyższonym zawieszeniem i agresywnym bieżnikiem opon?;Motocykl enduro;Chopper;Naked;Cruiser
Motoryzacja i Transport;Pojazdy Dwukołowe;trudne;Jak nazywa się typ motocykla sportowego, zaprojektowanego do maksymalnej prędkości i osiągów na torze wyścigowym?;Supersport;Chopper;Cruiser;Enduro
Motoryzacja i Transport;Pojazdy Dwukołowe;bardzo trudne;Jak nazywa się japońska firma motocyklowa, producent modelu Gold Wing, znana z dużych motocykli turystycznych?;Honda;Yamaha;Kawasaki;Suzuki
Motoryzacja i Transport;Pojazdy Dwukołowe;bardzo trudne;Jak nazywa się amerykańska legendarna marka motocykli, założona w 1903 roku w Milwaukee?;Harley-Davidson;Indian Motorcycle;Victory;Buell
Motoryzacja i Transport;Przepisy Drogowe;łatwe;Jaki jest podstawowy dozwolony limit prędkości na polskiej autostradzie dla samochodów osobowych?;140 km/h;120 km/h;130 km/h;150 km/h
Motoryzacja i Transport;Przepisy Drogowe;trudne;Ile lat musi mieć osoba, aby uzyskać prawo jazdy kategorii B w Polsce?;18 lat;17 lat;16 lat;21 lat
Motoryzacja i Transport;Przepisy Drogowe;trudne;Jak nazywa się dokument potwierdzający zawarcie obowiązkowego ubezpieczenia odpowiedzialności cywilnej posiadaczy pojazdów w Polsce?;Polisa OC;Polisa AC;Polisa NNW;Zielona karta
Motoryzacja i Transport;Przepisy Drogowe;bardzo trudne;Ile wynosi w Polsce dopuszczalny limit prędkości dla samochodu osobowego z przyczepą na autostradzie?;130 km/h;140 km/h;100 km/h;110 km/h
Motoryzacja i Transport;Przepisy Drogowe;bardzo trudne;Jak nazywa się międzynarodowy dokument ubezpieczeniowy potwierdzający posiadanie ważnego OC podczas podróży za granicę?;Zielona karta;Polisa OC;Karta pojazdu;Dowód rejestracyjny
Motoryzacja i Transport;Statki i Transport Wodny;łatwe;Jak nazywa się największy żaglowiec świata pod względem długości kadłuba, rosyjski statek szkolny?;Sedov;Kruzenshtern;Dar Pomorza;Dar Młodzieży
Motoryzacja i Transport;Statki i Transport Wodny;trudne;Jak nazywa się kanał łączący Morze Bałtyckie z Morzem Północnym, skracający drogę wokół Danii?;Kanał Kiloński;Kanał Sueski;Kanał Panamski;Kanał Koryncki
Motoryzacja i Transport;Statki i Transport Wodny;trudne;Jak nazywa się typ statku przystosowanego do przewozu skroplonego gazu ziemnego?;Gazowiec;Tankowiec;Kontenerowiec;Ro-ro
Motoryzacja i Transport;Statki i Transport Wodny;bardzo trudne;Jak nazywa się największy na świecie statek wycieczkowy pod względem pojemności brutto, wprowadzony do eksploatacji w 2024 roku?;Icon of the Seas;Wonder of the Seas;Symphony of the Seas;Harmony of the Seas
Motoryzacja i Transport;Statki i Transport Wodny;bardzo trudne;Jak nazywa się polski żaglowiec szkolny, fregata należąca do Akademii Morskiej w Gdyni?;Dar Młodzieży;Dar Pomorza;Zawisza Czarny;Iskra
Motoryzacja i Transport;Słynne Trasy i Mosty;łatwe;Jak nazywa się most wiszący w San Francisco, symbol miasta, pomalowany na pomarańczowo-czerwono?;Golden Gate Bridge;Most Brookliński;Bay Bridge;Most Verrazzano
Motoryzacja i Transport;Słynne Trasy i Mosty;trudne;Jak nazywa się historyczna droga łącząca Chiny z Europą, wykorzystywana od starożytności do handlu?;Jedwabny Szlak;Szlak Bursztynowy;Szlak Przypraw;Via Regia
Motoryzacja i Transport;Słynne Trasy i Mosty;trudne;Jak nazywa się autostrada łącząca Alaskę z resztą kontynentalnych Stanów Zjednoczonych przez Kanadę?;Alaska Highway;Trans-Canada Highway;Pan-American Highway;Route 66
Motoryzacja i Transport;Słynne Trasy i Mosty;bardzo trudne;Jak nazywa się najdłuższy most nad wodą świata, znajdujący się w USA na jeziorze Pontchartrain?;Lake Pontchartrain Causeway;Most Hongkong-Zhuhai-Makau;Chesapeake Bay Bridge-Tunnel;Confederation Bridge
Motoryzacja i Transport;Słynne Trasy i Mosty;bardzo trudne;Jak nazywa się starożytny szlak handlowy z południa Europy przez Polskę do wybrzeża Bałtyku, wykorzystywany do transportu żywicy kopalnej?;Szlak Bursztynowy;Jedwabny Szlak;Via Regia;Szlak Solny
Motoryzacja i Transport;Transport Miejski;łatwe;Jak nazywa się system rowerów miejskich do wypożyczenia na krótkie trasy, popularny w wielu miastach?;Rower miejski;Car sharing;Skuter miejski;Hulajnoga elektryczna
Motoryzacja i Transport;Transport Miejski;trudne;Jak nazywa się system współdzielenia samochodów, w którym użytkownicy wypożyczają auta na krótki czas bez własności?;Car sharing;Bikesharing;Carpooling;Ride-hailing
Motoryzacja i Transport;Transport Miejski;trudne;Jak nazywa się usługa przewozu osób prywatnymi kierowcami za pomocą aplikacji, konkurująca z tradycyjnymi taksówkami?;Ride-hailing;Car sharing;Bikesharing;Carpooling
Motoryzacja i Transport;Transport Miejski;bardzo trudne;W którym mieście uruchomiono pierwszy na świecie elektryczny tramwaj miejski w 1881 roku?;Berlin;Londyn;Nowy Jork;Paryż
Motoryzacja i Transport;Transport Miejski;bardzo trudne;Jak nazywa się system szybkiego autobusu miejskiego w Kurytybie w Brazylii, uznawany za prekursora systemów BRT na świecie?;RIT Kurytyba;TransMilenio;Metrobús;Los Angeles Metro Busway
Motoryzacja i Transport;Wynalazki Transportowe;łatwe;Kto skonstruował pierwszy praktyczny samochód z silnikiem spalinowym w 1886 roku?;Karl Benz;Henry Ford;Gottlieb Daimler;Rudolf Diesel
Motoryzacja i Transport;Wynalazki Transportowe;trudne;Kto wynalazł pierwszy praktyczny helikopter zdolny do pionowego startu i lądowania, wprowadzony do produkcji w latach 40.?;Igor Sikorski;Juan de la Cierva;Anton Flettner;Paul Cornu
Motoryzacja i Transport;Wynalazki Transportowe;trudne;Kto skonstruował pierwszy sterowiec sztywny, nazwany od jego nazwiska, na początku XX wieku?;Ferdinand von Zeppelin;Alberto Santos-Dumont;Henri Giffard;Charles Renard
Motoryzacja i Transport;Wynalazki Transportowe;bardzo trudne;Kto wynalazł pierwszy praktyczny spadochron plecakowy zdolny do skoku z samolotu, testowany na początku XX wieku?;Gleb Kotielnikow;Leonardo da Vinci;Louis-Sébastien Lenormand;Franz Reichelt
Motoryzacja i Transport;Wynalazki Transportowe;bardzo trudne;Kto zaprojektował pierwszy praktyczny silnik odrzutowy, niezależnie od niemieckiego wynalazcy Hansa von Ohaina?;Frank Whittle;Ernst Heinkel;Wernher von Braun;Anselm Franz
Motoryzacja i Transport;Wyposażenie Samochodu;łatwe;Jak nazywa się urządzenie w samochodzie wyświetlające bieżącą prędkość jazdy?;Prędkościomierz;Obrotomierz;Licznik przebiegu;Wskaźnik paliwa
Motoryzacja i Transport;Wyposażenie Samochodu;trudne;Jak nazywa się system automatycznie utrzymujący stałą prędkość jazdy bez potrzeby trzymania nogi na pedale gazu?;Tempomat;ABS;ESP;Start-Stop
Motoryzacja i Transport;Wyposażenie Samochodu;trudne;Jak nazywa się system nawigacji satelitarnej wbudowany w nowoczesne samochody, pomagający w wyznaczaniu trasy?;Nawigacja satelitarna;System multimedialny;Tempomat;Asystent pasa ruchu
Motoryzacja i Transport;Wyposażenie Samochodu;bardzo trudne;Jak nazywa się zaawansowany system tempomatu, automatycznie dostosowujący prędkość do pojazdu jadącego z przodu?;Adaptacyjny tempomat;Tempomat standardowy;Asystent pasa ruchu;System martwego pola
Motoryzacja i Transport;Wyposażenie Samochodu;bardzo trudne;Jak nazywa się technologia wyświetlania kluczowych informacji, np. prędkości, bezpośrednio na przedniej szybie w polu widzenia kierowcy?;Head-up display;Adaptive Cruise Control;Lane Assist;Night Vision
