Muzyka;Disco Polo i Biesiada;trudne;Jak nazywał się historyczny, nieistniejący już klub w Chicago, w którym w latach 90. tłumnie gromadziła się polonia na koncertach disco polo?;Cisza Leśna;Klub Wesoła;Polonia Club;Milano Club
Muzyka;Disco Polo i Biesiada;trudne;Jaki tytuł nosiła pierwsza w historii kaseta zespołu Bayer Full, wydana oficjalnie w 1992 roku?;Blondyneczka;Majteczki w kropeczki;Wszyscy Polacy;Moja muzyka
Muzyka;Disco Polo i Biesiada;trudne;Kto jest liderem i wokalistą zespołu Akcent, często nazywanym "królem disco polo"?;Zenon Martyniuk;Marcin Miller;Sławomir Świerzyński;Tomasz Niecik
Muzyka;Disco Polo i Biesiada;trudne;Kto jest prawdziwym liderem, założycielem i wokalistą słynnego w Polsce zespołu Weekend, wykonującego hit "Ona tańczy dla mnie"?;Radosław Liszewski;Marcin Miller;Sławomir Świerzyński;Zenon Martyniuk
Muzyka;Disco Polo i Biesiada;trudne;Z jakiego miasta pochodzi kultowy zespół disco polo Boys?;Z Torunia;Z Białegostoku;Z Rzeszowa;Z Częstochowy
Muzyka;Disco Polo i Biesiada;trudne;Z jakiego polskiego miasta (na Podlasiu) wywodzi się bardzo duża część zespołów disco polo, uważanego za stolicę tego gatunku?;Z Białegostoku;Z Suwałk;Z Łomży;Z Bielska Podlaskiego
Muzyka;Disco Polo i Biesiada;łatwe;Jak potocznie określa się rodzimy nurt polskiej muzyki tanecznej, popularny na weselach?;Disco polo;Polo pop;Biesiada polska;Dance music
Muzyka;Disco Polo i Biesiada;łatwe;Jaki zespół nagrał w latach 90. wielki hit "Jesteś szalona"?;Boys;Akcent;Weekend;Milano
Muzyka;Disco Polo i Biesiada;łatwe;Jaki znany zespół pod wodzą Marcina Millera wykonuje słynny szlagier 'Jesteś szalona'?;Boys;Classic;Akcent;Top One
Muzyka;Disco Polo i Biesiada;łatwe;Która grupa muzyczna odpowiedzialna jest za wielki hit dyskotek 'Ona tańczy dla mnie'?;Weekend;Boys;Milano;Bayer Full
Muzyka;Disco Polo i Biesiada;łatwe;Z jakiej znanej, tradycyjnej pieśni biesiadnej pochodzą słowa: 'kto w styczniu urodzony jest...'?;Pije Kuba do Jakuba;Szła dzieweczka do laseczka;Hej sokoły;Góralu czy ci nie żal
Muzyka;Festiwal w Opolu i Sopocie;trudne;Jaką statuetkę tradycyjnie otrzymuje zwycięzca festiwalu muzycznego w Sopocie?;Bursztynowy Słowik;Złota Karolinka;Złoty Mikrofon;Bursztynowa Róża
Muzyka;Festiwal w Opolu i Sopocie;trudne;Kto w 1967 r. zszokował publiczność w Opolu, niszcząc nagłośnienie podczas ekspresyjnego występu z akompaniamentem zespołu?;Czesław Niemen;Krzysztof Klenczon;Stanisław Guzek;Michaj Burano
Muzyka;Festiwal w Opolu i Sopocie;trudne;Która wybitna, polska piosenkarka znana jest z brawurowego i stałego wykonania utworu "Dziwny jest ten świat" wspólnie z Niemenem lub jako hołd dla niego?;Stanisław Celińska;Maryla Rodowicz;Grażyna Łobaszewska;Edyta Górniak
Muzyka;Festiwal w Opolu i Sopocie;trudne;W jakiej legendarnie pięknej i leśnej przestrzeni koncertowej odbywa się do dziś Sopot Festival?;W Operze Leśnej;W Ergo Arenie;W Amfiteatrze Tysiąclecia;W Hali Olivia
Muzyka;Festiwal w Opolu i Sopocie;trudne;W którym roku historycznie i ostatecznie oddano do użytku odnowiony i powiększony Amfiteatr Tysiąclecia w Opolu?;W 2011 roku;W 1998 roku;W 2005 roku;W 1989 roku
Muzyka;Festiwal w Opolu i Sopocie;trudne;W którym roku odbył się po raz pierwszy Krajowy Festiwal Piosenki Polskiej w Opolu?;W 1963 roku;W 1960 roku;W 1965 roku;W 1970 roku
Muzyka;Festiwal w Opolu i Sopocie;łatwe;Jakie cenne wyróżnienie często zdobywają główni zwycięzcy festiwalu w Sopocie?;Bursztynowego Słowika;Złotą Lirę;Srebrnego Dzwonu;Złotą Płytę
Muzyka;Festiwal w Opolu i Sopocie;łatwe;Kto wyśpiewał mroczny, poruszający utwór 'Dziwny jest ten świat', który wstrząsnął Opolem?;Czesław Niemen;Marek Grechuta;Stan Borys;Krzysztof Krawczyk
Muzyka;Festiwal w Opolu i Sopocie;łatwe;Która prestiżowa nagroda jest głównym trofeum na opolskim koncercie debiutów i premier?;Karolinka;Bursztynowy Słowik;Złoty Mikrofon;Statuetka Fryderyka
Muzyka;Festiwal w Opolu i Sopocie;łatwe;W jakim kultowym obiekcie tradycyjnie odbywa się Krajowy Festiwal Piosenki Polskiej w Opolu?;W Amfiteatrze Tysiąclecia;W Hali Stulecia;W Spodku;Na Stadionie Narodowym
Muzyka;Festiwal w Opolu i Sopocie;łatwe;W jakim obiekcie tradycyjnie od 1963 roku odbywa się Krajowy Festiwal Piosenki Polskiej?;W Amfiteatrze Tysiąclecia w Opolu;W Operze Leśnej;Na Stadionie Narodowym;W Spodku
Muzyka;Festiwal w Opolu i Sopocie;łatwe;W jakim specyficznym miejscu w Sopocie mieści się duża, otwarta scena letnich festiwali?;W Operze Leśnej;W Amfiteatrze Kadzielnia;W Hali Stulecia;Na Sopockim Molo
Muzyka;Fryderyk Chopin i Klasyka;trudne;Gdzie spoczywa serce Fryderyka Chopina (zgodnie z jego ostatnią wolą)?;W kościele św. Krzyża w Warszawie;W katedrze na Wawelu;W Panteonie w Paryżu;W Żelazowej Woli
Muzyka;Fryderyk Chopin i Klasyka;trudne;Jak nazywała się słynna francuska pisarka, z którą Fryderyk Chopin miał długoletni romans?;George Sand;Simone de Beauvoir;Colette;Marguerite Duras
Muzyka;Fryderyk Chopin i Klasyka;trudne;Jaka była formalna przyczyna, dla której serce zmarłego w Paryżu Chopina zostało potajemnie przewiezione i wmurowane w filar kościoła w Warszawie?;Taka była jego ostatnia wola;Był to pomysł władz carskich;Siostra ukradła je dla zysku;Paryżanie nie chcieli go na cmentarzu
Muzyka;Fryderyk Chopin i Klasyka;trudne;Jakim uroczystym utworem (najczęściej granym jako hymn wejścia) tradycyjnie i uroczyście otwiera się słynny Konkurs Piosenki Eurowizji w klasycznym stylu?;Te Deum (M.A. Charpentier);Oda do Radości (L. van Beethoven);Hallelujah (G.F. Händel);Boléro (M. Ravel)
Muzyka;Fryderyk Chopin i Klasyka;trudne;Który z wymienionych gatunków muzycznych NIE był charakterystyczny dla twórczości Chopina?;Opera;Mazurek;Polonez;Nokturn
Muzyka;Fryderyk Chopin i Klasyka;trudne;W jakiej niezwykle popularnej i bardzo szybkiej formie muzycznej (często w metrum 3/4) Chopin pisał swoje błyskotliwe utwory dla tancerzy?;Walce;Polonezy;Mazurki;Etiudy
Muzyka;Fryderyk Chopin i Klasyka;trudne;W jakim mieście odbywa się co 5 lat prestiżowy Międzynarodowy Konkurs Pianistyczny im. Fryderyka Chopina?;W Warszawie;W Paryżu;W Żelazowej Woli;W Krakowie
Muzyka;Fryderyk Chopin i Klasyka;trudne;W którym paryskim kościele w 1849 roku odbyły się uroczystości pogrzebowe Fryderyka Chopina?;W kościele Madeleine;W katedrze Notre-Dame de Paris;W bazylice Sacré-Cœur;W kościele Saint-Sulpice
Muzyka;Fryderyk Chopin i Klasyka;trudne;Z jaką francuską pisarką Fryderyk Chopin był związany przez wiele lat?;Z George Sand;Z Marią Walewską;Z Emily Brontë;Z Simone de Beauvoir
Muzyka;Fryderyk Chopin i Klasyka;łatwe;Co odbywa się w Warszawie co 5 lat i przyciąga pianistów z całego świata?;Konkurs Chopinowski;Konkurs Wieniawskiego;Festiwal Beethovenowski;Warszawska Jesień
Muzyka;Fryderyk Chopin i Klasyka;łatwe;Dla jakiego instrumentu Fryderyk Chopin skomponował większość swoich znakomitych dzieł?;Dla fortepianu;Dla skrzypiec;Dla wiolonczeli;Dla organów
Muzyka;Fryderyk Chopin i Klasyka;łatwe;Jaki włoski wirtuoz jest autorem słynnego cyklu koncertów skrzypcowych 'Cztery pory roku'?;Antonio Vivaldi;Johann Strauss;Piotr Czajkowski;Niccolò Paganini
Muzyka;Fryderyk Chopin i Klasyka;łatwe;Kto skomponował operę 'Czarodziejski flet' oraz monumentalne i niedokończone 'Requiem'?;Wolfgang Amadeus Mozart;Ludwig van Beethoven;Johann Sebastian Bach;Antonio Vivaldi
Muzyka;Fryderyk Chopin i Klasyka;łatwe;Na jakim instrumencie grał i dla jakiego instrumentu głównie komponował Chopin?;Na fortepianie;Na skrzypcach;Na flecie;Na wiolonczeli
Muzyka;Fryderyk Chopin i Klasyka;łatwe;Na jakim instrumencie grał i komponował swoje największe muzyczne dzieła Fryderyk Chopin?;Na fortepianie;Na skrzypcach;Na wiolonczeli;Na flecie
Muzyka;Fryderyk Chopin i Klasyka;łatwe;W jakiej podwarszawskiej miejscowości w 1810 roku urodził się Fryderyk Chopin?;W Żelazowej Woli;W Radzyminie;W Sulejówku;W Otwocku
Muzyka;Fryderyk Chopin i Klasyka;łatwe;W jakim kraju urodził się najwybitniejszy polski pianista i kompozytor, Fryderyk Chopin?;W Polsce;We Francji;W Austrii;W Rosji
Muzyka;Hip-hop i Rap (Polska);trudne;Jak brzmi prawdziwe imię i nazwisko rapera Pezeta?;Piotr Siejka;Piotr Wiśniewski;Paweł Grzesik;Przemysław Nowak
Muzyka;Hip-hop i Rap (Polska);trudne;Jaki niezwykle wpływowy duet producencki (Noon i DJ Volt) ukształtował ostatecznie na początku lat 2000. twarde, warszawskie brzmienie ulicznego rapu?;Grammatik;WWO;Slums Attack;Molesta Ewenement
Muzyka;Hip-hop i Rap (Polska);trudne;Jaki tytuł nosił debiutancki, sprzedany w gigantycznym nakładzie album Liroya z 1995 roku?;Alboom;Bafangoo;Chleb powszedni;Księga Tajemnicza. Prolog
Muzyka;Hip-hop i Rap (Polska);trudne;Jaką nazwę nosiła kultowa i bardzo znana warszawska wytwórnia płytowa, która jako jedna z pierwszych wydawała najważniejsze płyty rapowe (np. WWO)?;Prosto;Asfalt Records;S.P. Records;R.R.X.
Muzyka;Hip-hop i Rap (Polska);trudne;Pod jakim pseudonimem występował Piotr Łuszcz, kultowy raper z grup Kaliber 44 i Paktofonika?;Magik;Rahim;Fokus;Peja
Muzyka;Hip-hop i Rap (Polska);trudne;Z którym polskim, pop-rapowym i niezwykle komercyjnym zespołem przez lata związany był popularny wokalista Mezo?;Ascetoholix;Jeden Osiem L;Trzeci Wymiar;Kasta Squad
Muzyka;Hip-hop i Rap (Polska);łatwe;Jak nazywa się popularny łódzki raper i producent, który jest wykształconym wirtuozem skrzypiec?;O.S.T.R.;Zeus;Tede;Peja
Muzyka;Hip-hop i Rap (Polska);łatwe;Jaki warszawski skład hip-hopowy wydał przełomowy dla kultury ulicznej album 'Skandal' w 1998 r.?;Molesta Ewenement;Paktofonika;Kaliber 44;Slums Attack
Muzyka;Hip-hop i Rap (Polska);łatwe;Kto jest założycielem dużej marki Prosto i raperem znanym z takich zespołów jak ZIP Skład czy WWO?;Sokół;Tede;Pezet;O.S.T.R.
Muzyka;Hip-hop i Rap (Polska);łatwe;Który znany warszawski raper we wczesnych latach 00. stworzył genialny duet z producentem Noonem?;Pezet;Onar;Ten Typ Mes;Sokół
Muzyka;Hip-hop i Rap (Polska);łatwe;O trudnej historii jakiego śląskiego składu rapowego opowiada głośny film 'Jesteś Bogiem'?;O Paktofonice;O Kalibrze 44;O Pokahontaz;O zespole 3xKlan
Muzyka;Hip-hop i Rap (Polska);łatwe;Z jakiego polskiego miasta wywodzi się legendarny, tragicznie przerwany projekt Paktofonika?;Z Katowic;Z Warszawy;Z Poznania;Z Kielc
Muzyka;Hymny i Pieśni Patriotyczne;trudne;Jaka popularna pieśń patriotyczna pełniła nieoficjalnie rolę hymnu w czasie powstania listopadowego?;Warszawianka 1831 r.;Boże, coś Polskę;Rota;Marsz Polonia
Muzyka;Hymny i Pieśni Patriotyczne;trudne;Jakie miasto zostało w sposób szczególny i oficjalnie wybrane na miejsce pierwszego, historycznego prawykonania pieśni "Rota" w 1910 roku?;Kraków;Warszawa;Poznań;Lwów
Muzyka;Hymny i Pieśni Patriotyczne;trudne;Kto jest autorem słów "Pieśni Legionów Polskich we Włoszech", która stała się polskim hymnem narodowym?;Józef Wybicki;Jan Henryk Dąbrowski;Adam Mickiewicz;Juliusz Słowacki
Muzyka;Hymny i Pieśni Patriotyczne;trudne;Kto w rzeczywistości skomponował muzykę do przejmującego, rewolucyjnego tekstu wiersza "Rota", napisanego przez Marię Konopnicką?;Feliks Nowowiejski;Stanisław Moniuszko;Fryderyk Chopin;Michał Kleofas Ogiński
Muzyka;Hymny i Pieśni Patriotyczne;trudne;W jakim państwie uformowały się zbrojne Legiony Polskie generała Dąbrowskiego, dla których napisano w 1797 roku "Pieśń Legionów Polskich we Włoszech"?;We Włoszech;We Francji;W Szwajcarii;W Niemczech
Muzyka;Hymny i Pieśni Patriotyczne;trudne;W którym włoskim mieście Józef Wybicki napisał w 1797 roku słowa Mazurka Dąbrowskiego?;W Reggio Emilia;W Mediolanie;W Turynie;W Wenecji
Muzyka;Hymny i Pieśni Patriotyczne;łatwe;Jak zaczyna się pieśń będąca nieformalnym hymnem Powstania Warszawskiego?;Warszawskie dzieci, pójdziemy w bój;Hej, chłopcy, bagnet na broń;Pałacyk Michla, Żytnia, Wola;Deszcz jesienny, deszcz
Muzyka;Hymny i Pieśni Patriotyczne;łatwe;Jakie polskie miasto zostało wymienione w refrenie Mazurka Dąbrowskiego (Marsz, marsz Dąbrowski, z ziemi włoskiej do...)?;Do Polski;Do Warszawy;Do Krakowa;Do Poznania
Muzyka;Hymny i Pieśni Patriotyczne;łatwe;Jaką dawną, maryjną pieśń śpiewali polscy rycerze przed bitwą pod Grunwaldem?;Bogurodzicę;Gaude Mater Polonia;Rotę;Marsz Pierwszej Brygady
Muzyka;Hymny i Pieśni Patriotyczne;łatwe;Kto jest autorką potężnego wiersza 'Rota', stanowiącego nieoficjalny hymn Polski?;Maria Konopnicka;Wisława Szymborska;Eliza Orzeszkowa;Zofia Nałkowska
Muzyka;Hymny i Pieśni Patriotyczne;łatwe;O jakim kwiatach pod Monte Cassino mówi słynna pieśń upamiętniająca tamtejszą bitwę?;O czerwonych makach;O białych różach;O polnych chabrach;O wiosennych bzach
Muzyka;Hymny i Pieśni Patriotyczne;łatwe;W jakim włoskim mieście Józef Wybicki napisał oryginalne słowa Mazurka Dąbrowskiego?;W Reggio nell'Emilia;W Rzymie;W Neapolu;W Wenecji
Muzyka;Instrumenty Muzyczne;trudne;Do jakiej rodziny instrumentów, zgodnie z podziałem orkiestry symfonicznej, oficjalnie należy flet poprzeczny (ze względu na pierwotny materiał)?;Dętych drewnianych;Dętych blaszanych;Perkusyjnych;Strunowych
Muzyka;Instrumenty Muzyczne;trudne;Ile klawiszy (białych i czarnych łącznie) posiada standardowy fortepian koncertowy?;88;76;92;84
Muzyka;Instrumenty Muzyczne;trudne;Ile pedałów (służących do przestrajania strun) posiada standardowa, współczesna harfa koncertowa?;7;3;5;9
Muzyka;Instrumenty Muzyczne;trudne;Jak brzmi oficjalna, włoska nazwa mechanizmu lub instrumentu klawiszowego wynalezionego przez B. Cristoforiego, z którego bezpośrednio wyewoluował współczesny fortepian?;Gravecembalo col piano e forte;Klawikord;Klawesyn;Wirginał
Muzyka;Instrumenty Muzyczne;trudne;Który niezwykle popularny, afrykański instrument składa się z szeregu strojonych, drewnianych deseczek, w które uderza się pałeczkami?;Marimba;Djembe;Kora;Balafon
Muzyka;Instrumenty Muzyczne;trudne;Który z wymienionych instrumentów dętych drewnianych ma najniższe brzmienie w orkiestrze symfonicznej?;Kontrafagot;Klarnet basowy;Tuba;Saksofon barytonowy
Muzyka;Instrumenty Muzyczne;łatwe;Do jakiej podstawowej grupy instrumentów należą klasyczne skrzypce?;Smyczkowe;Dęte blaszane;Szarpane;Klawiszowe
Muzyka;Instrumenty Muzyczne;łatwe;Do jakiej rodziny instrumentów, ze względu na sposób wydobywania dźwięku, zaliczamy gitarę i skrzypce?;Strunowych;Dętych;Perkusyjnych;Klawiszowych
Muzyka;Instrumenty Muzyczne;łatwe;Ile strun posiada tradycyjna gitara klasyczna i akustyczna?;6;4;5;8
Muzyka;Instrumenty Muzyczne;łatwe;Jaki mały, strunowy instrument pochodzi z Hawajów i wyglądem przypomina miniaturową gitarę?;Ukulele;Mandolina;Bałałajka;Banjo
Muzyka;Instrumenty Muzyczne;łatwe;Na jakim klawiszowym instrumencie swoje wielkie dzieła tworzył Fryderyk Chopin?;Na fortepianie;Na akordeonie;Na organach;Na harfie
Muzyka;Instrumenty Muzyczne;łatwe;Z jakiego instrumentu słynął na całym świecie genialny wokalista i muzyk Louis Armstrong?;Z trąbki;Z saksofonu;Z klarnetu;Z puzonu
Muzyka;Jazz i Blues;trudne;Jak brzmi prawdziwe imię i nazwisko bluesowego muzyka scenicznie zwanego Muddy Waters?;McKinley Morganfield;Robert Johnson;Charles Berry;Willie Dixon
Muzyka;Jazz i Blues;trudne;Jak w teorii i historii jazzu nazywa się charakterystyczny, bardzo szybki styl, który zrewolucjonizował ten gatunek w latach 40. XX w. (m.in. za sprawą Charliego Parkera)?;Bebop;Swing;Dixieland;Cool jazz
Muzyka;Jazz i Blues;trudne;Jaka legendarna czarnoskóra śpiewaczka jazzowa i bluesowa była powszechnie i czule nazywana przez przyjaciół "Lady Day"?;Billie Holiday;Ella Fitzgerald;Nina Simone;Sarah Vaughan
Muzyka;Jazz i Blues;trudne;Jaki polski kompozytor jazzowy napisał kultową kołysankę do filmu Romana Polańskiego "Dziecko Rosemary"?;Krzysztof Komeda;Michał Urbaniak;Tomasz Stańko;Adam Makowicz
Muzyka;Jazz i Blues;trudne;Który polski kompozytor stworzył doskonałą, jazzującą muzykę do takich perełek światowego kina jak "Dziecko Rosemary" czy "Nóż w wodzie"?;Krzysztof Komeda;Andrzej Kurylewicz;Michał Urbaniak;Tomasz Stańko
Muzyka;Jazz i Blues;trudne;W jakiej dzielnicy Nowego Orleanu (uznawanej za kolebkę jazzu) wykształcił się styl muzyczny na początku XX wieku?;Storyville;French Quarter;Tremé;Marigny
Muzyka;Jazz i Blues;łatwe;Jak nazywał się genialny polski kompozytor muzyki jazzowej i filmowej (m.in. do 'Dziecka Rosemary')?;Krzysztof Komeda;Michał Urbaniak;Tomasz Stańko;Leszek Możdżer
Muzyka;Jazz i Blues;łatwe;Jaki instrument dęty blaszany stał się głównym znakiem rozpoznawczym wielkiego Louisa Armstronga?;Trąbka;Saksofon;Puzon;Klarnet
Muzyka;Jazz i Blues;łatwe;Jaki słynny na cały świat czarnoskóry muzyk zasłynął pełnym ciepła utworem 'What a Wonderful World'?;Louis Armstrong;Miles Davis;John Coltrane;Charlie Parker
Muzyka;Jazz i Blues;łatwe;Jakie miasto na południu USA na ogół uważane jest za główną, historyczną kolebkę muzyki jazzowej?;Nowy Orlean;Chicago;Nowy Jork;Memphis
Muzyka;Jazz i Blues;łatwe;Kto z amerykańskich muzyków nosił tytuł 'Króla Bluesa' i grał na gitarze o nazwie 'Lucille'?;B.B. King;Muddy Waters;Eric Clapton;Chuck Berry
Muzyka;Jazz i Blues;łatwe;Który współczesny muzyk z Polski to wybitny wirtuoz fortepianu jazzowego o międzynarodowej sławie?;Leszek Możdżer;Tomasz Stańko;Jan Ptaszyn Wróblewski;Zbigniew Namysłowski
Muzyka;Konkurs Eurowizji;trudne;Jak nazywa się państwo z antypodów (niebędące geograficznie w Europie), które od 2015 roku oficjalnie występuje na stałe w Konkursie Piosenki Eurowizji?;Australia;Nowa Zelandia;Kanada;Południowa Afryka
Muzyka;Konkurs Eurowizji;trudne;Jakie państwo wygrało zupełnie pierwszy, historyczny Konkurs Piosenki Eurowizji zorganizowany w 1956 roku?;Szwajcaria;Włochy;Francja;Holandia
Muzyka;Konkurs Eurowizji;trudne;Kto pod zmysłowym pseudonimem Conchita Wurst absolutnie i niepodważalnie zszokował publiczność wygrywając Eurowizję dla Austrii w 2014 roku?;Thomas Neuwirth;Duncan Laurence;Måns Zelmerlöw;Alexander Rybak
Muzyka;Konkurs Eurowizji;trudne;Która polska piosenkarka wywalczyła historyczne, 2. miejsce na Eurowizji w 1994 roku z utworem "To nie ja!"?;Edyta Górniak;Justyna Steczkowska;Michał Szpak;Cleo
Muzyka;Konkurs Eurowizji;trudne;Na którym miejscu w finale Konkursu Piosenki Eurowizji 1994 w Dublinie zajęła Edyta Górniak?;Na 2. miejscu;Na 1. miejscu;Na 3. miejscu;Na 5. miejscu
Muzyka;Konkurs Eurowizji;trudne;Z jakim chwytliwym utworem w języku angielskim polska piosenkarka Edyta Górniak wystąpiła nieoficjalnie na próbie generalnej przed swoim pamiętnym debiutem (wtedy po polsku)?;To nie ja!;Dotyk;Jestem kobietą;Once in a Lifetime
Muzyka;Konkurs Eurowizji;łatwe;Jaki zespół zajął historyczne 1. miejsce dla Szwecji w 1974 r. z rytmiczną piosenką 'Waterloo'?;ABBA;Roxette;The Cardigans;Ace of Base
Muzyka;Konkurs Eurowizji;łatwe;Kto z Polski pojechał na konkurs Eurowizji w 2014 roku z przaśnym utworem 'My Słowianie'?;Donatan i Cleo;Ich Troje;Tulia;Michał Szpak
Muzyka;Konkurs Eurowizji;łatwe;Która współczesna szwedzka artystka zdołała wygrać Konkurs Eurowizji aż dwukrotnie?;Loreen;Carola;Mans Zelmerlow;Helena Paparizou
Muzyka;Konkurs Eurowizji;łatwe;W jakim kraju gościnnie odbyła się Eurowizja w 2023 r., zorganizowana w imieniu Ukrainy?;W Wielkiej Brytanii;W Szwecji;W Niemczech;We Włoszech
Muzyka;Konkurs Eurowizji;łatwe;W którym roku piosenkarka Edyta Górniak zajęła aż 2. miejsce z hitem 'To nie ja!'?;W 1994 r.;W 1998 r.;W 2003 r.;W 1990 r.
Muzyka;Konkurs Eurowizji;łatwe;Z jakiego skandynawskiego kraju pochodzi zespół ABBA, który triumfował na Eurowizji z piosenką "Waterloo"?;Ze Szwecji;Z Norwegii;Z Finlandii;Z Danii
Muzyka;Legendarne Zespoły;trudne;Ile albumów studyjnych nagrali The Beatles w latach 1963–1970?;13;10;12;15
Muzyka;Legendarne Zespoły;trudne;Jak nazywał się pierwotny perkusista The Beatles, którego zastąpił Ringo Starr?;Pete Best;Stuart Sutcliffe;Billy Preston;Brian Epstein
Muzyka;Legendarne Zespoły;trudne;Jak nazywał się tragicznie zmarły w 1980 roku, oryginalny wokalista zespołu AC/DC, którego zastąpił Brian Johnson?;Bon Scott;Syd Barrett;Malcolm Young;Ian Curtis
Muzyka;Legendarne Zespoły;trudne;Jak nazywał się zespół, w którym wokalistą był Kurt Cobain, będący ikoną nurtu grunge?;Nirvana;Pearl Jam;Soundgarden;Alice in Chains
Muzyka;Legendarne Zespoły;trudne;Jaki amerykański zespół grunge'owy stał się absolutnym symbolem całego pokolenia w latach 90. dzięki takim hitom jak "Smells Like Teen Spirit"?;Nirvana;Pearl Jam;Alice in Chains;Soundgarden
Muzyka;Legendarne Zespoły;trudne;Kto przed swoim solowym, światowym sukcesem pisał, tworzył piosenki i grał w bardzo popularnym brytyjskim zespole Wham!?;George Michael;Sting;Phil Collins;Robbie Williams
Muzyka;Legendarne Zespoły;trudne;Który album zespołu Pink Floyd uznawany jest za jeden z najlepiej sprzedających się krążków wszech czasów (z pryzmatem na okładce)?;The Dark Side of the Moon;The Wall;Wish You Were Here;Animals
Muzyka;Legendarne Zespoły;trudne;Który wybitny brytyjski zespół jako pierwszy w historii nowożytnej wydał spójny wizualnie i koncepcyjnie album rockowy zatytułowany "Sgt. Pepper's Lonely Hearts Club Band"?;The Beatles;The Rolling Stones;The Who;Pink Floyd
Muzyka;Legendarne Zespoły;trudne;Z jakiego angielskiego miasta pochodziła słynna, rewolucjonizująca muzykę popową "wielka czwórka", czyli The Beatles?;Liverpool;Londyn;Manchester;Birmingham
Muzyka;Legendarne Zespoły;łatwe;Jak nazywa się ikoniczna, szwedzka grupa popowa z lat 70., która podbiła świat hitem 'Waterloo'?;ABBA;Roxette;Ace of Base;Europe
Muzyka;Legendarne Zespoły;łatwe;Jaki klasyczny rockowy zespół nagrał kultowy, rozbudowany utwór 'Stairway to Heaven'?;Led Zeppelin;Black Sabbath;Deep Purple;The Doors
Muzyka;Legendarne Zespoły;łatwe;Jaki legendarny, brytyjski zespół rockowy miał za swojego charyzmatycznego wokalistę Freddiego Mercury'ego?;Queen;The Beatles;The Rolling Stones;Pink Floyd
Muzyka;Legendarne Zespoły;łatwe;Jaki zespół z Liverpoolu na stałe zmienił muzykę pop m.in. z hitami 'Hey Jude' i 'Let It Be'?;The Beatles;The Rolling Stones;The Who;Pink Floyd
Muzyka;Legendarne Zespoły;łatwe;Kto był charyzmatycznym liderem i wokalistą brytyjskiej grupy Queen?;Freddie Mercury;Mick Jagger;David Bowie;Paul McCartney
Muzyka;Legendarne Zespoły;łatwe;Kto był wybitnie charyzmatycznym wokalistą brytyjskiej grupy rockowej Queen?;Freddie Mercury;Mick Jagger;Robert Plant;Axl Rose
Muzyka;Legendarne Zespoły;łatwe;Kurt Cobain był wokalistą jakiej przełomowej, amerykańskiej grupy grunge'owej?;Nirvana;Pearl Jam;Alice in Chains;Soundgarden
Muzyka;Legendarne Zespoły;łatwe;Z jakiego miasta pochodziła legendarna "Czwórka z Liverpoolu", czyli zespół The Beatles?;Z Liverpoolu;Z Londynu;Z Manchesteru;Z Glasgow
Muzyka;Muzyka Elektroniczna;trudne;Jak nazywa się album Daft Punk z 2001 roku, który zawiera przebój 'One More Time'?;Discovery;Homework;Human After All;Random Access Memories
Muzyka;Muzyka Elektroniczna;trudne;Jak określa się dominujący na początku XXI wieku we Francji gatunek mocnej elektroniki tanecznej, z którego wywodzi się m.in. zespół Daft Punk?;French house (French touch);Trance;Dubstep;Drum and bass
Muzyka;Muzyka Elektroniczna;trudne;Jaką niepokojącą, wykrzywioną i roześmianą twarz nosił na głowie jako specjalną maskę słynny kanadyjski twórca muzyki elektronicznej, znany z utworu "Ghosts 'n' Stuff"?;Deadmau5;Marshmello;Daft Punk;Skrillex
Muzyka;Muzyka Elektroniczna;trudne;Kto jest twórcą epokowego albumu "Oxygène" z 1976 roku, uznawanego za kamień milowy w rozwoju elektroniki?;Jean-Michel Jarre;Vangelis;Kraftwerk;Moby
Muzyka;Muzyka Elektroniczna;trudne;Który niezwykle nowatorski niemiecki zespół od lat uchodzi za absolutnego prekursora i pioniera całej historii muzyki elektronicznej (autorzy np. "Das Model")?;Kraftwerk;Tangerine Dream;Depeche Mode;Klaus Schulze
Muzyka;Muzyka Elektroniczna;trudne;W jakim przemysłowym amerykańskim mieście pod koniec lat 80. wykształcił się gatunek muzyki elektronicznej znany jako techno?;Detroit;Chicago;Nowy Jork;Berlin
Muzyka;Muzyka Elektroniczna;łatwe;Jak nazywa się potężny i bajkowy festiwal muzyki elektronicznej organizowany w belgijskim Boom?;Tomorrowland;Ultra Music Festival;Creamfields;Mayday
Muzyka;Muzyka Elektroniczna;łatwe;Jak nazywał się uwielbiany szwedzki DJ i producent muzyczny, autor megahitu 'Wake Me Up'?;Avicii;Kygo;Martin Garrix;Tiësto
Muzyka;Muzyka Elektroniczna;łatwe;Jaki francuski duet elektroniczny przez dekady ukrywał twarze pod futurystycznymi hełmami?;Daft Punk;Justice;The Chemical Brothers;Disclosure
Muzyka;Muzyka Elektroniczna;łatwe;Jaki słynny francuski duet muzyki elektronicznej charakteryzował się występami w ikonicznych kaskach robotów?;Daft Punk;Justice;Air;The Chemical Brothers
Muzyka;Muzyka Elektroniczna;łatwe;Który francuski wirtuoz jest autorem kultowego albumu muzyki elektronicznej 'Oxygene'?;Jean-Michel Jarre;David Guetta;DJ Snake;Vangelis
Muzyka;Muzyka Elektroniczna;łatwe;Z jakiego europejskiego kraju wywodzi się zespół Kraftwerk, absolutni pionierzy elektro?;Z Niemiec;Z Francji;Z Wielkiej Brytanii;Ze Szwecji
Muzyka;Polska Muzyka Alternatywna;trudne;Jak ma na imię zmysłowy, popularny wokalista zespołu KAMP! znany z doskonałych, popowo-elektronicznych brzmień (od lat solowo jako Baasch)?;Bartosz (Baasch);Piotr;Maciej;Dawid
Muzyka;Polska Muzyka Alternatywna;trudne;Jaka polska grupa muzyczna na swoim głośnym i docenianym debiucie "Powstanie Warszawskie" zawarła nowatorskie podejście do wierszy wojennych i historii (2005 r.)?;Lao Che;Cool Kids of Death;Strachy na Lachy;Coma
Muzyka;Polska Muzyka Alternatywna;trudne;Jaki awangardowy muzyk i kompozytor stał na czele trójmiejskiego zespołu Kury, który wydał płytę "P.O.L.O.V.I.R.U.S."?;Tymon Tymański;Lech Janerka;Kazik Staszewski;Maciej Maleńczuk
Muzyka;Polska Muzyka Alternatywna;trudne;Jaki ekscentryczny wokalista rockowy w latach 80. zasłynął płytą ze swoim zespołem, zawierającą potężny cover "Zegarmistrz światła purpurowy" (Pudelsi)?;Maciej Maleńczuk;Lech Janerka;Tomek Lipiński;Kora Jackowska
Muzyka;Polska Muzyka Alternatywna;trudne;W którym roku zespół Kult wydał swój debiutancki album?;W 1986 roku;W 1983 roku;W 1989 roku;W 1991 roku
Muzyka;Polska Muzyka Alternatywna;trudne;Z jakim kultowym śląskim zespołem był pierwotnie związany Artur Rojek, śpiewając m.in. "Długość dźwięku samotności"?;Myslovitz;Hey;Republika;T.Love
Muzyka;Polska Muzyka Alternatywna;łatwe;Jaki ekstrawagancki i barwny artysta nagrał całą płytę będącą hołdem dla piosenek Kory?;Ralph Kaminski;Michał Szpak;Dawid Kwiatkowski;Igor Herbut
Muzyka;Polska Muzyka Alternatywna;łatwe;Jaki polski artysta pobił rekordy popularności albumami "Małomiasteczkowy" oraz "Lata Dwudzieste"?;Dawid Podsiadło;Krzysztof Zalewski;Ralph Kaminski;Artur Rojek
Muzyka;Polska Muzyka Alternatywna;łatwe;Jaki znany marka piwa od ponad dekady jest głównym sponsorem trasy 'Męskie Granie'?;Żywiec;Tyskie;Okocim;Lech
Muzyka;Polska Muzyka Alternatywna;łatwe;Kto jest twórcą wielkich, alternatywno-popowych hitów z albumu 'Małomiasteczkowy'?;Dawid Podsiadło;Krzysztof Zalewski;Kortez;Ralph Kaminski
Muzyka;Polska Muzyka Alternatywna;łatwe;Pod jakim szyldem artystycznym występuje Katarzyna Nosowska po zawieszeniu działalności Hey?;Nosowska;Kaśka Sochacka;Daria Zawiałow;Mery Spolsky
Muzyka;Polska Muzyka Alternatywna;łatwe;Z jakiego docenianego alternatywnego zespołu rockowego w 2012 roku odszedł Artur Rojek?;Myslovitz;Lenny Valentino;Coma;happysad
Muzyka;Polski Rock;trudne;Jak miał na nazwisko legendarny, tragicznie zmarły wokalista śląskiego, blues-rockowego zespołu Dżem?;Ryszard Riedel;Czesław Niemen;Seweryn Krajewski;Romuald Lipko
Muzyka;Polski Rock;trudne;Jak nazywał się nowofalowy polski zespół rockowy z Torunia, kierowany przez charyzmatycznego wokalistę i basistę Grzegorza Ciechowskiego?;Republika;Maanam;Lombard;Tilt
Muzyka;Polski Rock;trudne;Jak nazywał się nowofalowy zespół z Torunia prowadzony przez Grzegorza Ciechowskiego?;Republika;Maanam;Lombard;Tilt
Muzyka;Polski Rock;trudne;Kto jest absolutnie pierwszym, legendarnym i niezastąpionym wokalistą śląskiego zespołu Dżem (autorem tekstów do m.in. "Whisky")?;Ryszard Riedel;Marek Piekarczyk;Artur Gadowski;Piotr Cugowski
Muzyka;Polski Rock;trudne;Kto jest wokalistą i liderem zespołu Kult, znanym z utworów takich jak "Polska" czy "Arahja"?;Kazik Staszewski;Artur Rojek;Muniek Staszczyk;Robert Gawliński
Muzyka;Polski Rock;trudne;Który polski, punkowo-rockowy zespół powstał na początku lat 80. w Ustrzykach Dolnych z inicjatywy Eugeniusza "Siczki" Olejarczyka (tzw. KSU)?;KSU;Dezerter;Armia;Moskwa
Muzyka;Polski Rock;trudne;Na jakim przełomowym dla polskiego rocka albumie zespołu Republika z 1983 roku znalazł się hymn pokolenia "Biała flaga"?;Nowe sytuacje;Nieustanne tango;Masakra;Republika Marzeń
Muzyka;Polski Rock;trudne;W jakim mieście powstał zespół Lady Pank w 1981 roku?;W Warszawie;Wrocławiu;W Olecku;W Mogilnie
Muzyka;Polski Rock;trudne;W którym roku założono kultową polską grupę rockową Breakout?;W 1968 roku;W 1965 roku;W 1971 roku;W 1973 roku
Muzyka;Polski Rock;łatwe;Jak miała na imię niezwykle wyrazista, ikoniczna wokalistka zespołu Maanam?;Kora (Olga Jackowska);Kasia Kowalska;Edyta Bartosiewicz;Agnieszka Chylińska
Muzyka;Polski Rock;łatwe;Jaki znany polski zespół nagrał kultowy 'hymn pokoleń' pt. 'Autobiografia'?;Perfect;Lady Pank;Republika;Maanam
Muzyka;Polski Rock;łatwe;Kto był charyzmatycznym wokalistą, twórcą tekstów i liderem zespołu Republika?;Grzegorz Ciechowski;Tomasz Lipiński;Robert Gawliński;Paweł Kukiz
Muzyka;Polski Rock;łatwe;Kto był legendarnym, wieloletnim wokalistą bluesrockowego zespołu Dżem?;Ryszard Riedel;Marek Piekarczyk;Grzegorz Markowski;Krzysztof Cugowski
Muzyka;Polski Rock;łatwe;Kto był liderem i wokalistą zespołu Perfect, wykonującego hit "Autobiografia"?;Grzegorz Markowski;Jan Borysewicz;Kora;Kazik Staszewski
Muzyka;Polski Rock;łatwe;Z jakiego polskiego miasta wywodzi się poprockowy zespół T.Love pod wodzą Muńka Staszczyka?;Z Częstochowy;Z Warszawy;Z Krakowa;Z Katowic
Muzyka;Polski Rock;łatwe;Z jakim polskim zespołem rockowym nieprzerwanie od lat 80. związany jest wokalista Kazik Staszewski?;Kult;Perfect;Lady Pank;Dżem
Muzyka;Polski Rock;łatwe;Z jakim zespołem związany był przez lata wokalista Ryszard Riedel?;Dżem;Budka Suflera;Lady Pank;Kult
Muzyka;Teksty Piosenek;trudne;Dokończ słynny wers z wielkiego, rockowego hitu grupy Perfect: "Trzeba wiedzieć, kiedy ze sceny zejść...";Niepokonanym;Z podniesioną głową;Bez słowa;Z uśmiechem
Muzyka;Teksty Piosenek;trudne;Jakie słowa kończą refren piosenki Marka Grechuty 'Tańcz, głuptasie'?;póki możesz tańczyć;i śpiewaj razem z nami;bo życie jest krótkie jak sen;nim skończy się ta noc
Muzyka;Teksty Piosenek;trudne;Która wybitna polska poetka napisała dla Maryli Rodowicz tekst do kultowej piosenki "Niech żyje bal"?;Agnieszka Osiecka;Jacek Cygan;Jonasz Kofta;Wojciech Młynarski
Muzyka;Teksty Piosenek;trudne;O kim lub o jakim państwie opowiada niepokojący tekst: "Tańcz głupia tańcz, swoim życiem się baw", wykonany przez legendarny wokal polskiego rocka (Lady Pank)?;O beztroskiej, zagubionej dziewczynie;O zniewolonej Polsce w czasach PRL;O upadającej władzy radzieckiej;O zdradzonej żonie
Muzyka;Teksty Piosenek;trudne;O kim w wielkim hicie z 1991 roku śpiewa zespół Perfect: "Miałem dziesięć lat, gdy usłyszał o nim świat, w mojej piwnicy był nasz klub"?;O Elvisie Presleyu;O zespole The Beatles;O Jimim Hendrixie;O Tadeuszu Nalepie
Muzyka;Teksty Piosenek;trudne;Z jakiego przedwojennego i niezwykle popularnego polskiego filmu pochodzi piękny, liryczny walc "Miłość ci wszystko wybaczy" (w wykonaniu Hanki Ordonówny)?;Szpieg w masce;Czy Lucyna to dziewczyna?;Jadzia;Pani minister tańczy
Muzyka;Teksty Piosenek;łatwe;Dokończ słowa wielkiego hitu Budki Suflera: 'Znowu w życiu mi nie wyszło, uciec...'?;...chciałem dokądkolwiek;...muszę przed siebie;...chciałem w nieznane;...pragnę stąd szybko
Muzyka;Teksty Piosenek;łatwe;Jak Krzysztof Krawczyk dokończył frazę 'Chciałem być marynarzem...'?;...chciałem mieć tatuaże;...chciałem pływać po świecie;...chciałem żeglować w dal;...chciałem statkiem sterować
Muzyka;Teksty Piosenek;łatwe;Jak brzmi wers piosenki Maanamu: 'Czekam na wiatr co rozgoni...'?;...ciemne skłębione zasłony;...czarne burzowe chmury;...mgłę co zasłania mi świat;...smutne myśli z mej głowy
Muzyka;Teksty Piosenek;łatwe;Kto śpiewał z humorem o dziewczynach: 'Baśka miała fajny biust, Ania styl, a Zośka coś...'?;...co lubię;...czego brak;...w sobie;...co chciałem
Muzyka;Teksty Piosenek;łatwe;W jakim utworze Czesław Niemen dramatycznie wyśpiewuje: "Dziwny jest ten świat, gdzie jeszcze wciąż mieści się wiele zła"?;Dziwny jest ten świat;Sen o Warszawie;Pod Papugami;Jednego serca
Muzyka;Teksty Piosenek;łatwe;Z jakiego poetyckiego utworu Marka Grechuty pochodzą słowa 'Ważne są tylko te dni, których...'?;Dni, których nie znamy;Czas nas uczy pogody;Przeżyj to sam;Zegarmistrz światła
Muzyka;Teledyski i MTV;trudne;Jaka rewolucyjna, krótka animacja Petera Gabriela (z udziałem kury bez głowy) pobiła w 1986 roku wszelkie rekordy zdobywając mnóstwo nagród MTV Video Music Awards?;Sledgehammer;Shock the Monkey;Don't Give Up;Big Time
Muzyka;Teledyski i MTV;trudne;Jaki był pierwszy teledysk wyemitowany przez stację MTV w dniu jej premiery, 1 sierpnia 1981 roku?;Video Killed the Radio Star The Buggles;Thriller Michaela Jacksona;Like a Virgin Madonny;Bohemian Rhapsody Queen
Muzyka;Teledyski i MTV;trudne;Jaki czternastominutowy teledysk Johna Landisa zrewolucjonizował branżę muzyczną dzięki charakteryzacji na żywe trupy?;Thriller;Smooth Criminal;Bad;Beat It
Muzyka;Teledyski i MTV;trudne;Jaki innowacyjny teledysk amerykańskiego reżysera Spike'a Jonze'a do piosenki "Weapon of Choice" (Fatboy Slim) ukazuje tańczącego aktora Christophera Walkena?;Weapon of Choice;Praise You;Virtual Insanity;Sabotage
Muzyka;Teledyski i MTV;trudne;Jaki teledysk, niezwykle trafny do rodzącej się epoki wideo, wyemitowano jako pierwszy w historii nowej stacji MTV w 1981 r.?;Video Killed the Radio Star;Money for Nothing;Take On Me;Bohemian Rhapsody
Muzyka;Teledyski i MTV;trudne;Kto za pomocą pionierskich, animowanych szkiców rotoskopowych ożywił na ekranie telewizorów rewolucyjny w 1985 roku klip "Take On Me" (zespół a-ha)?;Michael Patterson i Candace Reckinger;Steve Barron;Michel Gondry;David Fincher
Muzyka;Teledyski i MTV;łatwe;Jaka światowa stacja muzyczna rozpoczęła swoje pierwsze nadawanie w 1981 roku?;MTV;VIVA;VH1;4fun.tv
Muzyka;Teledyski i MTV;łatwe;Jaki był absolutnie pierwszy, symboliczny teledysk wyemitowany w historii stacji MTV?;Video Killed the Radio Star (The Buggles);Money for Nothing (Dire Straits);Thriller (Michael Jackson);Take On Me (a-ha)
Muzyka;Teledyski i MTV;łatwe;Jaki przełomowy teledysk Michaela Jacksona z lat 80. był reżyserowany jak krótkometrażowy horror?;Thriller;Bad;Billie Jean;Beat It
Muzyka;Teledyski i MTV;łatwe;Jaki wokalista spopularyzował krok taneczny "Moonwalk" w swoim przełomowym występie i teledyskach do piosenki "Billie Jean"?;Michael Jackson;Prince;Justin Timberlake;Bruno Mars
Muzyka;Teledyski i MTV;łatwe;Kto w kontrowersyjnym teledysku do piosenki 'Like a Prayer' tańczył na tle płonących krzyży?;Madonna;Cher;Britney Spears;Christina Aguilera
Muzyka;Teledyski i MTV;łatwe;W jakim teledysku zespołu a-ha z 1985 roku połączono niesamowitą animację ze światem realnym?;Take On Me;The Sun Always Shines on T.V.;Hunting High and Low;Cry Wolf
Muzyka;Wielkie Gwiazdy Estrady;trudne;Jak brzmi prawdziwe imię i nazwisko piosenkarki Tiny Turner?;Anna Mae Bullock;Tina Annette Brown;Annie Mae Johnson;Tina Louise Turner
Muzyka;Wielkie Gwiazdy Estrady;trudne;Jak nazywała się brytyjska wokalistka R&B znana z olbrzymiego talentu wokalnego i problemów, wykonawczyni utworu "Rehab"?;Amy Winehouse;Janis Joplin;Nina Simone;Etta James
Muzyka;Wielkie Gwiazdy Estrady;trudne;Jaka genialna i tragicznie zmarła czarnoskóra piosenkarka otrzymała powszechny, niekwestionowany w mediach tytuł "Królowej Rock and Rolla" m.in. za piosenkę "Proud Mary"?;Tina Turner;Aretha Franklin;Diana Ross;Donna Summer
Muzyka;Wielkie Gwiazdy Estrady;trudne;Kto w rzeczywistości komponował i samodzielnie nagrywał w studiu niemal wszystkie partie instrumentalne na swoje albumy (np. "Purple Rain")?;Prince;Michael Jackson;David Bowie;George Michael
Muzyka;Wielkie Gwiazdy Estrady;trudne;Który legendarny, niewidomy muzyk amerykański stworzył na instrumentach klawiszowych m.in. hit "I Just Called to Say I Love You"?;Stevie Wonder;Ray Charles;Marvin Gaye;Otis Redding
Muzyka;Wielkie Gwiazdy Estrady;trudne;Który muzyk pobił wszelkie rekordy sprzedając ponad 100 milionów płyt, chociaż w dzieciństwie zmagał się z poważnymi zaburzeniami słuchu?;Sting;Phil Collins;Elton John;Stevie Wonder
Muzyka;Wielkie Gwiazdy Estrady;łatwe;Jaka amerykańska piosenkarka zyskała stały tytuł "Królowej Popu" dzięki kontrowersyjnym wizerunkom i hitom typu "Like a Virgin"?;Madonna;Whitney Houston;Cher;Celine Dion
Muzyka;Wielkie Gwiazdy Estrady;łatwe;Jaka artystka wyśpiewała potężny utwór 'I Will Always Love You' do filmu 'Bodyguard'?;Whitney Houston;Mariah Carey;Celine Dion;Tina Turner
Muzyka;Wielkie Gwiazdy Estrady;łatwe;Jaką amerykańską piosenkarkę, autorkę przebojów 'Poker Face' i 'Bad Romance', zwą Mother Monster?;Lady Gaga;Katy Perry;Rihanna;Taylor Swift
Muzyka;Wielkie Gwiazdy Estrady;łatwe;Kto wylansował ponadczasowe przeboje, takie jak 'My Way' czy 'Fly Me to the Moon'?;Frank Sinatra;Dean Martin;Elvis Presley;Tony Bennett
Muzyka;Wielkie Gwiazdy Estrady;łatwe;Który piosenkarz o znakomitym głosie śpiewał: 'Zacznij od Bacha' i grał na skrzypcach?;Zbigniew Wodecki;Krzysztof Krawczyk;Andrzej Zaucha;Ryszard Rynkowski
Muzyka;Wielkie Gwiazdy Estrady;łatwe;Który polski wokalista nagrał takie przeboje jak 'Parostatek' czy 'Chciałem być'?;Krzysztof Krawczyk;Jerzy Połomski;Zbigniew Wodecki;Stan Borys
Muzyka;Światowy Pop;trudne;Jak brzmi pełne prawdziwe imię i nazwisko artystki scenicznej Lady Gaga?;Stefani Joanne Angelina Germanotta;Stephanie Marie Germanotti;Stefania Gaga Romano;Joanna Stefani Germanotta
Muzyka;Światowy Pop;trudne;Jak nazywa się debiutancki singiel Britney Spears z 1998 roku, który przyniósł jej światową sławę?;...Baby One More Time;Oops!... I Did It Again;Toxic;Lucky
Muzyka;Światowy Pop;trudne;Jaka niezwykle znana, wspaniała kolumbijska wokalistka (żona hiszpańskiego piłkarza) zaśpiewała bardzo chwytliwy hymn Mundialu "Waka Waka" w 2010 roku?;Shakira;Jennifer Lopez;Thalia;Gloria Estefan
Muzyka;Światowy Pop;trudne;Która brytyjska artystka zdobyła gigantyczną sławę, nazywając swoje albumy cyframi swoich lat, np. "19", "21" i "25"?;Adele;Taylor Swift;Katy Perry;Ariana Grande
Muzyka;Światowy Pop;trudne;Która kontrowersyjna gwiazda muzyki pop wystąpiła na ceremonii MTV Video Music Awards w 2010 roku szokując kreacją w postaci sukni zrobionej w całości z surowego mięsa?;Lady Gaga;Katy Perry;Miley Cyrus;Nicki Minaj
Muzyka;Światowy Pop;trudne;Która piosenkarka zagrała główną rolę u boku Bradleya Coopera w filmie "Narodziny gwiazdy"?;Lady Gaga;Katy Perry;Adele;Taylor Swift
Muzyka;Światowy Pop;trudne;W jakim niezwykle popularnym brytyjskim boysbandzie zaczynał swoją karierę muzyczną autor hitu "As It Was", Harry Styles?;One Direction;Backstreet Boys;NSYNC;Take That
Muzyka;Światowy Pop;trudne;Z jakiego kraju pochodzi zespół ABBA, zwycięzca Eurowizji z utworem "Waterloo"?;Ze Szwecji;Z Norwegii;Z Danii;Z Finlandii
Muzyka;Światowy Pop;trudne;Z jakiego utworu pochodzi potężny refren: "So wake me up when it's all over / When I'm wiser and I'm older", stworzonego przez zmarłego tragicznie szwedzkiego producenta Avicii?;Wake Me Up;Levels;Hey Brother;Waiting for Love
Muzyka;Światowy Pop;łatwe;Jak nazywa się kolumbijska piosenkarka, która wykonała hymn mundialu w 2010 r., utwór 'Waka Waka'?;Shakira;Jennifer Lopez;Beyoncé;Rihanna
Muzyka;Światowy Pop;łatwe;Jaka wokalistka jest autorką takich hitów jak "Like a Virgin" czy "Hung Up"?;Madonna;Lady Gaga;Beyoncé;Rihanna
Muzyka;Światowy Pop;łatwe;Jaka wokalistka pochodzi z Barbadosu, a jej debiutanckim globalnym przebojem był letni hit "Pon de Replay"?;Rihanna;Beyoncé;Shakira;Lady Gaga
Muzyka;Światowy Pop;łatwe;Jaka światowa gwiazda wylansowała wielkie hity takie jak 'Like a Virgin' i 'Material Girl'?;Madonna;Whitney Houston;Mariah Carey;Celine Dion
Muzyka;Światowy Pop;łatwe;Kto nosi tytuł "Króla Popu"?;Michael Jackson;Elvis Presley;Justin Bieber;Prince
Muzyka;Światowy Pop;łatwe;Który wybitny artysta przez dekady nosił dumnie tytuł 'Króla Popu'?;Michael Jackson;Elvis Presley;Prince;George Michael
Muzyka;Światowy Pop;łatwe;Który z brytyjskich piosenkarzy i kompozytorów zaśpiewał w 2017 r. wielki hit 'Shape of You'?;Ed Sheeran;Harry Styles;Justin Bieber;Shawn Mendes
Muzyka;Światowy Pop;łatwe;W skład jakiego znanego, amerykańskiego boysbandu wchodził Justin Timberlake?;*NSYNC;Backstreet Boys;Take That;One Direction
Muzyka;Disco Polo i Biesiada;łatwe;Jak nazywa się gatunek polskiej muzyki tanecznej popularny od lat 90., kojarzony z prostymi melodiami i tekstami o miłości i zabawie?;Disco polo;Pop;Dance;Techno
Muzyka;Disco Polo i Biesiada;trudne;Jak nazywa się zespół disco polo, wykonawca hitu "Ona tańczy dla mnie"?;Weekend;Boys;Bayer Full;Akcent
Muzyka;Disco Polo i Biesiada;trudne;Jak nazywa się zespół disco polo wykonujący hit "Bierz co chcesz"?;Akcent;Weekend;Boys;Milano
Muzyka;Disco Polo i Biesiada;bardzo trudne;Jak nazywał się zespół disco polo, którego wokalistą był Zenon Martyniuk, uznawany za jedną z ikon gatunku?;Akcent;Bayer Full;Weekend;Top One
Muzyka;Disco Polo i Biesiada;bardzo trudne;Jak nazywa się tradycyjna polska muzyka biesiadna, wykonywana zwykle przy akordeonie na weselach i imprezach rodzinnych?;Muzyka biesiadna;Muzyka ludowa;Disco polo;Muzyka weselna
Muzyka;Festiwal w Opolu i Sopocie;łatwe;Jak nazywa się najstarszy polski festiwal muzyki popularnej, odbywający się w Opolu od 1963 roku?;Krajowy Festiwal Piosenki Polskiej;Sopot Festival;Przystanek Woodstock;Open'er Festival
Muzyka;Festiwal w Opolu i Sopocie;trudne;Jak nazywa się festiwal muzyczny w Sopocie, z tradycją sięgającą lat 60., znany dziś jako Sopot Festival?;Międzynarodowy Festiwal Piosenki w Sopocie;Opole;Kolorowe Jarmarki;FAMA
Muzyka;Festiwal w Opolu i Sopocie;trudne;W jakim obiekcie odbywa się Festiwal w Sopocie?;Opera Leśna;Amfiteatr w Opolu;Stadion Narodowy;Hala Stulecia
Muzyka;Festiwal w Opolu i Sopocie;bardzo trudne;W którym roku odbyła się pierwsza edycja Krajowego Festiwalu Piosenki Polskiej w Opolu?;1963;1968;1957;1970
Muzyka;Festiwal w Opolu i Sopocie;bardzo trudne;Jak nazywa się bursztynowa nagroda przyznawana laureatom Festiwalu Polskiej Piosenki w Opolu za całokształt twórczości?;Bursztynowy Słowik;Złoty Słowik;Grand Prix;Fryderyk
Muzyka;Fryderyk Chopin i Klasyka;łatwe;Jak nazywa się najsłynniejszy polski kompozytor muzyki klasycznej, autor mazurków i polonezów, żyjący w XIX wieku?;Fryderyk Chopin;Stanisław Moniuszko;Karol Szymanowski;Ignacy Jan Paderewski
Muzyka;Fryderyk Chopin i Klasyka;trudne;W jakiej miejscowości urodził się Fryderyk Chopin w 1810 roku?;Żelazowa Wola;Warszawa;Kraków;Poznań
Muzyka;Fryderyk Chopin i Klasyka;trudne;Jak nazywa się międzynarodowy konkurs pianistyczny odbywający się w Warszawie co 5 lat, poświęcony twórczości Chopina?;Międzynarodowy Konkurs Pianistyczny im. Fryderyka Chopina;Konkurs Rubinsteina;Konkurs Czajkowskiego;Konkurs Królowej Elżbiety
Muzyka;Fryderyk Chopin i Klasyka;bardzo trudne;W którym roku odbyła się pierwsza edycja Międzynarodowego Konkursu Pianistycznego im. Fryderyka Chopina w Warszawie?;1927;1932;1910;1945
Muzyka;Fryderyk Chopin i Klasyka;bardzo trudne;W jakim mieście zmarł Fryderyk Chopin w 1849 roku, gdzie spędził większość dorosłego życia na emigracji?;Paryż;Wiedeń;Londyn;Nicea
Muzyka;Hip-hop i Rap (Polska);łatwe;Jak nazywa się jeden z najbardziej znanych polskich raperów, autor albumu "Made in Poland"?;Peja;Liroy;Kaliber 44;Paluch
Muzyka;Hip-hop i Rap (Polska);trudne;Kto jest uznawany za pioniera polskiego hip-hopu, wykonawcę pierwszego dużego hitu rapowego w Polsce "Scyzoryk" z 1993 roku?;Liroy;Peja;Wzgórze Ya-Pa 3;PM Cool Lee
Muzyka;Hip-hop i Rap (Polska);trudne;Jak nazywa się krakowska grupa hip-hopowa, znana z albumu "Numer Raz", z Abradabem i Tede w składzie?;Kaliber 44;Paktofonika;WWO;Farben Lehre
Muzyka;Hip-hop i Rap (Polska);bardzo trudne;Jak nazywał się skład rapowy z Katowic, do którego należał Magik, znany z albumu "Kinematografia" z 2000 roku?;Paktofonika;Kaliber 44;WWO;Slums Attack
Muzyka;Hip-hop i Rap (Polska);bardzo trudne;Jak nazywa się pierwszy polski album hip-hopowy wydany na dużą skalę komercyjną, autorstwa Liroya w 1996 roku?;Alboom;Scyzoryk;Legenda;Poszli won ode mnie
Muzyka;Hymny i Pieśni Patriotyczne;łatwe;Jak nazywa się hymn narodowy Polski, zaczynający się od słów "Jeszcze Polska nie zginęła"?;Mazurek Dąbrowskiego;Rota;Boże, coś Polskę;Warszawianka
Muzyka;Hymny i Pieśni Patriotyczne;trudne;Kto jest autorem słów "Mazurka Dąbrowskiego", napisanego we Włoszech w 1797 roku?;Józef Wybicki;Ignacy Krasicki;Adam Mickiewicz;Cyprian Kamil Norwid
Muzyka;Hymny i Pieśni Patriotyczne;trudne;Jak nazywa się pieśń patriotyczna z 1908 roku, zaczynająca się od słów "Nie rzucim ziemi, skąd nasz ród"?;Rota;Warszawianka;Boże, coś Polskę;Hymn do miłości Ojczyzny
Muzyka;Hymny i Pieśni Patriotyczne;bardzo trudne;Kto skomponował muzykę do "Roty", pierwotnie napisanej jako wiersz przez Marię Konopnicką?;Feliks Nowowiejski;Stanisław Moniuszko;Ignacy Jan Paderewski;Karol Kurpiński
Muzyka;Hymny i Pieśni Patriotyczne;bardzo trudne;Jak nazywa się pieśń rewolucyjna z 1831 roku, związana z powstaniem listopadowym, znana też jako "Warszawianka 1831 roku"?;Warszawianka;Rota;Boże, coś Polskę;Marsz Polonia
Muzyka;Instrumenty Muzyczne;łatwe;Jak nazywa się instrument klawiszowy z czarnymi i białymi klawiszami, na którym grał Fryderyk Chopin?;Fortepian;Organy;Klawesyn;Akordeon
Muzyka;Instrumenty Muzyczne;trudne;Jak nazywa się instrument dęty drewniany o charakterystycznym, ostrym brzmieniu, popularny m.in. w muzyce klezmerskiej?;Klarnet;Obój;Fagot;Flet
Muzyka;Instrumenty Muzyczne;trudne;Jak nazywa się instrument strunowy szarpany, popularny w muzyce hiszpańskiej i flamenco?;Gitara;Mandolina;Lutnia;Banjo
Muzyka;Instrumenty Muzyczne;bardzo trudne;Jak nazywa się indyjski instrument strunowy szarpany, znany m.in. dzięki George'owi Harrisonowi z The Beatles?;Sitar;Tabla;Tampura;Sarod
Muzyka;Instrumenty Muzyczne;bardzo trudne;Jak nazywa się polski ludowy instrument strunowy z rodziny cymbałów, tradycyjnie używany w kapelach góralskich?;Cymbały;Dudy;Fujarka;Bazuna
Muzyka;Jazz i Blues;łatwe;Jak nazywa się amerykański gatunek muzyczny, wywodzący się z Nowego Orleanu na przełomie XIX i XX wieku, oparty na improwizacji?;Jazz;Blues;Ragtime;Swing
Muzyka;Jazz i Blues;trudne;Jak nazywa się amerykański trębacz i wokalista jazzowy, autor "What a Wonderful World"?;Louis Armstrong;Miles Davis;Duke Ellington;Dizzy Gillespie
Muzyka;Jazz i Blues;trudne;Jak nazywa się gatunek muzyczny wywodzący się z pieśni afroamerykańskich niewolników z Południa USA, oparty na schemacie dwunastu taktów?;Blues;Jazz;Gospel;Soul
Muzyka;Jazz i Blues;bardzo trudne;Jak nazywa się styl jazzu z lat 40. XX wieku, o szybkim tempie i skomplikowanej harmonii, którego pionierami byli Charlie Parker i Dizzy Gillespie?;Bebop;Swing;Cool jazz;Free jazz
Muzyka;Jazz i Blues;bardzo trudne;Jak nazywa się polski kontrabasista i kompozytor jazzowy, twórca muzyki do filmów Romana Polańskiego?;Krzysztof Komeda;Tomasz Stańko;Michał Urbaniak;Adam Makowicz
Muzyka;Konkurs Eurowizji;łatwe;Jak nazywa się coroczny międzynarodowy konkurs piosenki, w którym rywalizują wykonawcy z krajów Europy?;Konkurs Piosenki Eurowizji;MTV Music Awards;Grammy;Brit Awards
Muzyka;Konkurs Eurowizji;trudne;Który zespół reprezentował Szwecję i wygrał Eurowizję w 1974 roku z piosenką "Waterloo"?;ABBA;Roxette;Ace of Base;Europe
Muzyka;Konkurs Eurowizji;trudne;Kto reprezentował Polskę na Eurowizji w 2014 roku z piosenką "My Słowianie"?;Donatan i Cleo;Edyta Górniak;Ich Troje;Margaret
Muzyka;Konkurs Eurowizji;bardzo trudne;Który kraj zwyciężył w inauguracyjnej edycji konkursu Eurowizji w 1956 roku?;Szwajcaria;Holandia;Francja;Włochy
Muzyka;Konkurs Eurowizji;bardzo trudne;Kto zajął drugie miejsce na Eurowizji w 1994 roku, w pierwszym starcie Polski w konkursie?;Edyta Górniak;Ich Troje;Blue Café;Justyna Steczkowska
Muzyka;Legendarne Zespoły;łatwe;Jak nazywa się brytyjski zespół rockowy z Liverpoolu w składzie John Lennon, Paul McCartney, George Harrison i Ringo Starr?;The Beatles;The Rolling Stones;Queen;Pink Floyd
Muzyka;Legendarne Zespoły;trudne;Jak nazywa się brytyjski zespół rockowy, którego wokalistą był Freddie Mercury, autor "Bohemian Rhapsody"?;Queen;The Beatles;Led Zeppelin;The Who
Muzyka;Legendarne Zespoły;trudne;Jak nazywa się amerykański zespół rockowy z Los Angeles, autor albumu "Hotel California"?;Eagles;Fleetwood Mac;The Doors;Creedence Clearwater Revival
Muzyka;Legendarne Zespoły;bardzo trudne;Jak nazywał się oryginalny skład zespołu The Beatles przed zmianą nazwy, pod którą występowali w Liverpoolu w latach 50.?;The Quarrymen;The Silver Beetles;Johnny and the Moondogs;The Blackjacks
Muzyka;Legendarne Zespoły;bardzo trudne;Jak nazywał się perkusista zespołu The Beatles przed dołączeniem Ringo Starra w 1962 roku?;Pete Best;Stuart Sutcliffe;Jimmie Nicol;Andy White
Muzyka;Muzyka Elektroniczna;łatwe;Jak nazywa się gatunek muzyki tanecznej wykorzystujący syntezatory i komputery, popularny w klubach nocnych?;Muzyka elektroniczna;Muzyka klasyczna;Muzyka ludowa;Jazz
Muzyka;Muzyka Elektroniczna;trudne;Jak nazywa się francuski duet muzyki elektronicznej, znany z hełmów robotów, autor "Get Lucky"?;Daft Punk;Justice;Air;Phoenix
Muzyka;Muzyka Elektroniczna;trudne;Jak nazywa się niemiecki zespół pionierski muzyki elektronicznej, założony w Düsseldorfie w 1970 roku, autor "Autobahn"?;Kraftwerk;Tangerine Dream;Can;Neu!
Muzyka;Muzyka Elektroniczna;bardzo trudne;Jak nazywa się gatunek muzyki elektronicznej powstały w Detroit w latach 80., prekursor dzisiejszego techno?;Detroit techno;Chicago house;Berlin techno;Acid house
Muzyka;Muzyka Elektroniczna;bardzo trudne;Jak nazywa się polski producent i DJ, autor remiksów i utworu "My Słowianie" z Cleo?;Donatan;Gorgon City;Catz 'n Dogz;Ten Typ Mes
Muzyka;Polska Muzyka Alternatywna;łatwe;Jak nazywa się polski zespół rockowy, autor "Kołysanki dla Sanny" i "Długość dźwięku samotności"?;Myslovitz;Hey;Coma;Pidżama Porno
Muzyka;Polska Muzyka Alternatywna;trudne;Jak nazywa się polska wokalistka i liderka zespołu Hey, znana z charakterystycznego, chropowatego głosu?;Katarzyna Nosowska;Kasia Kowalska;Anna Maria Jopek;Justyna Steczkowska
Muzyka;Polska Muzyka Alternatywna;trudne;Jak nazywa się polski zespół, którego liderem jest Grabaż (Krzysztof Grabowski), znany z tekstów o miłości i codzienności?;Strachy na Lachy;Kult;Hey;T.Love
Muzyka;Polska Muzyka Alternatywna;bardzo trudne;Jak nazywa się album zespołu Myslovitz z 1999 roku, zawierający hit "Długość dźwięku samotności"?;Miasto mgły;Znaki ciszy;Korova Milky Bar;12 Prób Beaty Kowalskiej
Muzyka;Polska Muzyka Alternatywna;bardzo trudne;Jak nazywa się polski zespół alternatywny założony przez Macieja Maleńczuka, znany z utworów o kontrowersyjnej tematyce?;Püdelsi;Kult;Strachy na Lachy;Acid Drinkers
Muzyka;Polski Rock;łatwe;Jak nazywa się polski zespół rockowy, autor "Chcemy być sobą", jeden z najważniejszych zespołów polskiego rocka lat 80.?;Perfect;Lady Pank;Republika;TSA
Muzyka;Polski Rock;trudne;Jak nazywa się polski zespół rockowy, którego liderem jest Kazik Staszewski, znany z utworów "Polska" i "Twoja Krew"?;Kult;Perfect;Lady Pank;Dżem
Muzyka;Polski Rock;trudne;Jak nazywa się polski zespół rockowy, autor przeboju "Mniej niż zero", jeden z liderów sceny lat 80.?;Lady Pank;Perfect;Republika;TSA
Muzyka;Polski Rock;bardzo trudne;Jak nazywał się legendarny wokalista zespołu Dżem, zmarły w 1994 roku?;Ryszard Riedel;Maciej Balcar;Adam Nowak;Grzegorz Markowski
Muzyka;Polski Rock;bardzo trudne;Jak nazywa się album zespołu Republika z 1983 roku, zawierający utwór "Biała flaga"?;Nowe sytuacje;Republika;Kombinat;Kolaboracja
Muzyka;Teksty Piosenek;łatwe;Kto napisał tekst do polskiego hymnu narodowego "Mazurek Dąbrowskiego"?;Józef Wybicki;Adam Mickiewicz;Ignacy Krasicki;Cyprian Kamil Norwid
Muzyka;Teksty Piosenek;trudne;Jak nazywa się autor tekstów wielu przebojów Maryli Rodowicz, czołowy polski tekściarz, autor m.in. "Małgośki"?;Jonasz Kofta;Wojciech Młynarski;Agnieszka Osiecka;Andrzej Poniedzielski
Muzyka;Teksty Piosenek;trudne;Kto jest autorem tekstów piosenek z Kabaretu Starszych Panów, m.in. "Nie ma jak u mamy"?;Jeremi Przybora;Jerzy Wasowski;Wojciech Młynarski;Agnieszka Osiecka
Muzyka;Teksty Piosenek;bardzo trudne;Jak nazywa się polska poetka i autorka tekstów piosenek lat 60. i 70., współpracująca z Kabaretem Starszych Panów, autorka słów do "Małgośki"?;Agnieszka Osiecka;Jonasz Kofta;Wojciech Młynarski;Ewa Demarczyk
Muzyka;Teksty Piosenek;bardzo trudne;Jak nazywa się technika pisania tekstów piosenek polegająca na dopasowywaniu słów do już istniejącej melodii?;Podkładanie tekstu;Prozodia;Rymowanie sylabiczne;Metryka wierszowa
Muzyka;Teledyski i MTV;łatwe;Jak nazywa się amerykańska stacja telewizyjna, która jako pierwsza na świecie zaczęła emitować teledyski non-stop od 1981 roku?;MTV;VH1;BET;Fuse
Muzyka;Teledyski i MTV;trudne;Jak nazywał się pierwszy teledysk wyemitowany na antenie MTV w 1981 roku, autorstwa zespołu The Buggles?;Video Killed the Radio Star;Money for Nothing;Thriller;Billie Jean
Muzyka;Teledyski i MTV;trudne;Jak nazywa się przełomowy teledysk Michaela Jacksona z 1983 roku, trwający 14 minut?;Thriller;Billie Jean;Beat It;Bad
Muzyka;Teledyski i MTV;bardzo trudne;Kto wyreżyserował teledysk "Thriller" Michaela Jacksona z 1983 roku?;John Landis;Steve Barron;Bob Giraldi;Martin Scorsese
Muzyka;Teledyski i MTV;bardzo trudne;Jak nazywa się polska stacja muzyczna, odpowiednik MTV, nadająca od 1997 roku?;VIVA Polska;MTV Polska;Polsat Music;4Fun.tv
Muzyka;Wielkie Gwiazdy Estrady;łatwe;Jak nazywa się polska piosenkarka, autorka przebojów "Małgośka" i "Sing, Sing"?;Maryla Rodowicz;Anna Jantar;Irena Santor;Halina Kunicka
Muzyka;Wielkie Gwiazdy Estrady;trudne;Jak nazywa się polska piosenkarka, autorka przeboju "Tyle słońca w całym mieście", zmarła tragicznie w 1980 roku?;Anna Jantar;Maryla Rodowicz;Irena Santor;Halina Frąckowiak
Muzyka;Wielkie Gwiazdy Estrady;trudne;Jak nazywa się polski piosenkarz, autor przeboju "Jolka, Jolka pamiętasz", gwiazda estrady lat 70. i 80.?;Krzysztof Krawczyk;Czesław Niemen;Andrzej Zaucha;Zbigniew Wodecki
Muzyka;Wielkie Gwiazdy Estrady;bardzo trudne;Jak nazywa się polska piosenkarka kabaretowa, interpretatorka poezji Leśmiana i Gałczyńskiego, związana z Piwnicą pod Baranami?;Ewa Demarczyk;Anna Szałapak;Marta Bizoń;Grażyna Łobaszewska
Muzyka;Wielkie Gwiazdy Estrady;bardzo trudne;Jak nazywa się polski piosenkarz i kompozytor, autor "Dziwny jest ten świat", uznawany za barda polskiego rocka?;Czesław Niemen;Krzysztof Krawczyk;Zbigniew Wodecki;Andrzej Zaucha
Muzyka;Światowy Pop;łatwe;Jak nazywa się amerykańska piosenkarka, znana jako "Królowa Popu", autorka "Like a Virgin"?;Madonna;Cher;Whitney Houston;Mariah Carey
Muzyka;Światowy Pop;trudne;Jak nazywa się amerykański piosenkarz, znany jako "Król Popu", autor albumu "Thriller"?;Michael Jackson;Prince;Elvis Presley;Stevie Wonder
Muzyka;Światowy Pop;trudne;Jak nazywa się brytyjska piosenkarka, autorka przebojów "Rolling in the Deep" i "Someone Like You"?;Adele;Amy Winehouse;Duffy;Florence Welch
Muzyka;Światowy Pop;bardzo trudne;Jak nazywał się zespół, w którym karierę zaczynała Beyoncé, zanim rozpoczęła karierę solową?;Destiny's Child;The Supremes;TLC;En Vogue
Muzyka;Światowy Pop;bardzo trudne;Jak nazywa się album Michaela Jacksona z 1982 roku, najlepiej sprzedający się album w historii muzyki?;Thriller;Bad;Off the Wall;Dangerous
Muzyka;Disco Polo i Biesiada;łatwe;Jak nazywa się zespół disco polo wykonujący hit "Malolat"?;Boys;Weekend;Akcent;Bayer Full
Muzyka;Disco Polo i Biesiada;trudne;Jak nazywa się zespół disco polo z Białegostoku, wykonawca hitu "Zosia"?;Bayer Full;Boys;Weekend;Akcent
Muzyka;Disco Polo i Biesiada;trudne;Jak nazywa się gatunek muzyki ludowej i biesiadnej wykorzystujący akordeon, popularny na weselach w Polsce od dekad?;Muzyka biesiadna;Disco polo;Muzyka ludowa;Folk
Muzyka;Disco Polo i Biesiada;bardzo trudne;Jak nazywa się piosenkarz disco polo, wykonawca hitu "Meksyk - Acapulco", jedna z ikon lat 90.?;Milano;Boys;Weekend;Akcent
Muzyka;Disco Polo i Biesiada;bardzo trudne;Jak nazywa się tradycyjna polska pieśń biesiadna, śpiewana przy stole podczas toastu, np. na urodzinach?;Sto lat;Szła dzieweczka;Panie Janie;Wlazł kotek
Muzyka;Festiwal w Opolu i Sopocie;łatwe;Jak nazywa się amfiteatr, w którym odbywa się Festiwal Polskiej Piosenki w Opolu?;Amfiteatr Tysiąclecia;Opera Leśna;Hala Stulecia;Stadion Narodowy
Muzyka;Festiwal w Opolu i Sopocie;trudne;W jakim mieście odbywa się festiwal muzyczny w Operze Leśnej, jeden z najstarszych w Polsce?;Sopot;Opole;Gdynia;Kołobrzeg
Muzyka;Festiwal w Opolu i Sopocie;trudne;Jak nazywa się nagroda przyznawana za najlepszy album roku w Polsce, wręczana od 1995 roku?;Fryderyk;Bursztynowy Słowik;Superjedynka;Wiktor
Muzyka;Festiwal w Opolu i Sopocie;bardzo trudne;W którym roku odbyła się pierwsza edycja Międzynarodowego Festiwalu Piosenki w Sopocie?;1961;1963;1958;1970
Muzyka;Festiwal w Opolu i Sopocie;bardzo trudne;Jak nazywa się nagroda przyznawana laureatom festiwalu w Opolu za całokształt twórczości, w formie bursztynowej statuetki?;Bursztynowy Słowik;Złoty Słowik;Grand Prix;Fryderyk
Muzyka;Fryderyk Chopin i Klasyka;łatwe;Jak nazywa się krótki utwór fortepianowy o charakterze tanecznym, typowy dla polskiego folkloru, komponowany przez Chopina?;Mazurek;Polonez;Nokturn;Etiuda
Muzyka;Fryderyk Chopin i Klasyka;trudne;Jak nazywa się nastrojowy, liryczny gatunek fortepianowy komponowany przez Chopina, kojarzony z nocną atmosferą?;Nokturn;Mazurek;Polonez;Ballada
Muzyka;Fryderyk Chopin i Klasyka;trudne;Ile symfonii skomponował Fryderyk Chopin w swojej karierze?;0;2;5;9
Muzyka;Fryderyk Chopin i Klasyka;bardzo trudne;Gdzie zmarł i został pochowany Fryderyk Chopin, choć jego serce spoczywa w Warszawie?;Paryż;Nicea;Wiedeń;Londyn
Muzyka;Fryderyk Chopin i Klasyka;bardzo trudne;W jakim kościele w Warszawie znajduje się serce Fryderyka Chopina?;Kościół Świętego Krzyża;Katedra św. Jana;Kościół Wizytek;Bazylika Archikatedralna
Muzyka;Hip-hop i Rap (Polska);łatwe;Jak nazywa się polski raper, znany z zespołu Firma, autor hitu "To dla mnie ważne"?;Peja;Liroy;Tede;Sokół
Muzyka;Hip-hop i Rap (Polska);trudne;Jak nazywa się polski raper i producent muzyczny, założyciel wytwórni SB Maffija?;Białas;Quebonafide;Bedoes;Young Igi
Muzyka;Hip-hop i Rap (Polska);trudne;Jak nazywa się polski zespół hip-hopowy z Poznania, autor przeboju "Nowa Aleksandria"?;Fisz Emade Tworzywo;Kaliber 44;Paktofonika;WWO
Muzyka;Hip-hop i Rap (Polska);bardzo trudne;Jak nazywa się warszawska grupa hip-hopowa lat 90., prekursor gatunku w Polsce?;Wzgórze Ya-Pa 3;Kaliber 44;Paktofonika;WWO
Muzyka;Hip-hop i Rap (Polska);bardzo trudne;Jak nazywa się polski producent hip-hopowy, twórca bitów dla wielu raperów, brat Sokoła, założyciel duetu Fisz Emade?;Emade;Matheo;Steez;DJ Decks
Muzyka;Hymny i Pieśni Patriotyczne;łatwe;Jak nazywa się hymn Unii Europejskiej, oparty na IX Symfonii Beethovena?;Oda do radości;Marsylianka;God Save the King;Kalinka
Muzyka;Hymny i Pieśni Patriotyczne;trudne;Jak nazywa się francuski hymn narodowy, pieśń rewolucyjna z 1792 roku?;Marsylianka;Oda do radości;La Vie en Rose;Chant du Départ
Muzyka;Hymny i Pieśni Patriotyczne;trudne;Jak nazywa się polska pieśń patriotyczna z okresu powstania listopadowego, zaczynająca się od słów "Warszawianko, w bój krwawy"?;Warszawianka 1831 roku;Rota;Boże, coś Polskę;Mazurek Dąbrowskiego
Muzyka;Hymny i Pieśni Patriotyczne;bardzo trudne;Kto jest autorem tekstu pieśni "Boże, coś Polskę", napisanej w 1816 roku?;Alojzy Feliński;Józef Wybicki;Maria Konopnicka;Antoni Gorecki
Muzyka;Hymny i Pieśni Patriotyczne;bardzo trudne;Jak nazywa się pieśń religijno-patriotyczna zaczynająca się od słów "Ciebie Boga wysławiamy"?;Te Deum;Boże, coś Polskę;Rota;Gaude Mater Polonia
Muzyka;Instrumenty Muzyczne;łatwe;Jak nazywa się instrument dęty blaszany o jasnym brzmieniu, używany w orkiestrach i fanfarach?;Trąbka;Puzon;Waltornia;Tuba
Muzyka;Instrumenty Muzyczne;trudne;Jak nazywa się największy instrument z rodziny smyczkowych, o najniższym brzmieniu?;Kontrabas;Wiolonczela;Altówka;Skrzypce
Muzyka;Instrumenty Muzyczne;trudne;Jak nazywa się polski ludowy instrument dęty z drewna, kojarzony z folklorem góralskim, o długości nawet kilku metrów?;Trombita;Fujarka;Dudy;Bazuna
Muzyka;Instrumenty Muzyczne;bardzo trudne;Jak nazywa się indyjski instrument perkusyjny, para małych bębenków używana w muzyce klasycznej Indii Północnych?;Tabla;Sitar;Tampura;Sarod
Muzyka;Instrumenty Muzyczne;bardzo trudne;Jak nazywa się afrykańska harfo-lutnia z 21 strunami, popularny instrument Afryki Zachodniej?;Kora;Balafon;Djembe;Mbira
Muzyka;Jazz i Blues;łatwe;Jak nazywa się amerykański pianista i kompozytor jazzowy, autor "Take Five"?;Dave Brubeck;Miles Davis;Thelonious Monk;Bill Evans
Muzyka;Jazz i Blues;trudne;Jak nazywa się gatunek muzyczny wywodzący się z bluesa i jazzu, popularny w latach 40. i 50., poprzednik rock and rolla?;Rhythm and blues;Swing;Bebop;Gospel
Muzyka;Jazz i Blues;trudne;Jak nazywa się amerykańska wokalistka jazzowa, nazywana "Lady Day", znana z interpretacji "Strange Fruit"?;Billie Holiday;Ella Fitzgerald;Sarah Vaughan;Nina Simone
Muzyka;Jazz i Blues;bardzo trudne;Jak nazywa się technika wokalna w jazzie polegająca na improwizowanym śpiewaniu sylab bez znaczenia, imitujących instrumenty?;Scat singing;Beatboxing;Yodeling;Falsetto
Muzyka;Jazz i Blues;bardzo trudne;Jak nazywa się amerykański saksofonista, jeden z twórców bebopu, znany z przydomku "Bird"?;Charlie Parker;John Coltrane;Sonny Rollins;Dexter Gordon
Muzyka;Konkurs Eurowizji;łatwe;Który zespół wygrał Eurowizję dla Finlandii w 2006 roku, znany z makijażu w stylu potworów?;Lordi;Nightwish;HIM;The Rasmus
Muzyka;Konkurs Eurowizji;trudne;Kto reprezentował Ukrainę i wygrał Eurowizję w 2004 roku z piosenką "Wild Dances"?;Ruslana;Verka Serduchka;Jamala;Kalush Orchestra
Muzyka;Konkurs Eurowizji;trudne;Kto zdobył najwyższe dotychczasowe miejsce Polski w konkursie Eurowizji, zajmując 2. miejsce w 1994 roku?;Edyta Górniak;Ich Troje;Blue Café;Justyna Steczkowska
Muzyka;Konkurs Eurowizji;bardzo trudne;Kto wygrał pierwszą Eurowizję dla Izraela w 1978 roku?;Izhar Cohen and the Alphabeta;Milk and Honey;Dana International;Netta
Muzyka;Konkurs Eurowizji;bardzo trudne;Który kraj jako pierwszy zwyciężył w konkursie Eurowizja Junior w 2003 roku?;Chorwacja;Belgia;Wielka Brytania;Holandia
Muzyka;Legendarne Zespoły;łatwe;Jak nazywa się amerykański zespół rockowy z Kalifornii, autor "Hotel California"?;Eagles;Fleetwood Mac;The Doors;Creedence Clearwater Revival
Muzyka;Legendarne Zespoły;trudne;Jak nazywa się brytyjski zespół rockowy, którego liderem był David Gilmour, autor albumu "The Dark Side of the Moon"?;Pink Floyd;Led Zeppelin;Deep Purple;Genesis
Muzyka;Legendarne Zespoły;trudne;Jak nazywa się amerykański zespół rockowy, którego frontmanem był Jim Morrison, autor "Light My Fire"?;The Doors;Jefferson Airplane;The Byrds;Grateful Dead
Muzyka;Legendarne Zespoły;bardzo trudne;Jak nazywał się basista zespołu Queen, współautor przeboju "Under Pressure"?;John Deacon;Roger Taylor;Brian May;Freddie Mercury
Muzyka;Legendarne Zespoły;bardzo trudne;Jak nazywa się album koncepcyjny Pink Floyd z 1979 roku o izolacji rockowej gwiazdy, na podstawie którego powstał film?;The Wall;Wish You Were Here;Animals;The Division Bell
Muzyka;Muzyka Elektroniczna;łatwe;Jak nazywa się francuski muzyk elektroniczny, autor albumu "Oxygène" z 1976 roku, pionier gatunku?;Jean-Michel Jarre;Daft Punk;Vangelis;Kraftwerk
Muzyka;Muzyka Elektroniczna;trudne;Jak nazywa się grecki kompozytor muzyki elektronicznej, autor ścieżki dźwiękowej do filmu "Blade Runner"?;Vangelis;Jean-Michel Jarre;Hans Zimmer;Brian Eno
Muzyka;Muzyka Elektroniczna;trudne;Jak nazywa się gatunek muzyki elektronicznej o szybkim tempie, powstały w Europie w latach 90., popularny na rave party?;Hardcore;House;Trance;Dubstep
Muzyka;Muzyka Elektroniczna;bardzo trudne;Jak nazywa się brytyjski gatunek muzyki elektronicznej z lat 2000., łączący elementy garage i drum and bass, o ciężkich basach?;Dubstep;Techno;Trance;Drum and bass
Muzyka;Muzyka Elektroniczna;bardzo trudne;Jak nazywa się polski duet DJ-ski z Gdańska, znany z międzynarodowej kariery w muzyce house?;Catz 'n Dogz;Skalpel;Mokava;Rebeka
Muzyka;Polska Muzyka Alternatywna;łatwe;Jak nazywa się polski zespół rockowy, znany z przeboju "Optymizm"?;Coma;Hey;Myslovitz;Pidżama Porno
Muzyka;Polska Muzyka Alternatywna;trudne;Jak nazywa się polski zespół rockowy z Wrocławia, znany z przeboju "Ale to już było"?;Pidżama Porno;Coma;Hey;T.Love
Muzyka;Polska Muzyka Alternatywna;trudne;Jak nazywa się polski zespół soulowo-jazzowy, autor przeboju "Kolorowe dni"?;Blenders;Kayah;Varius Manx;Video
Muzyka;Polska Muzyka Alternatywna;bardzo trudne;Jak nazywa się polski zespół rockowy z Olsztyna, autor albumu "Naprawdę nie dzieje się nic"?;Coma;Hey;Myslovitz;Pidżama Porno
Muzyka;Polska Muzyka Alternatywna;bardzo trudne;Jak nazywa się polski wokalista i lider zespołu T.Love, znany z przeboju "Warszawa"?;Muniek Staszczyk;Grabaż;Maciej Maleńczuk;Kazik Staszewski
Muzyka;Polski Rock;łatwe;Jak nazywa się polski zespół rockowy Perfect, autor przeboju "Autobiografia"?;Perfect;Lady Pank;Republika;TSA
Muzyka;Polski Rock;trudne;Jak nazywa się polski zespół rockowy, którego wokalistą jest Grzegorz Markowski, znany z przeboju "Sen o Victorii"?;Perfect;Lady Pank;Dżem;TSA
Muzyka;Polski Rock;trudne;Jak nazywa się polski zespół heavymetalowy, jeden z pionierów tego gatunku w Polsce, autor albumu "Metal Mind"?;TSA;Kat;Turbo;Vader
Muzyka;Polski Rock;bardzo trudne;Jak nazywa się polski zespół death metalowy, jeden z najbardziej znanych na świecie polskich zespołów metalowych, autor "Black to the Blind"?;Vader;Behemoth;Decapitated;Kat
Muzyka;Polski Rock;bardzo trudne;Jak nazywa się polski zespół blackmetalowy, jeden z najbardziej rozpoznawalnych na świecie, którego liderem jest Adam "Nergal" Darski?;Behemoth;Vader;Decapitated;Batushka
Muzyka;Teksty Piosenek;łatwe;Kto jest autorem tekstu piosenki "Autobiografia" zespołu Perfect?;Bogdan Olewicz;Jonasz Kofta;Wojciech Młynarski;Agnieszka Osiecka
Muzyka;Teksty Piosenek;trudne;Czyją poezję wykorzystał Czesław Niemen w przeboju "Bema pamięci żałobny rapsod"?;Cypriana Kamila Norwida;Adama Mickiewicza;Juliusza Słowackiego;Konstantego Ildefonsa Gałczyńskiego
Muzyka;Teksty Piosenek;trudne;Kto jest autorem tekstów piosenek zespołu Perfect, w tym "Autobiografii" i "Chcemy być sobą"?;Bogdan Olewicz;Jonasz Kofta;Wojciech Młynarski;Andrzej Mogielnicki
Muzyka;Teksty Piosenek;bardzo trudne;Kto jest autorką tekstów piosenek Maanamu, w tym "Kocham Cię Kochanie Moje"?;Kora;Marek Jackowski;Krzysztof Kieślowski;Andrzej Mogielnicki
Muzyka;Teksty Piosenek;bardzo trudne;Jak nazywa się technika pisania tekstów piosenek polegająca na dopasowywaniu słów do istniejącego już rytmu i melodii utworu?;Prozodia muzyczna;Metryka wierszowa;Aliteracja;Onomatopeja
Muzyka;Teledyski i MTV;łatwe;Jak nazywa się teledysk Michaela Jacksona z 1991 roku, w którym twarze różnych ludzi przechodzą w siebie za pomocą morphingu?;Black or White;Thriller;Bad;Smooth Criminal
Muzyka;Teledyski i MTV;trudne;Jak nazywa się reżyser teledysków, znany z pracy dla Madonny, twórca klipu "Express Yourself"?;David Fincher;Spike Jonze;Michel Gondry;Mark Romanek
Muzyka;Teledyski i MTV;trudne;Jak nazywa się polska stacja telewizyjna emitująca teledyski, założona w 1995 roku, konkurencyjna wobec MTV Polska?;VIVA Polska;MTV Polska;Atomic TV;4Fun.tv
Muzyka;Teledyski i MTV;bardzo trudne;Jak nazywa się pierwszy teledysk, który przekroczył miliard wyświetleń na YouTube, opublikowany w 2012 roku?;Gangnam Style;Baby;Bad Romance;Waka Waka
Muzyka;Teledyski i MTV;bardzo trudne;Kto wyreżyserował teledysk "Thriller" Michaela Jacksona, znany też z filmu "Wilkołak w Londynie"?;John Landis;David Fincher;Steve Barron;Bob Giraldi
Muzyka;Wielkie Gwiazdy Estrady;łatwe;Jak nazywa się polska piosenkarka, autorka przeboju "Coś optymistycznego"?;Maryla Rodowicz;Anna Jantar;Irena Santor;Halina Kunicka
Muzyka;Wielkie Gwiazdy Estrady;trudne;Jak nazywa się polski zespół z lat 60., autor przeboju "Powiedz, stary, gdzieś ty był"?;Czerwone Gitary;Skaldowie;No To Co;Trubadurzy
Muzyka;Wielkie Gwiazdy Estrady;trudne;Jak nazywa się polski zespół muzyczny z lat 60., autor przeboju "Nie spoczniemy"?;Czerwone Gitary;Skaldowie;No To Co;Trubadurzy
Muzyka;Wielkie Gwiazdy Estrady;bardzo trudne;Jak nazywa się polska wokalistka jazzowa, znana z duetu Bemibem i solowej kariery od lat 70.?;Ewa Bem;Anna Maria Jopek;Grażyna Łobaszewska;Urszula Dudziak
Muzyka;Wielkie Gwiazdy Estrady;bardzo trudne;Jak nazywa się polska piosenkarka znana z eksperymentalnego wykorzystania głosu jako instrumentu, słynna z międzynarodowej kariery jazzowej od lat 70.?;Urszula Dudziak;Ewa Bem;Anna Maria Jopek;Grażyna Łobaszewska
Muzyka;Światowy Pop;łatwe;Jak nazywa się amerykański zespół pop, autor przeboju "I Want It That Way", jeden z najpopularniejszych boysbandów lat 90.?;Backstreet Boys;NSYNC;Boyz II Men;Take That
Muzyka;Światowy Pop;trudne;Jak nazywa się amerykańska piosenkarka, znana jako "Queen of Pop", autorka albumu "Like a Prayer"?;Madonna;Cher;Whitney Houston;Cyndi Lauper
Muzyka;Światowy Pop;trudne;Jak nazywa się kolumbijska piosenkarka, autorka przeboju "Waka Waka", oficjalnej piosenki Mistrzostw Świata 2010?;Shakira;Jennifer Lopez;Beyoncé;Rihanna
Muzyka;Światowy Pop;bardzo trudne;Jak nazywa się album Michaela Jacksona z 1991 roku, zawierający przebój "Black or White"?;Dangerous;Bad;Thriller;HIStory
Muzyka;Światowy Pop;bardzo trudne;Jak nazywa się brytyjska piosenkarka soulowa, autorka albumu "Back to Black", zmarła w 2011 roku w wieku 27 lat?;Amy Winehouse;Adele;Duffy;Joss Stone
