Nauka i Odkrycia;Anatomia Człowieka;trudne;Gdzie w ludzkim ciele znajdują się młoteczek, kowadełko i strzemiączko?;W uchu środkowym;W dłoni;W oku;W kręgosłupie
Nauka i Odkrycia;Anatomia Człowieka;trudne;Jak nazywa się białko uwalniane do osocza krwi, które odgrywa kluczową rolę w procesie jej krzepnięcia, tworząc wytrzymałą sieć włóknika?;Fibrynogen;Hemoglobina;Keratyna;Kolagen
Nauka i Odkrycia;Anatomia Człowieka;trudne;Jak nazywa się najdłuższa kość w ludzkim ciele?;Kość udowa;Piszczel;Kość ramienna;Kość promieniowa
Nauka i Odkrycia;Anatomia Człowieka;trudne;Jak nazywa się najdłuższy i najcięższy nerw w ciele człowieka?;Nerw kulszowy;Nerw błędny;Nerw wzrokowy;Nerw udowy
Nauka i Odkrycia;Anatomia Człowieka;trudne;Jak nazywa się najmniejsza kość w ciele człowieka, znajdująca się w uchu środkowym?;Strzemiączko;Kowadełko;Młoteczek;Rzepka
Nauka i Odkrycia;Anatomia Człowieka;trudne;Jak nazywa się największa tętnica w organizmie człowieka?;Aorta;Tętnica szyjna;Tętnica płucna;Tętnica udowa
Nauka i Odkrycia;Anatomia Człowieka;trudne;Jak nazywa się niezwykle ważny, X nerw czaszkowy, który unerwia przywspółczulnie większość narządów klatki piersiowej i jamy brzusznej (np. serce czy żołądek)?;Nerw błędny;Nerw trójdzielny;Nerw twarzowy;Nerw podjęzykowy
Nauka i Odkrycia;Anatomia Człowieka;trudne;Jaka kość jest najdłuższą, największą i najcięższą kością w ludzkim szkielecie?;Kość udowa;Kość piszczelowa;Kość ramienna;Miednica
Nauka i Odkrycia;Anatomia Człowieka;trudne;Jaki niewielki narząd, będący największym elementem układu limfatycznego i leżący pod żebrami, pełni m.in. funkcję "cmentarza" dla starych erytrocytów?;Śledziona;Trzustka;Grasica;Woreczek żółciowy
Nauka i Odkrycia;Anatomia Człowieka;łatwe;Co stanowi najtwardszą, elastyczną strukturę wsporczą ciała, w której ukryty jest rdzeń kręgowy?;Kręgosłup;Klatka piersiowa;Miednica;Czaszka
Nauka i Odkrycia;Anatomia Człowieka;łatwe;Gdzie zlokalizowana jest najgrubsza, najbardziej masywna i najdłuższa kość u dorosłego człowieka?;W udzie (kość udowa);W przedramieniu;W plecach;W obojczyku
Nauka i Odkrycia;Anatomia Człowieka;łatwe;Ile kości posiada zazwyczaj dorosły człowiek?;206;150;300;100
Nauka i Odkrycia;Anatomia Człowieka;łatwe;Jaki narząd w ludzkim ciele odpowiada za nieustanne pompowanie krwi?;Serce;Płuca;Mózg;Wątroba
Nauka i Odkrycia;Anatomia Człowieka;łatwe;Jaki silny mięsień w postaci kopuły bezpośrednio oddziela nasze płuca od jamy brzusznej?;Przepona;Mięsień poprzeczny brzucha;Zwieracz;Krezka
Nauka i Odkrycia;Anatomia Człowieka;łatwe;Jaki specjalny narząd w ciele potrafi stale, miarowo, pompować utlenowaną krew do aorty?;Serce;Wątroba;Płuco;Śledziona
Nauka i Odkrycia;Anatomia Człowieka;łatwe;Który narząd odpowiada za pompowanie krwi w organizmie?;Serce;Płuca;Wątroba;Mózg
Nauka i Odkrycia;Anatomia Człowieka;łatwe;W jakiej solidnej, kostnej puszce skrywa się przed obrażeniami delikatna struktura ludzkiego mózgu?;W mózgoczaszce;W trzewioczaszce;W żuchwie;W kręgach szyjnych
Nauka i Odkrycia;Astronomia i Kosmos;bardzo trudne;Co to jest czarna dziura?;Obszar czasoprzestrzeni o tak silnej grawitacji, że nic nie może go opuścić;Wygasła gwiazda;Cień rzucany przez planetę;Chmura gazu
Nauka i Odkrycia;Astronomia i Kosmos;bardzo trudne;Ile wynosi średnia odległość Ziemi od Słońca (jednostka astronomiczna)?;ok. 150 mln km;ok. 380 tys. km;ok. 1 mld km;ok. 50 mln km
Nauka i Odkrycia;Astronomia i Kosmos;bardzo trudne;Jak nazywa się galaktyka, w której znajduje się Układ Słoneczny?;Droga Mleczna;Andromeda;M81;Sombrero
Nauka i Odkrycia;Astronomia i Kosmos;bardzo trudne;Jak nazywa się pierwszy sztuczny satelita Ziemi wystrzelony w 1957 roku?;Sputnik 1;Vostok 1;Apollo 11;Explorer 1
Nauka i Odkrycia;Astronomia i Kosmos;trudne;Jak nazywa się największa planeta w Układzie Słonecznym?;Jowisz;Saturn;Neptun;Uran
Nauka i Odkrycia;Astronomia i Kosmos;trudne;Jak nazywa się największy księżyc Jowisza?;Ganimedes;Europa;Io;Kalisto
Nauka i Odkrycia;Astronomia i Kosmos;trudne;Kto jako pierwszy człowiek stanął na Księżycu?;Neil Armstrong;Buzz Aldrin;Jurij Gagarin;Elon Musk
Nauka i Odkrycia;Astronomia i Kosmos;trudne;Kto ogłosił teorię heliocentryczną w dziele "O obrotach sfer niebieskich"?;Mikołaj Kopernik;Galileusz;Kepler;Newton
Nauka i Odkrycia;Astronomia i Kosmos;łatwe;Która planeta Układu Słonecznego posiada najbardziej widoczne pierścienie?;Saturn;Jowisz;Uran;Neptun
Nauka i Odkrycia;Astronomia i Kosmos;łatwe;Która planeta jest najbliżej Słońca?;Merkury;Wenus;Mars;Ziemia
Nauka i Odkrycia;Biologia i Ciało Człowieka;bardzo trudne;Gdzie w organizmie człowieka znajduje się kosteczka zwana kowadełkiem?;W uchu;W stopie;W dłoni;W czaszce
Nauka i Odkrycia;Biologia i Ciało Człowieka;bardzo trudne;Ile par chromosomów posiada zdrowy człowiek?;23;46;21;24
Nauka i Odkrycia;Biologia i Ciało Człowieka;bardzo trudne;Jak nazywa się najdłuższa kość w ciele człowieka?;Kość udowa;Kość piszczelowa;Kręgosłup;Kość ramienna
Nauka i Odkrycia;Biologia i Ciało Człowieka;bardzo trudne;Która witamina jest produkowana w skórze pod wpływem promieni słonecznych?;Witamina D;Witamina C;Witamina A;Witamina K
Nauka i Odkrycia;Biologia i Ciało Człowieka;trudne;Jak nazywa się barwnik krwi transportujący tlen?;Hemoglobina;Chlorofil;Melanina;Osocze
Nauka i Odkrycia;Biologia i Ciało Człowieka;trudne;Jak nazywa się proces fotosyntezy zachodzący w komórkach roślinnych?;Wytwarzanie cukrów przy udziale światła;Oddychanie;Pobieranie wody;Wzrost korzeni
Nauka i Odkrycia;Biologia i Ciało Człowieka;trudne;Który organ odpowiada za produkcję insuliny?;Trzustka;Wątroba;Nerki;Żołądek
Nauka i Odkrycia;Biologia i Ciało Człowieka;trudne;Który organ w ciele człowieka jest największy (pod względem powierzchni)?;Skóra;Wątroba;Jelito cienkie;Płuca
Nauka i Odkrycia;Biologia i Ciało Człowieka;łatwe;Ile komór ma serce człowieka?;4;2;3;1
Nauka i Odkrycia;Biologia i Ciało Człowieka;łatwe;Ile zębów mlecznych posiada zazwyczaj dziecko?;20;32;24;28
Nauka i Odkrycia;Chemia i Fizyka;bardzo trudne;Co to jest izotop?;Odmiana pierwiastka o tej samej liczbie protonów, ale różnej liczbie neutronów;Cząsteczka wody;Rodzaj kwasu;Sól kuchenna
Nauka i Odkrycia;Chemia i Fizyka;bardzo trudne;Ile wynosi prędkość światła w próżni (w przybliżeniu)?;300 000 km/s;300 000 km/h;150 000 km/s;1 000 000 km/s
Nauka i Odkrycia;Chemia i Fizyka;bardzo trudne;Jak nazywa się najlżejszy pierwiastek w układzie okresowym?;Wodór;Hel;Lit;Tlen
Nauka i Odkrycia;Chemia i Fizyka;bardzo trudne;Jak nazywa się proces przejścia substancji ze stanu stałego bezpośrednio w gazowy?;Sublimacja;Resublimacja;Parowanie;Topnienie
Nauka i Odkrycia;Chemia i Fizyka;trudne;Jaka cząstka atomu ma ładunek ujemny?;Elektron;Proton;Neutron;Jądro
Nauka i Odkrycia;Chemia i Fizyka;trudne;Jaka jest temperatura wrzenia wody w skali Celsjusza (przy ciśnieniu normalnym)?;100 stopni;0 stopni;212 stopni;373 stopnie
Nauka i Odkrycia;Chemia i Fizyka;trudne;Kto odkrył polon i rad?;Maria Skłodowska-Curie;Albert Einstein;Ernest Rutherford;Dmitrij Mendelejew
Nauka i Odkrycia;Chemia i Fizyka;trudne;Kto sformułował prawo powszechnego ciążenia?;Isaac Newton;Albert Einstein;Niels Bohr;Galileusz
Nauka i Odkrycia;Chemia i Fizyka;łatwe;Jaki jest symbol chemiczny wody?;H2O;CO2;O2;NaCl
Nauka i Odkrycia;Chemia i Fizyka;łatwe;Który gaz jest niezbędny do procesu oddychania u ludzi?;Tlen;Azot;Wodór;Dwutlenek węgla
Nauka i Odkrycia;Fizyka w Codzienności;trudne;Jak nazywa się zjawisko polegające na unoszeniu się cieczy w wąskiej rurce powyżej poziomu cieczy w zbiorniku?;Kapilarność;Osmoza;Dyfuzja;Efekt Bernoulliego
Nauka i Odkrycia;Fizyka w Codzienności;trudne;Jaka fizyczna wielkość (oznaczana literą n) określa stosunek prędkości światła w próżni do prędkości fazowej światła w danym, badanym ośrodku?;Współczynnik załamania światła;Zdolność skupiająca soczewki;Kąt graniczny;Albedo
Nauka i Odkrycia;Fizyka w Codzienności;trudne;Jaki niezwykle twardy minerał i doskonały przewodnik ciepła, będący po prostu krystaliczną odmianą węgla, poddaje się szlifowaniu do postaci brylantów?;Diament;Grafit;Fuleren;Grafen
Nauka i Odkrycia;Fizyka w Codzienności;trudne;W jakich jednostkach fizycy i elektrycy wyrażają napięcie prądu elektrycznego w gniazdku?;Woltach;Amperach;Watach;Omach
Nauka i Odkrycia;Fizyka w Codzienności;trudne;Zgodnie z którą zasadą termodynamiki entropia całkowita układu izolowanego nigdy nie maleje, co rzutuje bezpośrednio na tzw. strzałkę czasu we wszechświecie?;Z drugą zasadą termodynamiki;Z pierwszą zasadą termodynamiki;Z zerową zasadą termodynamiki;Z trzecią zasadą termodynamiki
Nauka i Odkrycia;Fizyka w Codzienności;trudne;Zjawisko uginania się fali świetlnej na krawędziach przeszkód to w fizyce:;Dyfrakcja;Refrakcja;Interferencja;Dyspersja
Nauka i Odkrycia;Fizyka w Codzienności;łatwe;Co powstaje w procesie mocnego, fizycznego pocierania o siebie własnych dłoni podczas mrozu?;Ciepło (wynikające z tarcia);Silne pole magnetyczne;Próżnia;Energia jądrowa
Nauka i Odkrycia;Fizyka w Codzienności;łatwe;Czego jednostką fizyczną w akustyce, oznaczaną powszechnie na sprzęcie znakiem dB, jest decybel?;Poziomu głośności dźwięku;Ciśnienia atmosferycznego;Natężenia światła;Wysokości fal morskich
Nauka i Odkrycia;Fizyka w Codzienności;łatwe;Jaka niewidzialna, powszechna i niezwykle użyteczna siła sprawia, że rzucone jabłko spada na ziemię?;Grawitacja;Tarcie;Bezwładność;Elektromagnetyzm
Nauka i Odkrycia;Fizyka w Codzienności;łatwe;Jaka siła sprawia, że przedmioty spadają na ziemię, a nie unoszą się w powietrzu?;Grawitacja;Tarcie;Magnetyzm;Siła odśrodkowa
Nauka i Odkrycia;Fizyka w Codzienności;łatwe;Jaką wadę wzroku skutecznie koryguje na nosie soczewka nosząca fizyczną nazwę 'skupiająca'?;Dalekowzroczność;Krótkowzroczność;Astygmatyzm;Jaskrę
Nauka i Odkrycia;Fizyka w Codzienności;łatwe;W jakich popularnych i domowych jednostkach pomiarowych wyraża się ogólne napięcie w gniazdkach?;W woltach;W watach;W amperach;W omach
Nauka i Odkrycia;Geologia i Wulkany;bardzo trudne;Jak nazywa się proces przemieszczania się kontynentów na powierzchni Ziemi?;Dryft kontynentalny;Erozja;Sedymentacja;Subdukcja
Nauka i Odkrycia;Geologia i Wulkany;bardzo trudne;Która warstwa Ziemi znajduje się bezpośrednio pod skorupą ziemską?;Płaszcz Ziemi;Jądro zewnętrzne;Jądro wewnętrzne;Litosfera
Nauka i Odkrycia;Geologia i Wulkany;trudne;Czym jest stalaktyt?;Naciekiem skalnym zwisającym ze stropu jaskini;Naciekiem rosnącym z dna jaskini;Rodzajem wulkanu;Skałą osadową
Nauka i Odkrycia;Geologia i Wulkany;trudne;Jak nazywa się skala służąca do określania magnitudy (siły) trzęsień ziemi?;Skala Richtera;Skala Mohsa;Skala Beauforta;Skala Celsjusza
Nauka i Odkrycia;Geologia i Wulkany;łatwe;Jaki jest najwyższy czynny wulkan w Europie, leżący na Sycylii?;Etna;Wezuwiusz;Stromboli;Hekla
Nauka i Odkrycia;Informatyka i AI;bardzo trudne;Co to jest blockchain?;Zdecentralizowana baza danych w formie łańcucha bloków;Rodzaj wirusa;Karta graficzna;Szybki internet
Nauka i Odkrycia;Informatyka i AI;bardzo trudne;Jak nazywa się język programowania powszechnie stosowany w analizie danych i AI?;Python;HTML;CSS;C++
Nauka i Odkrycia;Informatyka i AI;bardzo trudne;Jak nazywa się test sprawdzający, czy maszyna potrafi myśleć jak człowiek?;Test Turinga;Test Voight-Kampffa;Test Rorschacha;Test IQ
Nauka i Odkrycia;Informatyka i AI;bardzo trudne;W którym roku powstała sieć World Wide Web (WWW)?;1989;1970;2000;1995
Nauka i Odkrycia;Informatyka i AI;trudne;Co oznacza skrót HTTP w adresach stron internetowych?;Hypertext Transfer Protocol;High Technology Transfer;Home Text Tool;Hyperlink Time Protocol
Nauka i Odkrycia;Informatyka i AI;trudne;Jak nazywa się podstawowa jednostka informacji w informatyce?;Bit;Bajt;Gigabajt;Hertz
Nauka i Odkrycia;Informatyka i AI;trudne;Kto jest uważany za twórcę systemu operacyjnego Linux?;Linus Torvalds;Bill Gates;Steve Jobs;Mark Zuckerberg
Nauka i Odkrycia;Informatyka i AI;trudne;Kto założył firmę Microsoft?;Bill Gates i Paul Allen;Steve Jobs;Mark Zuckerberg;Jeff Bezos
Nauka i Odkrycia;Informatyka i AI;łatwe;Co oznacza skrót AI?;Sztuczna Inteligencja;Automatyczna Informacja;Analiza Internetu;Aplikacja Inteligentna
Nauka i Odkrycia;Informatyka i AI;łatwe;Jak nazywa się najpopularniejsza wyszukiwarka internetowa na świecie?;Google;Bing;Yahoo;DuckDuckGo
Nauka i Odkrycia;Maria Skłodowska-Curie;trudne;Jak nazywały się dwa pierwiastki chemiczne odkryte przez Marię Skłodowską-Curie?;Polon i rad;Uran i pluton;Hel i neon;Złoto i srebro
Nauka i Odkrycia;Maria Skłodowska-Curie;trudne;Jakie dwa nowe pierwiastki promieniotwórcze odkryła Maria Skłodowska-Curie?;Polon i rad;Uran i pluton;Hel i neon;Frank i gal
Nauka i Odkrycia;Maria Skłodowska-Curie;trudne;Na jakim paryskim uniwersytecie Maria Skłodowska-Curie była pierwszą kobietą-profesorem?;Na Sorbonie;W Collège de France;W École Polytechnique;W Instytucie Pasteura
Nauka i Odkrycia;Maria Skłodowska-Curie;trudne;Romans z jakim zdolnym fizykiem (byłym doktorantem Piotra Curie) wywołał gigantyczny i bolesny skandal wokół Marii na krótko przed wręczeniem jej drugiego Nobla?;Z Paulem Langevinem;Z Ernestem Rutherfordem;Z Henrim Becquerelem;Z Jeanem Perrinem
Nauka i Odkrycia;Maria Skłodowska-Curie;trudne;W jakiej dziedzinie nauki Maria Skłodowska-Curie zdobyła swoją drugą, samodzielną Nagrodę Nobla w 1911 roku?;Z chemii;Z fizyki;Z medycyny;Z literatury
Nauka i Odkrycia;Maria Skłodowska-Curie;trudne;W jakim niezwykle prestiżowym francuskim instytucie edukacyjnym i badawczym (jako pierwsza kobieta w historii) Maria objęła oficjalnie katedrę profesorską?;Na Sorbonie;W Collège de France;W École normale supérieure;W Instytucie Pasteura
Nauka i Odkrycia;Maria Skłodowska-Curie;trudne;W którym roku Maria Skłodowska-Curie otrzymała drugą Nagrodę Nobla — tym razem z chemii?;1911;1903;1921;1934
Nauka i Odkrycia;Maria Skłodowska-Curie;trudne;Z jakiego bardzo ciężkiego, czarnego i promieniotwórczego minerału, pozyskiwanego z czeskiego Jachymowa, małżonkowie Curie mozolnie wyizolowali nowy pierwiastek - rad?;Z blendy smolistej (uraninitu);Z chalkopirytu;Z galeny;Z pirytu
Nauka i Odkrycia;Maria Skłodowska-Curie;trudne;Z jakiego minerału Maria i Piotr Curie wyizolowali rad?;Z blendy smolistej;Z boksytu;Z pirytu;Z hematytu
Nauka i Odkrycia;Maria Skłodowska-Curie;łatwe;Jak nazywał się mąż Marii, z którym wspólnie prowadziła badania nad promieniotwórczością?;Piotr Curie;Henri Becquerel;Albert Einstein;Ernest Rutherford
Nauka i Odkrycia;Maria Skłodowska-Curie;łatwe;Jakie dwa niebezpieczne, świecące pierwiastki odkryła polska noblistka Maria Skłodowska-Curie?;Polon i rad;Uran i pluton;Cez i rubid;Tytan i rad
Nauka i Odkrycia;Maria Skłodowska-Curie;łatwe;Na cześć jakiego kraju noblistka dumnie nadała nazwę pierwszemu ze swoich wielkich odkryć?;Na cześć Polski;Na cześć Francji;Na cześć Rosji;Na cześć Grecji
Nauka i Odkrycia;Maria Skłodowska-Curie;łatwe;W jakiej dziedzinie nauki Maria Skłodowska-Curie otrzymała swoją pierwszą Nagrodę Nobla?;W fizyce;W chemii;W medycynie;Pokojową
Nauka i Odkrycia;Maria Skłodowska-Curie;łatwe;Z jakim naukowcem Maria Skłodowska-Curie dzieliła swoją pierwszą Nagrodę Nobla i życie prywatne?;Z Piotrem Curie;Z Albertem Einsteinem;Z Ludwikiem Pasteurem;Z Antoine Becquerelem
Nauka i Odkrycia;Maria Skłodowska-Curie;łatwe;Z jakim prestiżowym, paryskim uniwersytetem Skłodowska związała całą swą naukową karierę?;Z Sorboną;Z Oxfordem;Z Cambridge;Z Harvardem
Nauka i Odkrycia;Maria Skłodowska-Curie;łatwe;Z jakim zdolnym francuskim fizykiem wzięła ślub, by wspólnie w biedzie prowadzić badania?;Z Piotrem Curie;Z Antoine'em Becquerelem;Z Ludwikiem Pasteurem;Z Albertem Einsteinem
Nauka i Odkrycia;Matematyka i Logika;trudne;Ile stopni wynosi suma kątów wewnętrznych pięciokąta foremnego?;540°;360°;720°;450°
Nauka i Odkrycia;Matematyka i Logika;trudne;Jak nazywa się twierdzenie: w trójkącie prostokątnym suma kwadratów przyprostokątnych równa się kwadratowi przeciwprostokątnej?;Twierdzenie Pitagorasa;Twierdzenie Talesa;Twierdzenie Eulera;Twierdzenie Fermata
Nauka i Odkrycia;Matematyka i Logika;trudne;Jak w klasycznej geometrii płaskiej określa się prostą lub odcinek, który łączy dany wierzchołek trójkąta dokładnie ze środkiem jego przeciwległego boku?;Środkowa;Dwusieczna;Symetralna;Wysokość
Nauka i Odkrycia;Matematyka i Logika;trudne;Jaki genialny dział wyższej matematyki, niezależnie opracowany m.in. przez Izaaka Newtona i Gottfrieda Leibniza, pozwala na precyzyjne badanie zmian zmiennych (pochodne i całki)?;Rachunek różniczkowy i całkowy;Topologia;Geometria analityczna;Algebra liniowa
Nauka i Odkrycia;Matematyka i Logika;trudne;Jaką słynną stałą matematyczną określa się w przybliżeniu jako 3,14?;Liczbę Pi;Liczbę Eulera;Złoty podział;Pierwiastek z dwóch
Nauka i Odkrycia;Matematyka i Logika;trudne;Kto w 1931 roku wstrząsnął posadami królowej nauk, publikując epokowe dowody, powszechnie zwane dwoma twierdzeniami o niekompletności matematyki?;Kurt Gödel;David Hilbert;Alan Turing;Bertrand Russell
Nauka i Odkrycia;Matematyka i Logika;łatwe;Ile dokładnie wynosi suma kątów w każdym płaskim i zwykłym, nieodkształconym trójkącie matematycznym?;180 stopni;90 stopni;360 stopni;100 stopni
Nauka i Odkrycia;Matematyka i Logika;łatwe;Ile wynosi wynik mnożenia jakiejkolwiek liczby przez zero?;Zero;Ta sama liczba;Jeden;Nieskończoność
Nauka i Odkrycia;Matematyka i Logika;łatwe;Jak fachowo i poprawnie nazywa się wynik dodawania do siebie dokładnie dwóch lub więcej składników?;Suma;Różnica;Iloczyn;Iloraz
Nauka i Odkrycia;Matematyka i Logika;łatwe;Jak w potocznej nauce nazywamy tę nieskończoną stałą wyrażającą stosunek obwodu koła do średnicy?;Liczbą Pi;Złotym podziałem;Stałą Plancka;Złotą proporcją
Nauka i Odkrycia;Matematyka i Logika;łatwe;Jakiego powszechnego symbolu używa się, aby pokazać jedną setną części całości (ułamek o mianowniku 100)?;% (Procent);‰ (Promil);∞ (Nieskończoność);∑ (Suma)
Nauka i Odkrycia;Matematyka i Logika;łatwe;Według klasycznego twierdzenia Pitagorasa: kwadrat przeciwprostokątnej jest równy sumie kwadratów...;Przyprostokątnych;Przekątnych rąbu;Siecznych koła;Promieni kuli
Nauka i Odkrycia;Medycyna i Zdrowie;trudne;Jak nazywa się ważny hormon steroidowy, produkowany przez korę nadnerczy, który powszechnie zyskał miano "hormonu stresu", gdyż jego wysoki poziom utrzymuje nas w gotowości?;Kortyzol;Adrenalina;Noradrenalina;Oksytocyna
Nauka i Odkrycia;Medycyna i Zdrowie;trudne;Jak określa się grupę chorób, w których układ odpornościowy atakuje własne tkanki organizmu?;Choroby autoimmunologiczne;Alergie;Choroby zakaźne;Anafilaksja
Nauka i Odkrycia;Medycyna i Zdrowie;trudne;Jaki wybitny lekarz odkrył w 1928 roku pierwszy antybiotyk - penicylinę?;Alexander Fleming;Robert Koch;Ludwik Pasteur;Edward Jenner
Nauka i Odkrycia;Medycyna i Zdrowie;trudne;Jaki węgierski lekarz ("wybawca matek") zapoczątkował w XIX wieku antyseptykę, drastycznie ograniczając śmiertelność kobiet na gorączkę połogową poprzez rygorystyczne mycie rąk chlorowaną wodą?;Ignaz Semmelweis;Louis Pasteur;Joseph Lister;Robert Koch
Nauka i Odkrycia;Medycyna i Zdrowie;trudne;Kto jako jedyna kobieta zrewolucjonizował zrozumienie kodu życia, wykonując idealne zdjęcia rentgenowskie DNA (Fotografia 51), na bazie których opisano podwójną helisę?;Rosalind Franklin;Marie Skłodowska-Curie;Barbara McClintock;Lise Meitner
Nauka i Odkrycia;Medycyna i Zdrowie;trudne;Niedobór jakiej witaminy w organizmie był dawniej główną przyczyną powstawania groźnej choroby marynarzy - szkorbutu?;Witaminy C;Witaminy D;Witaminy B12;Witaminy A
Nauka i Odkrycia;Medycyna i Zdrowie;łatwe;Jak prawidłowo nazywa się ten specjalny, żółtawy płyn tkankowy, silnie związany z naszą odpornością?;Limfa (Chłonka);Osocze krwi;Żółć;Ślina
Nauka i Odkrycia;Medycyna i Zdrowie;łatwe;Jaki jest niezwykle popularny lek przeciwgorączkowy, będący pochodną kwasu salicylowego?;Aspiryna;Paracetamol;Ibuprofen;Witamina C
Nauka i Odkrycia;Medycyna i Zdrowie;łatwe;Kto z dumą dokonał wielkiego i przełomowego dla ludzkości odkrycia działania penicyliny?;Alexander Fleming;Robert Koch;Ludwik Pasteur;Ignaz Semmelweis
Nauka i Odkrycia;Medycyna i Zdrowie;łatwe;Kto, w charakterystycznych okolicznościach, jako pierwszy w Polsce z powodzeniem przeszczepił serce?;Zbigniew Religa;Witold Foka;Christian Barnard;Ludwik Rydygier
Nauka i Odkrycia;Medycyna i Zdrowie;łatwe;Przed zakażeniem jaką bardzo groźną chorobą ratowała popularna i wczesna szczepionka Pasteura?;Przed wścieklizną;Przed dżumą;Przed malarią;Przed ospą wietrzną
Nauka i Odkrycia;Medycyna i Zdrowie;łatwe;Z jakiego specjalnego, szkodliwego w nadmiarze sprzętu diagności korzystają, by prześwietlić kości?;Z aparatu RTG;Z ultrasonografu (USG);Z rezonansu (MRI);Z defibrylatora
Nauka i Odkrycia;Mikołaj Kopernik i Kosmos;trudne;Jak nazywa się teoria, według której to Słońce znajduje się w centrum układu planetarnego?;Heliocentryzm;Geocentryzm;Antropocentryzm;Egzocentryzm
Nauka i Odkrycia;Mikołaj Kopernik i Kosmos;trudne;Jak po łacinie nazywał się płaski, precyzyjnie wypoziomowany przez Kopernika we Fromborku podest bez dachu, służący jako instrument astronomiczny i taras obserwacyjny?;Pavimentum;Planetarium;Observatorium;Astrolabium
Nauka i Odkrycia;Mikołaj Kopernik i Kosmos;trudne;Jaki łaciński tytuł nosiło rewolucyjne dzieło życia Mikołaja Kopernika, opublikowane w 1543 r.?;De revolutionibus orbium coelestium;Almagest;Dialogo sopra i due massimi sistemi;Principia Mathematica
Nauka i Odkrycia;Mikołaj Kopernik i Kosmos;trudne;Jakie wykształcenie, poza astronomią, posiadał Kopernik (studiował to m.in. we Włoszech)?;Prawo kanoniczne i medycynę;Architekturę;Teologię;Muzykologię
Nauka i Odkrycia;Mikołaj Kopernik i Kosmos;trudne;Kto czuwał nad historycznym procesem drukowania "O obrotach sfer niebieskich" w 1543 r., potajemnie dodając anonimową, zapobiegawczą przedmowę, że teoria to tylko hipoteza matematyczna?;Andreas Osiander;Georg Joachim Retyk;Tycho Brahe;Johannes Kepler
Nauka i Odkrycia;Mikołaj Kopernik i Kosmos;trudne;W jakiej katedrze spoczywają szczątki Mikołaja Kopernika?;We Fromborku;Na Wawelu;W Warszawie;W Toruniu
Nauka i Odkrycia;Mikołaj Kopernik i Kosmos;trudne;W jakim polskim mieście urodził się w 1473 roku słynny astronom Mikołaj Kopernik?;Toruń;Kraków;Frombork;Gdańsk
Nauka i Odkrycia;Mikołaj Kopernik i Kosmos;trudne;W którym roku Mikołaj Kopernik opublikował swoje przełomowe dzieło 'De revolutionibus orbium coelestium'?;1543;1512;1573;1609
Nauka i Odkrycia;Mikołaj Kopernik i Kosmos;trudne;Z jaką historyczną i ufortyfikowaną miejscowością na Warmii Kopernik związał ogromną część dorosłego życia, prowadząc tam obserwacje i pełniąc m.in. urząd kanonika?;Z Fromborkiem;Z Olsztynem;Z Malborkiem;Z Toruniem
Nauka i Odkrycia;Mikołaj Kopernik i Kosmos;łatwe;Jak nazywa się dzieło Mikołaja Kopernika, w którym opisał teorię heliocentryczną?;O obrotach sfer niebieskich;Dialog o dwóch systemach świata;O naturze wszechświata;Harmonia świata
Nauka i Odkrycia;Mikołaj Kopernik i Kosmos;łatwe;Jak zatytułowano jego wiekopomne, epokowe dzieło, wydrukowane niedługo przed jego śmiercią?;O obrotach sfer niebieskich;O budowie wszechświata;Matematyczne zasady;Kosmos i planety
Nauka i Odkrycia;Mikołaj Kopernik i Kosmos;łatwe;Jakie ciało niebieskie znajduje się w ścisłym centrum teorii heliocentrycznej Mikołaja Kopernika?;Słońce;Ziemia;Księżyc;Jowisz
Nauka i Odkrycia;Mikołaj Kopernik i Kosmos;łatwe;Jaką niespodziewaną i trudną profesją, obok samej astronomii, zajmował się zawodowo Kopernik?;Był lekarzem i ekonomistą;Był królewskim kucharzem;Był płatnerzem;Był inkwizytorem
Nauka i Odkrycia;Mikołaj Kopernik i Kosmos;łatwe;Które kujawsko-pomorskie miasto znane z pierników szczyci się tym, że urodził się tam Kopernik?;Toruń;Bydgoszcz;Grudziądz;Włocławek
Nauka i Odkrycia;Mikołaj Kopernik i Kosmos;łatwe;Opracowanie jakiej odważnej i przewrotowej teorii przypisuje się Mikołajowi Kopernikowi?;Teorii heliocentrycznej;Teorii geocentrycznej;Teorii względności;Teorii strun
Nauka i Odkrycia;Mikołaj Kopernik i Kosmos;łatwe;W jakiej polskiej miejscowości Kopernik prowadził latami żmudne obserwacje na swojej wieży?;We Fromborku;W Toruniu;W Krakowie;W Malborku
Nauka i Odkrycia;Mikołaj Kopernik i Kosmos;łatwe;Z jakim polskim miastem Kopernik jest najbardziej kojarzony jako miejscem urodzenia?;Z Toruniem;Z Krakowem;Z Fromborkiem;Z Olsztynem
Nauka i Odkrycia;Polscy Wynalazcy;trudne;Jaki polski inżynier był wynalazcą wycieraczek samochodowych, bez których dziś trudno wyobrazić sobie jazdę?;Józef Hofmann;Jan Czochralski;Stefan Drzewiecki;Kazimierz Prószyński
Nauka i Odkrycia;Polscy Wynalazcy;trudne;Jaki polski inżynier łączności opracował w czasie II wojny światowej kultową już, poręczną wojskową radiostację dla Amerykanów, będącą w istocie pierwszym, tak masowym "walkie-talkie"?;Henryk Magnuski;Józef Kosacki;Stefan Drzewiecki;Mieczysław Bekker
Nauka i Odkrycia;Polscy Wynalazcy;trudne;Jaki polski pionier technologii wyprzedził o krok braci Lumière, pracując nad pleografem i będąc autorem m.in. innowacyjnej aeroskopowej kamery z 1909 r. używanej masowo przez reporterów?;Kazimierz Prószyński;Julian Ochorowicz;Jan Szczepanik;Stanisław Ulam
Nauka i Odkrycia;Polscy Wynalazcy;trudne;Jaki polski uczony opracował na początku XX wieku metodę otrzymywania monokryształów, używaną dziś do produkcji procesorów?;Jan Czochralski;Ignacy Mościcki;Stefan Banach;Marian Rejewski
Nauka i Odkrycia;Polscy Wynalazcy;trudne;Który polski aptekarz i wynalazca jest uznawany za twórcę lampy naftowej oraz pioniera przemysłu naftowego?;Ignacy Łukasiewicz;Zygmunt Wróblewski;Karol Olszewski;Jan Czochralski
Nauka i Odkrycia;Polscy Wynalazcy;trudne;Który wybitny polski inżynier zaprojektował i opatentował innowacyjne koła i zawieszenie pojazdu LRV, czyli słynnego załogowego łazika, który poruszał się po Księżycu w ramach misji Apollo?;Mieczysław Bekker;Jan Czochralski;Ignacy Łukasiewicz;Kazimierz Prószyński
Nauka i Odkrycia;Polscy Wynalazcy;łatwe;Co nowatorskiego dla informatyki wymyślił inżynier Jacek Karpiński, tworząc legendarny model K-202?;Pionierski minikomputer;Maszynę szyfrującą Enigma;Kalkulator mechaniczny;Modem internetowy
Nauka i Odkrycia;Polscy Wynalazcy;łatwe;Co skonstruował, stosując innowacyjne, jak na tamte czasy zasady, aptekarz Ignacy Łukasiewicz?;Lampę naftową;Kuchenkę gazową;Pochodnię gazową;Latarkę na baterie
Nauka i Odkrycia;Polscy Wynalazcy;łatwe;Jaki specjalistyczny ekwipunek, pomagający rozbrajać miny dla aliantów, stworzył Józef Kosacki?;Wykrywacz min;Czołg saperski;Dron rozpoznawczy;Kamizelkę kuloodporną
Nauka i Odkrycia;Polscy Wynalazcy;łatwe;Jaką niezwykłą, światową metodę pozyskiwania monokryształów opracował Polak, Jan Czochralski?;Metodę Czochralskiego;Proces Habera i Boscha;Zjawisko piezoelektryczne;Chemiczną syntezę nawozów
Nauka i Odkrycia;Polscy Wynalazcy;łatwe;Kto jeszcze w dalekim XIX wieku budował dla zaborcy działające i skuteczne okręty podwodne?;Stefan Drzewiecki;Kazimierz Siemienowicz;Jan Szczepanik;Tadeusz Tański
Nauka i Odkrycia;Polscy Wynalazcy;łatwe;Który polski farmaceuta i wynalazca uchodzi za twórcę słynnej lampy naftowej?;Ignacy Łukasiewicz;Mikołaj Kopernik;Jan Czochralski;Ernest Malinowski
Nauka i Odkrycia;Tablica Mendelejewa;trudne;Ile grup (pionowych kolumn) znajduje się w standardowym układzie okresowym pierwiastków?;18;8;10;24
Nauka i Odkrycia;Tablica Mendelejewa;trudne;Jaka jest liczba atomowa złota (Au) w układzie okresowym pierwiastków?;79;47;78;82
Nauka i Odkrycia;Tablica Mendelejewa;trudne;Jaki ciężki, wysoce toksyczny metal przejściowy jest powszechnie znany jako jedyny w układzie okresowym pierwiastek metaliczny, który w temperaturze pokojowej występuje w formie płynnej?;Rtęć;Gal;Cez;Brom
Nauka i Odkrycia;Tablica Mendelejewa;trudne;Jaki jest najlżejszy i najbardziej rozpowszechniony we Wszechświecie pierwiastek, otwierający układ okresowy?;Wodór;Hel;Lit;Tlen
Nauka i Odkrycia;Tablica Mendelejewa;trudne;Jaki metal jest jedynym pierwiastkiem metalicznym występującym w stanie ciekłym w temperaturze pokojowej?;Rtęć;Cez;Gal;Brom
Nauka i Odkrycia;Tablica Mendelejewa;trudne;Jaki metal kryje się w układzie okresowym pod symbolem W, a jego nazwa pochodzi od minerału wolframitu?;Wolfram;Wanad;Bizmut;Molibden
Nauka i Odkrycia;Tablica Mendelejewa;trudne;Jaki pierwiastek o symbolu 'Au' jest uznawany za jeden z najcenniejszych metali szlachetnych?;Złoto;Srebro;Platyna;Miedź
Nauka i Odkrycia;Tablica Mendelejewa;trudne;Jaki radioaktywny, srebrzystobiały i bardzo ciężki pierwiastek o liczbie atomowej 92 był dawniej absolutnie ostatnim i zamykał naturalną serię układu okresowego przed odkryciami sztucznych transuranowców?;Uran;Pluton;Tor;Rad
Nauka i Odkrycia;Tablica Mendelejewa;trudne;Który drogocenny, niemal całkowicie nieaktywny chemicznie, srebrzystobiały metal jest masowo używany w nowoczesnej motoryzacji do produkcji katalizatorów spalin?;Platyna;Złoto;Iryd;Tytan
Nauka i Odkrycia;Tablica Mendelejewa;łatwe;Co symbolizuje w tablicy powszechnie uznany i pożądany, krótki, dwuliterowy skrót 'Au'?;Złoto;Srebro;Platynę;Aluminium
Nauka i Odkrycia;Tablica Mendelejewa;łatwe;Jaki lekki i wszechobecny we wszechświecie gaz szczyci się numerem pierwszym na tablicy?;Wodór;Hel;Tlen;Azot
Nauka i Odkrycia;Tablica Mendelejewa;łatwe;Jaki pierwiastek chemiczny jest niezbędny ludziom do oddychania?;Tlen;Azot;Wodór;Hel
Nauka i Odkrycia;Tablica Mendelejewa;łatwe;Jaki symbol chemiczny ma woda?;H2O;CO2;NaCl;O2
Nauka i Odkrycia;Tablica Mendelejewa;łatwe;Jaki symbol chemiczny posiada tlen, gaz absolutnie niezbędny ludziom do oddychania?;O;H;C;N
Nauka i Odkrycia;Tablica Mendelejewa;łatwe;Kto w drugiej połowie XIX wieku jako pierwszy sensownie i metodycznie uporządkował pierwiastki?;Dmitrij Mendelejew;Maria Skłodowska-Curie;Niels Bohr;Albert Einstein
Nauka i Odkrycia;Tablica Mendelejewa;łatwe;Który wyjątkowy, błyszczący na srebrno metal w temperaturze pokojowej zawsze pozostaje w płynie?;Rtęć;Gal;Ołów;Brom
Nauka i Odkrycia;Tablica Mendelejewa;łatwe;Pod jaką pojedynczą, wymowną literą kryje się chemiczny znak cennego i życiodajnego tlenu?;O;T;C;H
Nauka i Odkrycia;Układ Słoneczny;trudne;Ile w przybliżeniu wynosi czas jednego obiegu Neptuna wokół Słońca?;Około 165 lat;Około 84 lata;Około 248 lat;Około 29 lat
Nauka i Odkrycia;Układ Słoneczny;trudne;Jak nazywa się największy księżyc Jowisza, będący jednocześnie największym księżycem w całym Układzie Słonecznym?;Ganimedes;Tytan;Europa;Io
Nauka i Odkrycia;Układ Słoneczny;trudne;Jak określa się obszerny pierścień ogromnych i lodowych ciał niebieskich (planetoid m.in. Plutona), rozciągający się daleko poza orbitą ósmej planety naszego Układu Słonecznego?;Pas Kuipera;Pas Główny Planetoid;Obłok Oorta;Dysk rozproszony
Nauka i Odkrycia;Układ Słoneczny;trudne;Jaka gazowa, ósma z kolei planeta z gwałtownymi wiatrami, ma tak przewidywalną i dziwną orbitę, że została ostatecznie "odkryta" w 1846 roku na podstawie skomplikowanych obliczeń matematycznych, a nie z obserwacji?;Neptun;Uran;Saturn;Jowisz
Nauka i Odkrycia;Układ Słoneczny;trudne;Która planeta w Układzie Słonecznym jest zdecydowanie największa i składa się głównie z gazów?;Jowisz;Saturn;Uran;Neptun
Nauka i Odkrycia;Układ Słoneczny;trudne;Który niezwykły satelita Jowisza ze względu na grawitacyjne "rozciąganie" jest najbardziej aktywnym wulkanicznie obiektem w całym Układzie Słonecznym, wyrzucającym stałe i potężne pióropusze siarki?;Io;Europa;Ganimedes;Kallisto
Nauka i Odkrycia;Układ Słoneczny;łatwe;Czym na pierwszy rzut oka wyróżnia się olbrzymi Saturn spośród pozostałych znanych planet?;Rozbudowanym systemem pierścieni;Wielką Czerwoną Plamą;Najszybszym obrotem wokół własnej osi;Brakiem jakichkolwiek księżyców
Nauka i Odkrycia;Układ Słoneczny;łatwe;Jaka gigantyczna, ciężka i burzliwa planeta gazowa jest największa w naszym sąsiedztwie?;Jowisz;Saturn;Uran;Neptun
Nauka i Odkrycia;Układ Słoneczny;łatwe;Jaka planeta w naszym Układzie Słonecznym nazywana jest często przez naukowców Czerwoną Planetą?;Mars;Wenus;Jowisz;Saturn
Nauka i Odkrycia;Układ Słoneczny;łatwe;Która niewielka, skalista planeta krąży bezpośrednio, jako pierwsza, wokół centralnej gwiazdy?;Merkury;Wenus;Ziemia;Mars
Nauka i Odkrycia;Układ Słoneczny;łatwe;Który dawniej pełnoprawny obiekt w 2006 roku stracił miano planety, stając się planetą karłowatą?;Pluton;Eris;Makemake;Ceres
Nauka i Odkrycia;Układ Słoneczny;łatwe;Którą planetę w kosmosie nazywa się 'czerwoną', ze względu na zalegający, rdzawy tlenek żelaza?;Marsa;Jowisza;Wenus;Plutona
Nauka i Odkrycia;Wynalazki i Odkrycia;bardzo trudne;Kto wynalazł maszynę parową, która zapoczątkowała rewolucję przemysłową?;James Watt;George Stephenson;Robert Fulton;Karl Benz
Nauka i Odkrycia;Wynalazki i Odkrycia;bardzo trudne;W którym roku bracia Wright wykonali pierwszy udany lot samolotem?;1903;1885;1920;1945
Nauka i Odkrycia;Wynalazki i Odkrycia;trudne;Jak nazywa się pierwszy antybiotyk odkryty przez Alexandra Fleminga?;Penicylina;Aspiryna;Insulina;Morfina
Nauka i Odkrycia;Wynalazki i Odkrycia;trudne;Kto opatentował telefon w 1876 roku?;Alexander Graham Bell;Thomas Edison;Guglielmo Marconi;Samuel Morse
Nauka i Odkrycia;Wynalazki i Odkrycia;łatwe;Kto wynalazł żarówkę?;Thomas Edison;Nikola Tesla;Graham Bell;James Watt
Nauka i Odkrycia;Wynalazki, które zmieniły świat;trudne;Jaki amerykański fizyk, wraz z Brattainem i Shockleyem w słynnych Bell Labs, zapoczątkował erę cyfrową, konstruując w 1947 r. działający tranzystor, za co potem (jako jedyny w historii obok Marii Skłodowskiej-Curie z innych dziedzin) zdobył ostatecznie dwie Nagrody Nobla w fizyce?;John Bardeen;Albert Einstein;Richard Feynman;Niels Bohr
Nauka i Odkrycia;Wynalazki, które zmieniły świat;trudne;Jaki wybitny brytyjski inżynier u schyłku XVIII w. zrewolucjonizował dotychczasową (i bardzo prymitywną) maszynę parową, dodając do niej wydzieloną komorę skraplacza i rozkręcając rewolucję przemysłową?;James Watt;Thomas Newcomen;George Stephenson;Richard Trevithick
Nauka i Odkrycia;Wynalazki, które zmieniły świat;trudne;Kto w 1450 roku wynalazł w Europie ruchomą czcionkę drukarską, ostatecznie rewolucjonizując przepływ informacji?;Johannes Gutenberg;Leonardo da Vinci;Galileusz;Izaak Newton
Nauka i Odkrycia;Wynalazki, które zmieniły świat;trudne;Kto wynalazł telegraf elektryczny i opracował alfabet noszący jego imię?;Samuel Morse;Alexander Graham Bell;Thomas Edison;Guglielmo Marconi
Nauka i Odkrycia;Wynalazki, które zmieniły świat;trudne;Kto, pomimo prób zdyskredytowania i tzw. wojny prądów z amerykańskimi inwestorami, uparcie udowadniał, że to prąd przemienny (AC) zrewolucjonizuje zasilanie świata na duże odległości?;Nikola Tesla;Thomas Edison;Guglielmo Marconi;Alexander Graham Bell
Nauka i Odkrycia;Wynalazki, które zmieniły świat;trudne;W którym roku brytyjski informatyk Tim Berners-Lee uruchomił pierwszą na świecie stronę internetową (WWW)?;1991;1983;1998;1975
Nauka i Odkrycia;Wynalazki, które zmieniły świat;łatwe;Co wymyślił, doprowadził do produkcji i opatentował znany Amerykanin, Aleksander Graham Bell?;Telefon do rozmów;Telegraf optyczny;Maszynę do pisania;Gramofon i płyty
Nauka i Odkrycia;Wynalazki, które zmieniły świat;łatwe;Jak nazywał się europejski ojciec nowożytnej poligrafii, stwórca genialnej, ruchomej czcionki?;Johannes Gutenberg;Leonardo da Vinci;Mikołaj Kopernik;Galileusz
Nauka i Odkrycia;Wynalazki, które zmieniły świat;łatwe;Kto historycznie najczęściej podawany jest za twórcę i wynalazcę wydajnej i silnej maszyny parowej?;James Watt;George Stephenson;Isaac Newton;Michael Faraday
Nauka i Odkrycia;Wynalazki, które zmieniły świat;łatwe;Kto jest powszechnie uznawany za genialnego wynalazcę pierwszej, w pełni praktycznej żarówki elektrycznej?;Thomas Edison;Nikola Tesla;Alexander Graham Bell;James Watt
Nauka i Odkrycia;Wynalazki, które zmieniły świat;łatwe;Którzy zapaleńcy lotnictwa i bracia, po raz pierwszy pofrunęli swoją ciężką maszyną w 1903 r.?;Bracia Wright;Bracia Montgolfier;Bracia Grimm;Bracia Lumière
Nauka i Odkrycia;Wynalazki, które zmieniły świat;łatwe;Z wyprodukowania jakiego święcącego gadżetu zasłynął i dorobił się fortuny Thomas Alva Edison?;Z żarówki elektrycznej;Ze świetlówki gazowej;Z lasera rubinowego;Z latarni morskiej
Nauka i Odkrycia;Anatomia Człowieka;łatwe;Ile kości ma dorosły człowiek w organizmie?;206;186;226;256
Nauka i Odkrycia;Anatomia Człowieka;trudne;Jak nazywa się największy narząd ludzkiego ciała, chroniący organizm przed czynnikami zewnętrznymi?;Skóra;Wątroba;Płuca;Jelito cienkie
Nauka i Odkrycia;Anatomia Człowieka;trudne;Jak nazywa się największa kość w ludzkim ciele, znajdująca się w udzie?;Kość udowa;Kość piszczelowa;Kość ramienna;Kość biodrowa
Nauka i Odkrycia;Anatomia Człowieka;bardzo trudne;Jak nazywa się najmniejsza kość w ludzkim ciele, znajdująca się w uchu środkowym?;Strzemiączko;Młoteczek;Kowadełko;Kość gnykowa
Nauka i Odkrycia;Anatomia Człowieka;bardzo trudne;Ile par żeber ma standardowo dorosły człowiek?;12;10;14;11
Nauka i Odkrycia;Astronomia i Kosmos;łatwe;Jak nazywa się gwiazda znajdująca się w centrum Układu Słonecznego?;Słońce;Syriusz;Proxima Centauri;Alfa Centauri
Nauka i Odkrycia;Astronomia i Kosmos;trudne;Jak nazywa się galaktyka, w której znajduje się nasz Układ Słoneczny?;Droga Mleczna;Andromeda;Wielki Obłok Magellana;Trójkąt
Nauka i Odkrycia;Astronomia i Kosmos;trudne;Jak nazywa się zjawisko całkowitego lub częściowego zasłonięcia jednego ciała niebieskiego przez inne, np. Słońca przez Księżyc?;Zaćmienie;Tranzyt;Koniunkcja;Opozycja
Nauka i Odkrycia;Astronomia i Kosmos;bardzo trudne;Jak nazywa się teoretyczna granica wokół czarnej dziury, poza którą nic, nawet światło, nie może uciec?;Horyzont zdarzeń;Osobliwość;Ergosfera;Dysk akrecyjny
Nauka i Odkrycia;Astronomia i Kosmos;bardzo trudne;Jak nazywa się najbliższa Ziemi gwiazda poza Słońcem, znajdująca się w układzie Alfa Centauri?;Proxima Centauri;Syriusz;Gwiazda Barnarda;Wolf 359
Nauka i Odkrycia;Biologia i Ciało Człowieka;łatwe;Jak nazywa się centralny narząd układu krwionośnego, pompujący krew po całym ciele?;Serce;Wątroba;Płuca;Śledziona
Nauka i Odkrycia;Biologia i Ciało Człowieka;trudne;Jak nazywa się proces wymiany gazowej zachodzący w płucach, w którym tlen przenika do krwi?;Wymiana gazowa;Fotosynteza;Fermentacja;Glikoliza
Nauka i Odkrycia;Biologia i Ciało Człowieka;trudne;Ile komór ma ludzkie serce?;4;2;3;6
Nauka i Odkrycia;Biologia i Ciało Człowieka;bardzo trudne;Jak nazywa się podstawowa jednostka strukturalna i funkcjonalna nerki, odpowiedzialna za filtrację krwi?;Nefron;Kłębuszek nerkowy;Kanalik nerkowy;Miedniczka nerkowa
Nauka i Odkrycia;Biologia i Ciało Człowieka;bardzo trudne;Jak nazywa się gruczoł dokrewny u podstawy mózgu, zwany "gruczołem nadrzędnym", regulujący pracę innych gruczołów?;Przysadka mózgowa;Szyszynka;Tarczyca;Podwzgórze
Nauka i Odkrycia;Chemia i Fizyka;łatwe;Jaki symbol chemiczny ma tlen w układzie okresowym pierwiastków?;O;Ox;T;On
Nauka i Odkrycia;Chemia i Fizyka;trudne;Jak nazywa się siła przyciągania między dowolnymi dwoma masami we wszechświecie, opisana przez Isaaca Newtona?;Grawitacja;Elektromagnetyzm;Siła jądrowa silna;Siła jądrowa słaba
Nauka i Odkrycia;Chemia i Fizyka;trudne;Jak nazywa się reakcja chemiczna, w której związek łączy się z tlenem z wydzieleniem ciepła i światła?;Spalanie;Fotoliza;Elektroliza;Neutralizacja
Nauka i Odkrycia;Chemia i Fizyka;bardzo trudne;Jak nazywa się prawo fizyczne mówiące, że energia całkowita izolowanego układu jest stała i może jedynie zmieniać formę?;Zasada zachowania energii;Zasada zachowania pędu;II zasada termodynamiki;Prawo Avogadra
Nauka i Odkrycia;Chemia i Fizyka;bardzo trudne;Jak nazywa się cząstka elementarna odpowiedzialna za nadawanie masy innym cząstkom, potwierdzona eksperymentalnie w 2012 roku w CERN?;Bozon Higgsa;Kwark;Neutrino;Gluon
Nauka i Odkrycia;Fizyka w Codzienności;łatwe;Jak nazywa się zjawisko fizyczne odpowiedzialne za to, że przedmioty spadają na ziemię?;Grawitacja;Tarcie;Bezwładność;Ciśnienie
Nauka i Odkrycia;Fizyka w Codzienności;trudne;Jak nazywa się zjawisko załamania światła w kropelkach wody, dające efekt tęczy?;Refrakcja;Dyfrakcja;Interferencja;Polaryzacja
Nauka i Odkrycia;Fizyka w Codzienności;trudne;Jak nazywa się urządzenie wykorzystujące zjawisko indukcji elektromagnetycznej do wytwarzania prądu, np. w elektrowniach?;Generator;Transformator;Silnik elektryczny;Akumulator
Nauka i Odkrycia;Fizyka w Codzienności;bardzo trudne;Jak nazywa się zjawisko fizyczne, dzięki któremu kuchenka mikrofalowa podgrzewa jedzenie, pobudzając drgania cząsteczek wody?;Rezonans dielektryczny;Indukcja elektromagnetyczna;Konwekcja;Efekt Dopplera
Nauka i Odkrycia;Fizyka w Codzienności;bardzo trudne;Jak nazywa się zjawisko zmiany częstotliwości fali dźwiękowej odbieranej przez obserwatora, gdy źródło dźwięku się porusza, np. syrena karetki?;Efekt Dopplera;Rezonans;Interferencja;Dyfrakcja
Nauka i Odkrycia;Geologia i Wulkany;łatwe;Jak nazywa się góra z otworem, przez który wydobywa się magma, gazy i popiół wulkaniczny?;Wulkan;Gejzer;Krater;Kaldera
Nauka i Odkrycia;Geologia i Wulkany;trudne;Jak nazywa się roztopiona skała pod powierzchnią Ziemi, która po wydostaniu się na powierzchnię nazywana jest lawą?;Magma;Lawa;Popiół wulkaniczny;Tefra
Nauka i Odkrycia;Geologia i Wulkany;trudne;Jak nazywa się skala służąca do pomiaru siły trzęsień ziemi, oparta na logarytmicznej mierze energii?;Skala Richtera;Skala Beauforta;Skala Mercalliego;Skala Fujita
Nauka i Odkrycia;Geologia i Wulkany;bardzo trudne;Jak nazywa się rozległe zagłębienie powstałe w wyniku zapadnięcia się komory magmowej po erupcji wulkanicznej?;Kaldera;Krater;Fumarola;Solfatara
Nauka i Odkrycia;Geologia i Wulkany;bardzo trudne;Jak nazywa się otwór w obszarze wulkanicznym, z którego wydobywają się gazy wulkaniczne, głównie dwutlenek siarki?;Fumarola;Gejzer;Solfatara;Kaldera
Nauka i Odkrycia;Informatyka i AI;łatwe;Jak nazywa się podstawowa jednostka informacji w informatyce, przyjmująca wartość 0 lub 1?;Bit;Bajt;Piksel;Kod
Nauka i Odkrycia;Informatyka i AI;trudne;Jak nazywa się język programowania stworzony przez Guido van Rossuma, popularny obecnie w uczeniu maszynowym?;Python;Java;C++;Ruby
Nauka i Odkrycia;Informatyka i AI;trudne;Jak nazywa się rodzaj sztucznej sieci neuronowej wykorzystywanej głównie do przetwarzania obrazów?;Konwolucyjna sieć neuronowa;Sieć rekurencyjna;Perceptron;Transformer
Nauka i Odkrycia;Informatyka i AI;bardzo trudne;Jak nazywa się architektura sieci neuronowej wprowadzona w 2017 roku w pracy "Attention is All You Need", podstawa modeli takich jak GPT?;Transformer;LSTM;CNN;GAN
Nauka i Odkrycia;Informatyka i AI;bardzo trudne;Jak nazywa się test zaproponowany przez Alana Turinga w 1950 roku, mający ocenić inteligencję maszyny nieodróżnialną od człowieka?;Test Turinga;Test CAPTCHA;Test Lovelace;Paradoks Turinga
Nauka i Odkrycia;Maria Skłodowska-Curie;łatwe;Za odkrycie jakich dwóch pierwiastków Maria Skłodowska-Curie jest najbardziej znana?;Polon i rad;Uran i tor;Rad i uran;Polon i uran
Nauka i Odkrycia;Maria Skłodowska-Curie;trudne;Ile Nagród Nobla otrzymała Maria Skłodowska-Curie w swojej karierze?;2;1;3;4
Nauka i Odkrycia;Maria Skłodowska-Curie;trudne;Na cześć jakiego kraju Maria Skłodowska-Curie nazwała odkryty przez siebie pierwiastek "polon"?;Polski;Francji;Rosji;Niemiec
Nauka i Odkrycia;Maria Skłodowska-Curie;bardzo trudne;Jak nazywał się mąż i współpracownik naukowy Marii Skłodowskiej-Curie, z którym dzieliła pierwszą Nagrodę Nobla?;Pierre Curie;Henri Becquerel;Paul Langevin;Frédéric Joliot
Nauka i Odkrycia;Maria Skłodowska-Curie;bardzo trudne;Na jakiej uczelni Maria Skłodowska-Curie jako pierwsza kobieta w historii Francji objęła stanowisko profesorskie w 1906 roku?;Sorbona;École Polytechnique;Collège de France;École Normale Supérieure
Nauka i Odkrycia;Matematyka i Logika;łatwe;Jak nazywa się liczba wyrażająca stosunek obwodu koła do jego średnicy, w przybliżeniu 3,14?;Pi;Phi;Liczba Eulera;Liczba złota
Nauka i Odkrycia;Matematyka i Logika;trudne;Jak nazywa się twierdzenie mówiące, że w trójkącie prostokątnym suma kwadratów przyprostokątnych równa się kwadratowi przeciwprostokątnej?;Twierdzenie Pitagorasa;Twierdzenie Talesa;Twierdzenie Euklidesa;Twierdzenie Fermata
Nauka i Odkrycia;Matematyka i Logika;trudne;Jak nazywa się ciąg liczb, w którym każdy kolejny wyraz jest sumą dwóch poprzednich, zaczynający się od 0 i 1?;Ciąg Fibonacciego;Ciąg arytmetyczny;Ciąg geometryczny;Ciąg harmoniczny
Nauka i Odkrycia;Matematyka i Logika;bardzo trudne;Jak nazywa się twierdzenie Fermata sformułowane w XVII wieku, udowodnione dopiero w 1994 roku przez Andrew Wilesa?;Wielkie Twierdzenie Fermata;Hipoteza Riemanna;Twierdzenie Gödla;Hipoteza Goldbacha
Nauka i Odkrycia;Matematyka i Logika;bardzo trudne;Jak nazywają się twierdzenia Kurta Gödla z 1931 roku, dowodzące ograniczeń systemów formalnych w matematyce?;Twierdzenia o niezupełności;Twierdzenie Fermata;Hipoteza continuum;Paradoks Russella
Nauka i Odkrycia;Medycyna i Zdrowie;łatwe;Jak nazywa się lekarz specjalizujący się w leczeniu chorób serca?;Kardiolog;Neurolog;Dermatolog;Gastrolog
Nauka i Odkrycia;Medycyna i Zdrowie;trudne;Jak nazywa się pierwsza w historii medycyny szczepionka, opracowana przez Edwarda Jennera przeciwko ospie?;Szczepionka przeciwko ospie prawdziwej;Szczepionka przeciwko wściekliźnie;Szczepionka przeciwko gruźlicy;Szczepionka przeciwko polio
Nauka i Odkrycia;Medycyna i Zdrowie;trudne;Jak nazywa się substancja odkryta przez Alexandra Fleminga w 1928 roku, pierwszy antybiotyk?;Penicylina;Streptomycyna;Insulina;Aspiryna
Nauka i Odkrycia;Medycyna i Zdrowie;bardzo trudne;Kto opracował pierwszą szczepionkę przeciwko wściekliźnie w 1885 roku?;Louis Pasteur;Robert Koch;Edward Jenner;Alexander Fleming
Nauka i Odkrycia;Medycyna i Zdrowie;bardzo trudne;Jak nazywa się choroba autoimmunologiczna, w której układ odpornościowy atakuje osłonki mielinowe komórek nerwowych?;Stwardnienie rozsiane;Miastenia;Toczeń;Reumatoidalne zapalenie stawów
Nauka i Odkrycia;Mikołaj Kopernik i Kosmos;łatwe;Kto sformułował teorię heliocentryczną, według której Ziemia krąży wokół Słońca?;Mikołaj Kopernik;Galileusz;Johannes Kepler;Izaak Newton
Nauka i Odkrycia;Mikołaj Kopernik i Kosmos;trudne;Jak nazywa się dzieło Mikołaja Kopernika z 1543 roku, w którym przedstawił teorię heliocentryczną?;De revolutionibus orbium coelestium;Almagest;Sidereus Nuncius;Astronomia nova
Nauka i Odkrycia;Mikołaj Kopernik i Kosmos;trudne;W jakim mieście Mikołaj Kopernik pracował jako kanonik, tworząc tam swoje najważniejsze dzieło?;Frombork;Toruń;Kraków;Bolonia
Nauka i Odkrycia;Mikołaj Kopernik i Kosmos;bardzo trudne;W którym roku urodził się Mikołaj Kopernik w Toruniu?;1473;1492;1543;1450
Nauka i Odkrycia;Mikołaj Kopernik i Kosmos;bardzo trudne;Jak nazywał się uczeń Kopernika, który namówił go do publikacji "De revolutionibus" i napisał do niej wstęp "Narratio prima"?;Retyk;Tycho Brahe;Johannes Kepler;Erazm Reinhold
Nauka i Odkrycia;Polscy Wynalazcy;łatwe;Kto wynalazł lampę naftową, uznawany za pioniera przemysłu naftowego w Polsce?;Ignacy Łukasiewicz;Jan Szczepanik;Rudolf Modrzejewski;Kazimierz Prószyński
Nauka i Odkrycia;Polscy Wynalazcy;trudne;Kto był polskim wynalazcą, nazywanym "polskim Edisonem", autorem licznych patentów w dziedzinie fotografii i tkactwa?;Jan Szczepanik;Ignacy Łukasiewicz;Kazimierz Prószyński;Rudolf Modrzejewski
Nauka i Odkrycia;Polscy Wynalazcy;trudne;Kto zaprojektował liczne mosty w USA, w tym most na rzece Niagara, oraz opracował metodę zgrzewania szyn kolejowych?;Rudolf Modrzejewski;Jan Szczepanik;Ignacy Łukasiewicz;Ernest Malinowski
Nauka i Odkrycia;Polscy Wynalazcy;bardzo trudne;Kto skonstruował w 1894 roku prototyp kamery filmowej zwanej "pleograf"?;Kazimierz Prószyński;Jan Szczepanik;Bolesław Matuszewski;Piotr Lebiedziński
Nauka i Odkrycia;Polscy Wynalazcy;bardzo trudne;Kto zaprojektował i zbudował Kolej Transandyjską w Peru, uznawaną za jedno z największych osiągnięć inżynierii kolejowej XIX wieku?;Ernest Malinowski;Rudolf Modrzejewski;Kazimierz Prószyński;Jan Szczepanik
Nauka i Odkrycia;Tablica Mendelejewa;łatwe;Kto stworzył pierwszą wersję układu okresowego pierwiastków w 1869 roku?;Dmitrij Mendelejew;Antoine Lavoisier;John Dalton;Marie Curie
Nauka i Odkrycia;Tablica Mendelejewa;trudne;Ile grup ma współczesny układ okresowy pierwiastków?;18;16;20;12
Nauka i Odkrycia;Tablica Mendelejewa;trudne;Jak nazywa się grupa pierwiastków chemicznie mało reaktywnych, znajdująca się w ostatniej kolumnie układu okresowego, np. hel i neon?;Gazy szlachetne;Metale alkaliczne;Halogeny;Metale przejściowe
Nauka i Odkrycia;Tablica Mendelejewa;bardzo trudne;Jak nazwał Mendelejew przewidziany, ale jeszcze nieodkryty pierwiastek, który później okazał się germanem?;Eka-krzem;Eka-glin;Eka-bor;Eka-mangan
Nauka i Odkrycia;Tablica Mendelejewa;bardzo trudne;Jak nazywa się pierwiastek o liczbie atomowej 101, nazwany na cześć Dmitrija Mendelejewa?;Mendelew;Kiur;Einsteinowy;Nobel
Nauka i Odkrycia;Układ Słoneczny;łatwe;Która planeta Układu Słonecznego jest największa?;Jowisz;Saturn;Uran;Neptun
Nauka i Odkrycia;Układ Słoneczny;trudne;Która planeta Układu Słonecznego jest najbliżej Słońca?;Merkury;Wenus;Ziemia;Mars
Nauka i Odkrycia;Układ Słoneczny;trudne;Jak nazywa się pas skalnych obiektów znajdujący się między orbitami Marsa i Jowisza?;Pas planetoid;Pas Kuipera;Obłok Oorta;Pierścienie Saturna
Nauka i Odkrycia;Układ Słoneczny;bardzo trudne;Jak nazywa się hipotetyczna, odległa strefa Układu Słonecznego, źródło komet długookresowych, otaczająca cały układ sferyczną powłoką?;Obłok Oorta;Pas Kuipera;Pas planetoid;Heliopauza
Nauka i Odkrycia;Układ Słoneczny;bardzo trudne;Jak nazywa się największy księżyc Jowisza, największy księżyc w całym Układzie Słonecznym?;Ganimedes;Io;Europa;Kallisto
Nauka i Odkrycia;Wynalazki i Odkrycia;łatwe;Kto wynalazł żarówkę elektryczną w powszechnie użytkowej formie w 1879 roku?;Thomas Edison;Nikola Tesla;Alessandro Volta;James Watt
Nauka i Odkrycia;Wynalazki i Odkrycia;trudne;Kto wynalazł telefon, opatentowany w 1876 roku?;Alexander Graham Bell;Thomas Edison;Guglielmo Marconi;Nikola Tesla
Nauka i Odkrycia;Wynalazki i Odkrycia;trudne;Kto skonstruował pierwszy praktyczny silnik parowy z tłokiem, zapoczątkowując rewolucję przemysłową?;James Watt;Thomas Newcomen;George Stephenson;Richard Trevithick
Nauka i Odkrycia;Wynalazki i Odkrycia;bardzo trudne;Kto jako pierwszy zaobserwował mikroorganizmy pod mikroskopem w XVII wieku, nazywając je "animalcules"?;Anton van Leeuwenhoek;Robert Hooke;Louis Pasteur;Robert Koch
Nauka i Odkrycia;Wynalazki i Odkrycia;bardzo trudne;Kto opatentował pierwszy praktyczny system prądu przemiennego, rywalizując z Edisonem w tzw. "wojnie prądów"?;Nikola Tesla;Thomas Edison;George Westinghouse;Michael Faraday
Nauka i Odkrycia;Wynalazki, które zmieniły świat;łatwe;Jak nazywa się wynalazek Johannesa Gutenberga z połowy XV wieku, który zrewolucjonizował rozpowszechnianie wiedzy?;Druk z ruchomą czcionką;Papier;Pismo;Maszyna do pisania
Nauka i Odkrycia;Wynalazki, które zmieniły świat;trudne;Jak nazywa się protokół komunikacyjny opracowany w latach 70. XX wieku, będący podstawą działania internetu?;TCP/IP;HTTP;FTP;DNS
Nauka i Odkrycia;Wynalazki, które zmieniły świat;trudne;Kto skonstruował pierwszy praktyczny komputer elektroniczny ogólnego przeznaczenia, ENIAC, w 1945 roku?;John Mauchly i J. Presper Eckert;Alan Turing;John von Neumann;Charles Babbage
Nauka i Odkrycia;Wynalazki, które zmieniły świat;bardzo trudne;Kto zaprojektował pierwszą w historii maszynę analityczną, mechaniczny prekursor komputera, nigdy niedokończoną za jego życia?;Charles Babbage;Alan Turing;Blaise Pascal;Gottfried Leibniz
Nauka i Odkrycia;Wynalazki, które zmieniły świat;bardzo trudne;Jak nazywała się pierwsza w historii programistka, autorka algorytmu dla maszyny analitycznej Babbage'a, córka lorda Byrona?;Ada Lovelace;Grace Hopper;Katherine Johnson;Hedy Lamarr
Nauka i Odkrycia;Anatomia Człowieka;łatwe;Jak nazywa się narząd odpowiedzialny za filtrację krwi i produkcję moczu?;Nerka;Wątroba;Śledziona;Trzustka
Nauka i Odkrycia;Anatomia Człowieka;trudne;Ile kręgów ma standardowo ludzki kręgosłup, licząc z kością krzyżową i guziczną?;33;24;26;30
Nauka i Odkrycia;Anatomia Człowieka;trudne;Jak nazywa się największy mięsień w ludzkim ciele?;Mięsień pośladkowy wielki;Mięsień czworogłowy uda;Mięsień najszerszy grzbietu;Mięsień naramienny
Nauka i Odkrycia;Anatomia Człowieka;bardzo trudne;Jak nazywa się część mózgu odpowiedzialna za regulację podstawowych funkcji życiowych, jak oddychanie i tętno?;Rdzeń przedłużony;Móżdżek;Wzgórze;Podwzgórze
Nauka i Odkrycia;Anatomia Człowieka;bardzo trudne;Jak nazywa się gruczoł w mózgu produkujący melatoninę, regulujący rytm dobowy?;Szyszynka;Przysadka mózgowa;Podwzgórze;Tarczyca
Nauka i Odkrycia;Astronomia i Kosmos;łatwe;Jak nazywa się naturalny satelita Ziemi?;Księżyc;Fobos;Tytan;Europa
Nauka i Odkrycia;Astronomia i Kosmos;trudne;Jak nazywa się zjawisko, w którym Ziemia znajduje się dokładnie między Słońcem a Księżycem, powodując zaćmienie Księżyca?;Zaćmienie Księżyca;Zaćmienie Słońca;Koniunkcja;Opozycja
Nauka i Odkrycia;Astronomia i Kosmos;trudne;Jak nazywa się gwiazdozbiór, w którym znajduje się Gwiazda Polarna, wykorzystywana do nawigacji?;Mała Niedźwiedzica;Wielka Niedźwiedzica;Kasjopeja;Orion
Nauka i Odkrycia;Astronomia i Kosmos;bardzo trudne;Jak nazywa się teoretyczny obszar przestrzeni, z którego nic, nawet światło, nie może uciec z powodu ogromnej grawitacji?;Czarna dziura;Biała dziura;Pulsar;Kwazar
Nauka i Odkrycia;Astronomia i Kosmos;bardzo trudne;Jak nazywa się szybko rotująca gwiazda neutronowa emitująca regularne impulsy promieniowania, odkryta w 1967 roku?;Pulsar;Kwazar;Magnetar;Czarna dziura
Nauka i Odkrycia;Biologia i Ciało Człowieka;łatwe;Jak nazywa się proces oddychania komórkowego, w którym komórki wykorzystują tlen do produkcji energii?;Oddychanie tlenowe;Fotosynteza;Fermentacja;Glikoliza
Nauka i Odkrycia;Biologia i Ciało Człowieka;trudne;Jak nazywa się białko odpowiedzialne za transport tlenu we krwi, znajdujące się w czerwonych krwinkach?;Hemoglobina;Mioglobina;Albumina;Fibrynogen
Nauka i Odkrycia;Biologia i Ciało Człowieka;trudne;Jak nazywa się proces, w którym organizm rozkłada pokarm na mniejsze cząsteczki możliwe do wchłonięcia?;Trawienie;Metabolizm;Wydalanie;Absorpcja
Nauka i Odkrycia;Biologia i Ciało Człowieka;bardzo trudne;Jak nazywa się enzym trawienny wydzielany przez trzustkę, rozkładający tłuszcze?;Lipaza;Amylaza;Pepsyna;Trypsyna
Nauka i Odkrycia;Biologia i Ciało Człowieka;bardzo trudne;Jak nazywa się proces podziału komórki somatycznej, w wyniku którego powstają dwie identyczne komórki potomne?;Mitoza;Mejoza;Cytokineza;Apoptoza
Nauka i Odkrycia;Chemia i Fizyka;łatwe;Jaki symbol chemiczny ma węgiel?;C;Cu;Co;Ca
Nauka i Odkrycia;Chemia i Fizyka;trudne;Jak nazywa się siła odpowiedzialna za utrzymanie elektronów na orbitach wokół jądra atomowego?;Siła elektromagnetyczna;Grawitacja;Siła jądrowa silna;Siła jądrowa słaba
Nauka i Odkrycia;Chemia i Fizyka;trudne;Jak nazywa się reakcja chemiczna, w której kwas reaguje z zasadą, tworząc sól i wodę?;Reakcja zobojętniania;Reakcja utleniania;Reakcja redukcji;Reakcja syntezy
Nauka i Odkrycia;Chemia i Fizyka;bardzo trudne;Jak nazywa się prawo fizyczne mówiące, że ciśnienie gazu jest odwrotnie proporcjonalne do jego objętości w stałej temperaturze?;Prawo Boyle'a-Mariotte'a;Prawo Charlesa;Prawo Gay-Lussaca;Prawo Avogadra
Nauka i Odkrycia;Chemia i Fizyka;bardzo trudne;Jak nazywa się cząstka elementarna przenosząca oddziaływanie elektromagnetyczne?;Foton;Gluon;Bozon W;Grawiton
Nauka i Odkrycia;Fizyka w Codzienności;łatwe;Jak nazywa się urządzenie wykorzystujące zjawisko rezonansu magnetycznego do obrazowania wnętrza ciała w medycynie?;Rezonans magnetyczny;Tomografia komputerowa;Rentgen;USG
Nauka i Odkrycia;Fizyka w Codzienności;trudne;Jak nazywa się zjawisko fizyczne wykorzystywane w kuchenkach indukcyjnych do podgrzewania naczyń?;Indukcja elektromagnetyczna;Konwekcja;Promieniowanie podczerwone;Przewodnictwo cieplne
Nauka i Odkrycia;Fizyka w Codzienności;trudne;Jak nazywa się zjawisko powstawania statycznego ładunku elektrycznego przez tarcie dwóch materiałów?;Efekt tryboelektryczny;Indukcja elektrostatyczna;Polaryzacja;Jonizacja
Nauka i Odkrycia;Fizyka w Codzienności;bardzo trudne;Jak nazywa się zjawisko fizyczne odpowiedzialne za działanie ekranów dotykowych pojemnościowych w smartfonach?;Efekt pojemnościowy;Piezoelektryczność;Efekt fotoelektryczny;Indukcja
Nauka i Odkrycia;Fizyka w Codzienności;bardzo trudne;Jak nazywa się zjawisko ugięcia fal wokół przeszkód, wykorzystywane m.in. do wyjaśnienia działania anten satelitarnych?;Dyfrakcja;Refrakcja;Interferencja;Polaryzacja
Nauka i Odkrycia;Geologia i Wulkany;łatwe;Jak nazywa się skała powstająca w wyniku krzepnięcia magmy lub lawy?;Skała magmowa;Skała osadowa;Skała metamorficzna;Minerał
Nauka i Odkrycia;Geologia i Wulkany;trudne;Jak nazywa się proces przekształcania jednego typu skały w inny pod wpływem wysokiej temperatury i ciśnienia?;Metamorfizm;Erozja;Wietrzenie;Sedymentacja
Nauka i Odkrycia;Geologia i Wulkany;trudne;Jak nazywa się skala używana do klasyfikacji twardości minerałów, od talku do diamentu?;Skala Mohsa;Skala Richtera;Skala Beauforta;Skala Fujita
Nauka i Odkrycia;Geologia i Wulkany;bardzo trudne;Jak nazywa się typ wulkanu o łagodnych stokach, powstały z płynnej lawy bazaltowej, typowy dla Hawajów?;Wulkan tarczowy;Stratowulkan;Wulkan kopulasty;Kaldera
Nauka i Odkrycia;Geologia i Wulkany;bardzo trudne;Jak nazywa się superwulkan pod Parkiem Narodowym Yellowstone, którego erupcja mogłaby zmienić globalny klimat?;Kaldera Yellowstone;Kaldera Toby;Wezuwiusz;Krakatau
Nauka i Odkrycia;Informatyka i AI;łatwe;Jak nazywa się podstawowa jednostka pamięci komputerowej, składająca się z 8 bitów?;Bajt;Bit;Kilobajt;Piksel
Nauka i Odkrycia;Informatyka i AI;trudne;Jak nazywa się algorytm sortowania danych, polegający na wielokrotnym porównywaniu i zamianie sąsiednich elementów?;Sortowanie bąbelkowe;Sortowanie szybkie;Sortowanie przez scalanie;Sortowanie przez wstawianie
Nauka i Odkrycia;Informatyka i AI;trudne;Jak nazywa się struktura danych działająca na zasadzie "pierwszy wszedł, pierwszy wyszedł"?;Kolejka;Stos;Lista;Drzewo
Nauka i Odkrycia;Informatyka i AI;bardzo trudne;Jak nazywa się problem obliczeniowy pytający, czy dla każdego problemu łatwego do zweryfikowania istnieje algorytm szybko go rozwiązujący?;Problem P vs NP;Problem Halting;Problem komiwojażera;Problem plecakowy
Nauka i Odkrycia;Informatyka i AI;bardzo trudne;Jak nazywa się notacja opisująca złożoność obliczeniową algorytmu w najgorszym przypadku?;Notacja Big O;Notacja Theta;Notacja Omega;Złożoność czasowa
Nauka i Odkrycia;Maria Skłodowska-Curie;łatwe;Jak nazywa się jednostka radioaktywności nazwana na cześć Marii Skłodowskiej-Curie?;Kiur;Bekerel;Grej;Siwert
Nauka i Odkrycia;Maria Skłodowska-Curie;trudne;Na jakiej uczelni Maria Skłodowska-Curie studiowała fizykę i matematykę, przenosząc się tam z Warszawy?;Sorbona;Uniwersytet Jagielloński;Politechnika Warszawska;Uniwersytet Warszawski
Nauka i Odkrycia;Maria Skłodowska-Curie;trudne;Jak nazywały się córki Marii Skłodowskiej-Curie, z których jedna również otrzymała Nagrodę Nobla?;Irène i Ève Curie;Marie i Eve;Irène i Marie;Ewa i Zofia
Nauka i Odkrycia;Maria Skłodowska-Curie;bardzo trudne;Jak nazywał się instytut naukowy założony przez Marię Skłodowską-Curie w Paryżu w 1920 roku, poświęcony badaniom nad radem?;Instytut Radowy;Instytut Pasteura;Sorbona;Collège de France
Nauka i Odkrycia;Maria Skłodowska-Curie;bardzo trudne;Jak nazywały się mobilne jednostki rentgenowskie zorganizowane przez Marię Skłodowską-Curie podczas I wojny światowej?;Małe Curie;Ambulanse radiologiczne;Radiowozy;Rentgenobusy
Nauka i Odkrycia;Matematyka i Logika;łatwe;Jak nazywa się liczba, która dzieli się tylko przez 1 i samą siebie?;Liczba pierwsza;Liczba złożona;Liczba naturalna;Liczba parzysta
Nauka i Odkrycia;Matematyka i Logika;trudne;Jak nazywa się dział matematyki zajmujący się badaniem kształtów, rozmiarów i własności przestrzeni?;Geometria;Algebra;Analiza matematyczna;Topologia
Nauka i Odkrycia;Matematyka i Logika;trudne;Jak nazywa się twierdzenie mówiące, że każda liczba naturalna większa od 1 jest liczbą pierwszą lub jednoznacznym iloczynem liczb pierwszych?;Podstawowe twierdzenie arytmetyki;Twierdzenie Pitagorasa;Twierdzenie Fermata;Hipoteza Goldbacha
Nauka i Odkrycia;Matematyka i Logika;bardzo trudne;Jak nazywa się nierozwiązana hipoteza głosząca, że każda parzysta liczba większa od 2 jest sumą dwóch liczb pierwszych?;Hipoteza Goldbacha;Hipoteza Riemanna;Wielkie Twierdzenie Fermata;Hipoteza continuum
Nauka i Odkrycia;Matematyka i Logika;bardzo trudne;Jak nazywa się dział matematyki badający właściwości figur zachowywane przy ciągłych deformacjach, bez rozrywania?;Topologia;Geometria różniczkowa;Algebra abstrakcyjna;Analiza funkcjonalna
Nauka i Odkrycia;Medycyna i Zdrowie;łatwe;Jak nazywa się lekarz specjalizujący się w chorobach skóry?;Dermatolog;Kardiolog;Neurolog;Okulista
Nauka i Odkrycia;Medycyna i Zdrowie;trudne;Jak nazywa się choroba autoimmunologiczna, w której organizm atakuje komórki produkujące insulinę, prowadząc do cukrzycy?;Cukrzyca typu 1;Cukrzyca typu 2;Cukrzyca ciążowa;Insulinooporność
Nauka i Odkrycia;Medycyna i Zdrowie;trudne;Jak nazywa się zabieg chirurgiczny polegający na przeszczepieniu narządu od jednego organizmu do drugiego?;Transplantacja;Resekcja;Biopsja;Dializa
Nauka i Odkrycia;Medycyna i Zdrowie;bardzo trudne;Jak nazywa się choroba neurodegeneracyjna z postępującą utratą pamięci, najczęstsza przyczyna demencji?;Choroba Alzheimera;Choroba Parkinsona;Stwardnienie rozsiane;Choroba Huntingtona
Nauka i Odkrycia;Medycyna i Zdrowie;bardzo trudne;Jak nazywa się procedura medyczna oczyszczania krwi z toksyn u pacjentów z niewydolnością nerek?;Dializa;Transplantacja;Transfuzja;Plazmafereza
Nauka i Odkrycia;Mikołaj Kopernik i Kosmos;łatwe;Na jakiej uczelni studiował Mikołaj Kopernik, rozpoczynając naukę w 1491 roku?;Akademia Krakowska;Uniwersytet Boloński;Uniwersytet Padewski;Sorbona
Nauka i Odkrycia;Mikołaj Kopernik i Kosmos;trudne;Jak nazywa się teoria astronomiczna obalona przez Kopernika, głosząca że Ziemia jest w centrum wszechświata?;Teoria geocentryczna;Teoria heliocentryczna;Model kopernikański;Teoria kosmologiczna
Nauka i Odkrycia;Mikołaj Kopernik i Kosmos;trudne;W jakim mieście Mikołaj Kopernik zmarł w 1543 roku, tuż po opublikowaniu swojego dzieła?;Frombork;Toruń;Kraków;Olsztyn
Nauka i Odkrycia;Mikołaj Kopernik i Kosmos;bardzo trudne;Jak nazywa się zamek, którego obroną dowodził Mikołaj Kopernik podczas wojny polsko-krzyżackiej w latach 1519-1521?;Olsztyn;Frombork;Malbork;Lidzbark Warmiński
Nauka i Odkrycia;Mikołaj Kopernik i Kosmos;bardzo trudne;Jak nazywa się krater na Księżycu nazwany na cześć Mikołaja Kopernika?;Kopernik;Kepler;Tycho;Galileusz
Nauka i Odkrycia;Polscy Wynalazcy;łatwe;Kto wynalazł lampę naftową, zapoczątkowując przemysł naftowy w Polsce w połowie XIX wieku?;Ignacy Łukasiewicz;Jan Szczepanik;Rudolf Modrzejewski;Kazimierz Prószyński
Nauka i Odkrycia;Polscy Wynalazcy;trudne;Kto skonstruował pierwszy działający model łodzi podwodnej w XIX wieku, polski wynalazca pracujący w Rosji?;Stefan Drzewiecki;Kazimierz Prószyński;Jan Szczepanik;Rudolf Modrzejewski
Nauka i Odkrycia;Polscy Wynalazcy;trudne;Kto jest polskim konstruktorem pierwszego polskiego samolotu, oblatanego w 1909 roku?;Czesław Tański;Jan Szczepanik;Kazimierz Prószyński;Stefan Drzewiecki
Nauka i Odkrycia;Polscy Wynalazcy;bardzo trudne;Kto opracował technologię otrzymywania sztucznego jedwabiu, opatentowaną na przełomie XIX i XX wieku?;Jan Szczepanik;Ignacy Łukasiewicz;Kazimierz Prószyński;Ernest Malinowski
Nauka i Odkrycia;Polscy Wynalazcy;bardzo trudne;Jak nazywał się trzeci, obok Mariana Rejewskiego i Henryka Zygalskiego, polski matematyk, który złamał szyfr Enigmy?;Jerzy Różycki;Alan Turing;Gordon Welchman;Antoni Palluth
Nauka i Odkrycia;Tablica Mendelejewa;łatwe;Jak nazywa się pozioma linia w układzie okresowym pierwiastków?;Okres;Grupa;Blok;Seria
Nauka i Odkrycia;Tablica Mendelejewa;trudne;Jak nazywa się grupa pierwiastków silnie reaktywnych w pierwszej kolumnie układu okresowego, np. sód i potas?;Metale alkaliczne;Metale ziem alkalicznych;Halogeny;Gazy szlachetne
Nauka i Odkrycia;Tablica Mendelejewa;trudne;Jak nazywa się grupa niemetali silnie reaktywnych w przedostatniej kolumnie układu okresowego, np. chlor i fluor?;Halogeny;Gazy szlachetne;Metale alkaliczne;Metaloidy
Nauka i Odkrycia;Tablica Mendelejewa;bardzo trudne;Jak nazywa się seria pierwiastków o liczbach atomowych 57-71, umieszczana zwykle pod główną tabelą układu okresowego?;Lantanowce;Aktynowce;Metale przejściowe;Metaloidy
Nauka i Odkrycia;Tablica Mendelejewa;bardzo trudne;Jak nazywa się pierwiastek o liczbie atomowej 118, najcięższy oficjalnie potwierdzony pierwiastek w układzie okresowym?;Oganeson;Livermor;Tennes;Nihon
Nauka i Odkrycia;Układ Słoneczny;łatwe;Która planeta Układu Słonecznego jest znana jako "Czerwona Planeta"?;Mars;Wenus;Jowisz;Merkury
Nauka i Odkrycia;Układ Słoneczny;trudne;Która planeta Układu Słonecznego ma największą średnią gęstość?;Ziemia;Merkury;Mars;Wenus
Nauka i Odkrycia;Układ Słoneczny;trudne;Która planeta Układu Słonecznego obraca się "na boku", z osią nachyloną niemal równolegle do płaszczyzny orbity?;Uran;Neptun;Saturn;Wenus
Nauka i Odkrycia;Układ Słoneczny;bardzo trudne;Jak nazywa się największy księżyc Saturna, jedyny księżyc w Układzie Słonecznym z gęstą atmosferą?;Tytan;Enceladus;Rea;Japet
Nauka i Odkrycia;Układ Słoneczny;bardzo trudne;Jak nazywa się planeta karłowata, do 2006 roku uznawana za dziewiątą planetę Układu Słonecznego?;Pluton;Eris;Ceres;Makemake
Nauka i Odkrycia;Wynalazki i Odkrycia;łatwe;Kto wynalazł telegraf wykorzystujący kod złożony z kropek i kresek?;Samuel Morse;Alexander Graham Bell;Guglielmo Marconi;Thomas Edison
Nauka i Odkrycia;Wynalazki i Odkrycia;trudne;Kto odkrył penicylinę w 1928 roku, przypadkowo obserwując pleśń niszczącą bakterie w hodowli laboratoryjnej?;Alexander Fleming;Louis Pasteur;Robert Koch;Joseph Lister
Nauka i Odkrycia;Wynalazki i Odkrycia;bardzo trudne;Kto odkrył promieniowanie rentgenowskie w 1895 roku, za co otrzymał pierwszą w historii Nagrodę Nobla z fizyki?;Wilhelm Röntgen;Henri Becquerel;Max Planck;Marie Curie
Nauka i Odkrycia;Wynalazki i Odkrycia;bardzo trudne;Kto jako pierwszy zaproponował teorię ewolucji poprzez dobór naturalny niezależnie od Karola Darwina, w tym samym czasie?;Alfred Russel Wallace;Jean-Baptiste Lamarck;Gregor Mendel;Thomas Huxley
Nauka i Odkrycia;Wynalazki, które zmieniły świat;łatwe;Jak nazywa się urządzenie wynalezione przez Johannesa Gutenberga w połowie XV wieku, rewolucjonizujące produkcję książek?;Prasa drukarska;Maszyna do pisania;Litografia;Offset
Nauka i Odkrycia;Wynalazki, które zmieniły świat;trudne;Kto wynalazł World Wide Web w 1989 roku, fundamentalnie zmieniając sposób dostępu do informacji?;Tim Berners-Lee;Vint Cerf;Marc Andreessen;Larry Page
Nauka i Odkrycia;Wynalazki, które zmieniły świat;trudne;Jak nazywa się zasada masowej produkcji identycznych, wymiennych części, kluczowa dla rewolucji przemysłowej?;Standaryzacja części zamiennych;Taśma produkcyjna;Silnik parowy;Automatyzacja
Nauka i Odkrycia;Wynalazki, które zmieniły świat;bardzo trudne;Kto opatentował pierwszy praktyczny silnik parowy z regulatorem odśrodkowym w 1769 roku, kluczowy dla rewolucji przemysłowej?;James Watt;Thomas Newcomen;George Stephenson;Richard Trevithick
Nauka i Odkrycia;Wynalazki, które zmieniły świat;bardzo trudne;Kto wynalazł tranzystor w 1947 roku, fundamentalny element współczesnej elektroniki, za co otrzymał Nagrodę Nobla?;John Bardeen, Walter Brattain i William Shockley;Jack Kilby;Robert Noyce;Gordon Moore
