Przyroda i Biologia;Anatomia i Fizjologia Człowieka;trudne;Jak nazywa się najmniejsza kość w ciele człowieka, znajdująca się w uchu środkowym?;Strzemiączko;Młoteczek;Kowadełko;Kość gnykowa
Przyroda i Biologia;Anatomia i Fizjologia Człowieka;trudne;Jak nazywa się najmniejsza kość w uchu środkowym?;Strzemiączko;Młoteczek;Kowadełko;Kość gnykowa
Przyroda i Biologia;Anatomia i Fizjologia Człowieka;trudne;Jak nazywa się największy gruczoł w organizmie człowieka, odpowiedzialny m.in. za detoksykację?;Wątroba;Trzustka;Śledziona;Tarczyca
Przyroda i Biologia;Anatomia i Fizjologia Człowieka;trudne;Jak nazywa się największy gruczoł w organizmie?;Wątroba;Trzustka;Śledziona;Tarczyca
Przyroda i Biologia;Anatomia i Fizjologia Człowieka;trudne;Która kość w ciele człowieka jest najdłuższa?;Udowa;Ramienna;Piszczelowa;Kręgosłup
Przyroda i Biologia;Anatomia i Fizjologia Człowieka;trudne;Która kość w ludzkim ciele jest najdłuższa i najmocniejsza?;Udowa;Ramienna;Piszczelowa;Kręgosłup
Przyroda i Biologia;Anatomia i Fizjologia Człowieka;łatwe;Ile litrów krwi ma dorosły człowiek?;Ok. 5-6;Ok. 10;Ok. 2;Ok. 15
Przyroda i Biologia;Anatomia i Fizjologia Człowieka;łatwe;Ile litrów krwi posiada zazwyczaj dorosły człowiek?;Ok. 5-6 litrów;Ok. 10-12 litrów;Ok. 2 litry;Ok. 15 litrów
Przyroda i Biologia;Anatomia i Fizjologia Człowieka;łatwe;Który narząd w ciele człowieka odpowiada za pompowanie krwi do wszystkich tkanek?;Serce;Płuca;Wątroba;Mózg
Przyroda i Biologia;Anatomia i Fizjologia Człowieka;łatwe;Który organ pompuje krew?;Serce;Płuca;Wątroba;Mózg
Przyroda i Biologia;Biochemia i Genetyka;trudne;Jak nazywa się proces rozkładu glukozy bez udziału tlenu?;Glikoliza beztlenowa;Cykl Krebsa;Łańcuch oddechowy;Fosforylacja
Przyroda i Biologia;Biochemia i Genetyka;trudne;Jak nazywa się uniwersalny nośnik energii chemicznej w komórce?;ATP (Adenozynotrifosforan);DNA;RNA;NADP
Przyroda i Biologia;Biochemia i Genetyka;trudne;Jak nazywa się uniwersalny nośnik energii w komórce?;ATP;DNA;RNA;NADP
Przyroda i Biologia;Biochemia i Genetyka;trudne;Jak nazywają się białka przyspieszające reakcje chemiczne?;Enzymy;Hormony;Przeciwciała;Witaminy
Przyroda i Biologia;Biochemia i Genetyka;trudne;Jak nazywają się białka, które przyspieszają reakcje chemiczne w organizmie?;Enzymy;Hormony;Przeciwciała;Witaminy
Przyroda i Biologia;Biochemia i Genetyka;trudne;Która witamina jest rozpuszczalna w tłuszczach (wybierz jedną z grup A, D, E, K)?;Witamina A;Witamina C;Witamina B12;Witamina B6
Przyroda i Biologia;Biochemia i Genetyka;łatwe;Co jest głównym źródłem energii dla komórek?;Glukoza;Białko;Tłuszcz;Sól
Przyroda i Biologia;Biochemia i Genetyka;łatwe;Który związek chemiczny jest głównym źródłem energii dla komórek organizmu?;Glukoza;Białko;Tłuszcz;Sól
Przyroda i Biologia;Biochemia i Genetyka;łatwe;Z czego zbudowane są białka?;Z aminokwasów;Z nukleotydów;Z cukrów;Z lipidów
Przyroda i Biologia;Biochemia i Genetyka;łatwe;Z jakich mniejszych jednostek (cegiełek) zbudowane są białka?;Z aminokwasów;Z nukleotydów;Z cukrów prostych;Z kwasów tłuszczowych
Przyroda i Biologia;Biologia Komórki;trudne;Jak nazywa się enzym odpowiedzialny za odbudowę końcówek chromosomów?;Telomeraza;Helikaza;Polimeraza;Ligaza
Przyroda i Biologia;Biologia Komórki;trudne;Jak nazywa się enzym, który odbudowuje skracające się z wiekiem końce chromosomów (telomery)?;Telomeraza;Helikaza;Ligaza;Polimeraza
Przyroda i Biologia;Biologia Komórki;trudne;Jak nazywa się enzym, który w specyficznych komórkach (np. macierzystych i nowotworowych) skutecznie odbudowuje skracające się z wiekiem końce chromosomów?;Telomeraza;Ligaza;Helikaza;Polimeraza DNA
Przyroda i Biologia;Biologia Komórki;trudne;Jak nazywa się proces zaprogramowanej śmierci komórki, niezbędny dla zdrowia organizmu?;Apoptoza;Nekroza;Mitoza;Mejoza
Przyroda i Biologia;Biologia Komórki;trudne;Jak nazywa się proces zaprogramowanej śmierci komórki?;Apoptoza;Nekroza;Mitoza;Mejoza
Przyroda i Biologia;Biologia Komórki;trudne;Jak nazywa się zjawisko, w którym komórka roślinna traci wodę po umieszczeniu w roztworze hipertonicznym, a jej protoplast odrywa się od ściany komórkowej?;Plazmoliza;Turgescencja;Dyfuzja;Endocytoza
Przyroda i Biologia;Biologia Komórki;trudne;Jak nazywają się organella komórkowe, które są głównym miejscem produkcji energii w postaci ATP?;Mitochondria;Aparaty Golgiego;Lizosomy;Chloroplasty
Przyroda i Biologia;Biologia Komórki;trudne;Jak w biologii nazywa się zaprogramowana, naturalna śmierć komórki, niezbędna do prawidłowego rozwoju i zdrowia całego organizmu?;Apoptoza;Nekroza;Liofilizacja;Plazmoliza
Przyroda i Biologia;Biologia Komórki;trudne;Jaki rodzaj retikulum endoplazmatycznego (siateczki śródplazmatycznej) odpowiada głównie za syntezę lipidów i detoksykację komórki?;Gładkie;Szorstkie;Aparat Golgiego;Wakuola
Przyroda i Biologia;Biologia Komórki;trudne;Jaki rodzaj retikulum endoplazmatycznego odpowiada głównie za syntezę lipidów i detoksykację komórki?;Gładkie;Szorstkie;Aparat Golgiego;Lizosom
Przyroda i Biologia;Biologia Komórki;trudne;Jaki rodzaj transportu przez błonę komórkową wymaga nakładu energii i zachodzi wbrew gradientowi stężeń?;Transport aktywny;Dyfuzja prosta;Osmoza;Dyfuzja ułatwiona
Przyroda i Biologia;Biologia Komórki;trudne;Który organell odpowiada za produkcję energii w procesie oddychania komórkowego?;Mitochondrium;Rybosom;Lizosom;Jądro
Przyroda i Biologia;Biologia Komórki;łatwe;Co jest głównym centrum dowodzenia komórki, w którym znajduje się materiał genetyczny DNA?;Jądro komórkowe;Rybosom;Wakuola;Błona komórkowa
Przyroda i Biologia;Biologia Komórki;łatwe;Czego NIE posiada w swojej naturalnej strukturze ludzka komórka zwierzęca w odróżnieniu od roślin?;Ściany komórkowej i chloroplastów;Jądra i błony komórkowej;Cytoplazmy;Mitochondriów
Przyroda i Biologia;Biologia Komórki;łatwe;Jak nazywa się "centrum dowodzenia" komórki, w którym znajduje się DNA?;Jądro komórkowe;Mitochondrium;Rybosom;Cytoplazma
Przyroda i Biologia;Biologia Komórki;łatwe;Jak nazywa się "centrum dowodzenia" komórki, w którym znajduje się materiał genetyczny (DNA)?;Jądro komórkowe;Mitochondrium;Rybosom;Cytoplazma
Przyroda i Biologia;Biologia Komórki;łatwe;Jak nazywa się centralna struktura komórki eukariotycznej, która przechowuje materiał genetyczny?;Jądro komórkowe;Mitochondrium;Rybosom;Wakuola
Przyroda i Biologia;Biologia Komórki;łatwe;Jak nazywają się mikroskopijne struktury w komórce, na których bezpośrednio zachodzi synteza białek?;Rybosomy;Centriole;Wakuole;Chloroplasty
Przyroda i Biologia;Biologia Komórki;łatwe;Jaki ważny, skomplikowany proces odpowiada w biologii za podział zwykłej komórki na dwie potomne?;Mitoza;Mejoza;Osmoza;Plazmoliza
Przyroda i Biologia;Biologia Komórki;łatwe;Która część komórki roślinnej odpowiada za fotosyntezę?;Chloroplast;Wakuola;Ściana komórkowa;Aparat Golgiego
Przyroda i Biologia;Biologia Komórki;łatwe;Które organella potocznie nazywane są 'elektrowniami komórki', bo produkują życiodajną energię ATP?;Mitochondria;Lizosomy;Aparaty Golgiego;Chloroplasty
Przyroda i Biologia;Biologia Komórki;łatwe;Który składnik komórki roślinnej odpowiada za proces fotosyntezy i nadaje liściom zielony kolor?;Chloroplast;Wakuola;Ściana komórkowa;Aparat Golgiego
Przyroda i Biologia;Botanika i Flora Polski;trudne;Do jakiej grupy roślin należą mchy, które nie posiadają wykształconych tkanek przewodzących?;Mszaki;Paprotniki;Nasienne;Nagonasienne
Przyroda i Biologia;Botanika i Flora Polski;trudne;Do jakiej grupy roślin należą mchy?;Mszaki;Paprotniki;Nasienne;Nagonasienne
Przyroda i Biologia;Botanika i Flora Polski;trudne;Jak nazywa się ruch rośliny w odpowiedzi na bodziec świetlny?;Fototropizm;Fotofobia;Turgor;Transpiracja
Przyroda i Biologia;Botanika i Flora Polski;trudne;Jak nazywa się tkanka przewodząca wodę i sole mineralne od korzeni do liści?;Drewno (ksylem);Łyko (floem);Miazga;Skórka
Przyroda i Biologia;Botanika i Flora Polski;trudne;Jak nazywa się tkanka przewodząca wodę od korzeni w górę?;Drewno (ksylem);Łyko (floem);Miazga;Skórka
Przyroda i Biologia;Botanika i Flora Polski;trudne;Jak nazywa się zjawisko poruszania się organów roślinnych w odpowiedzi na bodziec kierunkowy (np. światło)?;Tropizm;Nastie;Turgor;Transpiracja
Przyroda i Biologia;Botanika i Flora Polski;łatwe;Jak nazywa się proces wytwarzania pokarmu przez rośliny?;Fotosynteza;Oddychanie;Parowanie;Kiełkowanie
Przyroda i Biologia;Botanika i Flora Polski;łatwe;Jak nazywa się proces, w którym rośliny przy udziale światła wytwarzają pokarm i tlen?;Fotosynteza;Oddychanie;Parowanie;Kiełkowanie
Przyroda i Biologia;Botanika i Flora Polski;łatwe;Która część rośliny odpowiada głównie za pobieranie wody i soli mineralnych z gleby?;Korzeń;Łodyga;Liść;Kwiat
Przyroda i Biologia;Botanika i Flora Polski;łatwe;Która część rośliny pobiera wodę z gleby?;Korzeń;Łodyga;Liść;Kwiat
Przyroda i Biologia;Ekologia i Środowisko;trudne;Co oznacza termin "gatunek endemiczny"?;Występuje tylko na jednym, ograniczonym obszarze;Jest gatunkiem obcym;Występuje na całym świecie;Jest bliski wyginięcia
Przyroda i Biologia;Ekologia i Środowisko;trudne;Jak nazywa się miejsce o specyficznych warunkach, w którym żyje dany organizm lub populacja?;Siedlisko;Biocenoza;Ekosystem;Biosfera
Przyroda i Biologia;Ekologia i Środowisko;trudne;Jak nazywa się wskaźnik określający presję człowieka na środowisko naturalne (powierzchnia potrzebna do regeneracji zasobów)?;Ślad ekologiczny;Efekt cieplarniany;Eutrofizacja;Sukcesja
Przyroda i Biologia;Ekologia i Środowisko;łatwe;Jak nazywa się proces przetwarzania odpadów w celu ich ponownego wykorzystania?;Recykling;Utylizacja;Składowanie;Spalanie
Przyroda i Biologia;Ekologia i Środowisko;łatwe;Który gaz cieplarniany jest uwalniany w dużych ilościach podczas spalania węgla i benzyny?;Dwutlenek węgla;Tlen;Azot;Hel
Przyroda i Biologia;Ekologia i Środowisko;trudne;Jak nazywa się gatunek występujący tylko na ograniczonym obszarze?;Endemit;Pionier;Kosmopolita;Relikt
Przyroda i Biologia;Ekologia i Środowisko;trudne;Jak nazywa się ogół organizmów żyjących w danym środowisku?;Biocenoza;Biotop;Biosfera;Ekoton
Przyroda i Biologia;Ekologia i Środowisko;trudne;Jak nazywa się proces nadmiernego użyźniania zbiorników wodnych?;Eutrofizacja;Denitryfikacja;Sedymentacja;Sukcesja
Przyroda i Biologia;Ekologia i Środowisko;łatwe;Jak nazywa się proces przetwarzania odpadów?;Recykling;Utylizacja;Składowanie;Spalanie
Przyroda i Biologia;Ekologia i Środowisko;łatwe;Jaki gaz jest główną przyczyną efektu cieplarnianego?;Dwutlenek węgla;Tlen;Azot;Hel
Przyroda i Biologia;Ekosystemy Wodne;trudne;Jak nazywa się granica między ciepłą a zimną wodą w jeziorze?;Termoklina;Haloklina;Piknoklina;Izobata
Przyroda i Biologia;Ekosystemy Wodne;trudne;Jak nazywa się granica między ciepłą warstwą powierzchniową a zimną warstwą głębinową w zbiorniku wodnym?;Termoklina;Haloklina;Piknoklina;Izobata
Przyroda i Biologia;Ekosystemy Wodne;trudne;Jak nazywa się proces pionowego mieszania wód w oceanie?;Upwelling;El Niño;Pływ;Prąd zatokowy
Przyroda i Biologia;Ekosystemy Wodne;trudne;Jak nazywa się strefa w oceanie, do której nie dociera już światło słoneczne?;Strefa afotyczna;Szelf;Litoral;Pelagial
Przyroda i Biologia;Ekosystemy Wodne;trudne;Która strefa w oceanie jest najlepiej naświetlona?;Eufotyczna;Afotyczna;Abisalu;Batyalu
Przyroda i Biologia;Ekosystemy Wodne;trudne;Które organizmy wodne stanowią podstawę łańcucha pokarmowego i unoszą się swobodnie w toni wodnej?;Plankton;Nekton;Bentos;Koralowce
Przyroda i Biologia;Ekosystemy Wodne;łatwe;Jak nazywa się największy ocean na Ziemi?;Spokojny (Pacyfik);Atlantycki;Indyjski;Arktyczny
Przyroda i Biologia;Ekosystemy Wodne;łatwe;Jak nazywa się największy zbiornik słonej wody na Ziemi?;Ocean;Jezioro;Rzeka;Staw
Przyroda i Biologia;Ekosystemy Wodne;łatwe;Jak nazywa się proces zarastania jezior spowodowany nadmiarem substancji odżywczych?;Eutrofizacja;Fotosynteza;Parowanie;Filtracja
Przyroda i Biologia;Ekosystemy Wodne;łatwe;Jak nazywają się drobne organizmy dryfujące w wodzie?;Plankton;Nekton;Bentos;Koralowce
Przyroda i Biologia;Ewolucjonizm;trudne;Jak nazywa się nagłe i masowe wymieranie gatunków, które miało miejsce ok. 66 mln lat temu (koniec kredy)?;Wymieranie kredowe;Wymieranie permskie;Wielki wybuch;Zlodowacenie
Przyroda i Biologia;Ewolucjonizm;trudne;Jak nazywa się proces powstawania nowych gatunków?;Specjacja;Radiacja;Dryf genetyczny;Ewolucja równoległa
Przyroda i Biologia;Ewolucjonizm;trudne;Jak nazywają się narządy o wspólnym pochodzeniu, ale różnych funkcjach?;Homologiczne;Analogiczne;Szczątkowe;Atawistyczne
Przyroda i Biologia;Ewolucjonizm;trudne;Jak nazywamy narządy o podobnej budowie i pochodzeniu, ale pełniące różne funkcje (np. ręka człowieka i skrzydło ptaka)?;Homologiczne;Analogiczne;Szczątkowe;Atawistyczne
Przyroda i Biologia;Ewolucjonizm;trudne;Z którego kontynentu wywodzi się Homo sapiens?;Z Afryki;Z Europy;Z Azji;Z Ameryki
Przyroda i Biologia;Ewolucjonizm;trudne;Z którego kontynentu, według badań genetycznych, wywodzą się pierwsi ludzie (Homo sapiens)?;Z Afryki;Z Europy;Z Azji;Z Ameryki
Przyroda i Biologia;Ewolucjonizm;łatwe;Jak nazywa się mechanizm ewolucji polegający na przeżywaniu najlepiej przystosowanych?;Dobór naturalny;Mutacja;Klonowanie;Adaptacja
Przyroda i Biologia;Ewolucjonizm;łatwe;Jak nazywa się proces, w którym przeżywają osobniki najlepiej przystosowane do środowiska?;Dobór naturalny;Mutacja;Klonowanie;Adaptacja
Przyroda i Biologia;Ewolucjonizm;łatwe;Kto jest autorem teorii ewolucji i dzieła "O powstawaniu gatunków"?;Charles Darwin;Izaak Newton;Albert Einstein;Mikołaj Kopernik
Przyroda i Biologia;Ewolucjonizm;łatwe;Kto sformułował teorię ewolucji?;Charles Darwin;Izaak Newton;Albert Einstein;Mikołaj Kopernik
Przyroda i Biologia;Anatomia i Fizjologia Człowieka;trudne;Gdzie w ludzkim mózgu znajduje się ośrodek odpowiedzialny za regulację temperatury ciała i odczuwanie głodu?;W podwzgórzu;W móżdżku;W płacie potylicznym;W pniu mózgu
Przyroda i Biologia;Anatomia i Fizjologia Człowieka;trudne;Gdzie w mózgu znajduje się ośrodek termoregulacji?;W podwzgórzu;W móżdżku;W płacie potylicznym;W pniu mózgu
Przyroda i Biologia;Anatomia i Fizjologia Człowieka;trudne;Jak nazywa się dążenie organizmu do zachowania stałych parametrów?;Homeostaza;Osmoregulacja;Metabolizm;Dyfuzja
Przyroda i Biologia;Anatomia i Fizjologia Człowieka;trudne;Jak nazywa się proces tworzenia czerwonych krwinek?;Erytropoeza;Hemoliza;Fagocytoza;Glikoliza
Przyroda i Biologia;Anatomia i Fizjologia Człowieka;trudne;Jak nazywa się proces utrzymywania stałych parametrów wewnętrznych organizmu (np. temperatury)?;Homeostaza;Osmoregulacja;Metabolizm;Dyfuzja
Przyroda i Biologia;Anatomia i Fizjologia Człowieka;trudne;Który układ w ciele człowieka odpowiada za produkcję hormonów?;Dokrewny (endokrynny);Nerwowy;Krwionośny;Limfatyczny
Przyroda i Biologia;Anatomia i Fizjologia Człowieka;łatwe;Jak nazywa się barwnik krwi transportujący tlen?;Hemoglobina;Chlorofil;Melanina;Insulina
Przyroda i Biologia;Anatomia i Fizjologia Człowieka;łatwe;Jak nazywa się barwnik we krwi odpowiedzialny za transport tlenu?;Hemoglobina;Chlorofil;Melanina;Insulina
Przyroda i Biologia;Anatomia i Fizjologia Człowieka;łatwe;Jaki hormon produkowany przez trzustkę odpowiada za regulację poziomu cukru we krwi?;Insulina;Adrenalina;Testosteron;Melatonina
Przyroda i Biologia;Anatomia i Fizjologia Człowieka;łatwe;Jaki hormon reguluje poziom cukru we krwi?;Insulina;Adrenalina;Testosteron;Melatonina
Przyroda i Biologia;Botanika i Flora Polski;trudne;Jak nazywa się największy polski las pierwotny wpisany na listę UNESCO?;Puszcza Białowieska;Puszcza Kampinoska;Bory Tucholskie;Puszcza Niepołomicka
Przyroda i Biologia;Botanika i Flora Polski;trudne;Jak nazywa się roślina pasożytnicza żyjąca na drzewach, kojarzona z Bożym Narodzeniem?;Jemioła;Bluszcz;Huba;Chmiel
Przyroda i Biologia;Botanika i Flora Polski;trudne;Jaki kwiat jest symbolem Tatrzańskiego Parku Narodowego?;Szarotka alpejska;Krokus;Dziewięćsił;Goryczka
Przyroda i Biologia;Botanika i Flora Polski;łatwe;Które drzewo rodzi żołędzie?;Dąb;Brzoza;Sosna;Lipa
Przyroda i Biologia;Botanika i Flora Polski;łatwe;Które polskie drzewo iglaste zrzuca igły na zimę?;Modrzew;Świerk;Jodła;Sosna
Przyroda i Biologia;Biochemia i Genetyka;trudne;Jak nazywa się proces przepisywania informacji z DNA na RNA?;Transkrypcja;Translacja;Replikacja;Mutacja
Przyroda i Biologia;Biochemia i Genetyka;trudne;Jak nazywa się proces tworzenia cząsteczki RNA na matrycy DNA?;Transkrypcja;Translacja;Replikacja;Mutacja
Przyroda i Biologia;Biochemia i Genetyka;trudne;Jak nazywa się proces wymiany odcinków chromatyd między chromosomami homologicznymi podczas mejozy?;Crossing-over;Translokacja;Transkrypcja;Replikacja
Przyroda i Biologia;Biochemia i Genetyka;trudne;Jak nazywa się technika laboratoryjna umożliwiająca powielenie wybranego fragmentu DNA w milionach kopii w krótkim czasie, stosowana m.in. w diagnostyce chorób zakaźnych?;PCR (reakcja łańcuchowa polimerazy);Elektroforeza żelowa;Hybrydyzacja DNA;Sekwencjonowanie Sangera
Przyroda i Biologia;Biochemia i Genetyka;trudne;Jak nazywa się zjawisko, w którym jeden gen wpływa na ujawnienie się wielu pozornie niezwiązanych ze sobą cech fenotypowych?;Plejotropia;Epistaza;Kodominacja;Poligenia
Przyroda i Biologia;Biochemia i Genetyka;trudne;Jak nazywa się zjawisko, w którym jeden gen wpływa na wiele cech organizmu?;Plejotropia;Epistaza;Kodominacja;Poligenia
Przyroda i Biologia;Biochemia i Genetyka;trudne;Jak w genetyce określa się zbiór wszystkich genów danego organizmu?;Genom;Fenotyp;Kariotyp;Allel
Przyroda i Biologia;Biochemia i Genetyka;trudne;Jaka nietypowa zasada azotowa występuje w jednoniciowym kwasie RNA, zastępując tym samym obecną w DNA tyminę?;Uracyl;Cytozyna;Guanina;Adenina
Przyroda i Biologia;Biochemia i Genetyka;trudne;Jaka uwarunkowana genetycznie choroba, sprzężona bezpośrednio z chromosomem X, polega na całkowitym braku lub ostrym niedoborze czynników krzepnięcia krwi?;Hemofilia;Mukowiscydoza;Fenyloketonuria;Anemia sierpowata
Przyroda i Biologia;Biochemia i Genetyka;trudne;Kto w XIX wieku, cierpliwie prowadząc pionierskie krzyżówki i badania grochu zwyczajnego, sformułował podstawowe prawa dziedziczenia cech?;Gregor Mendel;Charles Darwin;Thomas Morgan;James Watson
Przyroda i Biologia;Biochemia i Genetyka;trudne;Która zasada azotowa występuje w RNA zamiast tyminy obecnej w DNA?;Uracyl;Guanina;Cytozyna;Adenina
Przyroda i Biologia;Biochemia i Genetyka;trudne;Która zasada azotowa występuje w RNA zamiast tyminy?;Uracyl;Guanina;Cytozyna;Adenina
Przyroda i Biologia;Biochemia i Genetyka;łatwe;Ile par chromosomów posiada zazwyczaj zdrowy człowiek w większości swoich komórek?;23 pary;46 par;12 par;20 par
Przyroda i Biologia;Biochemia i Genetyka;łatwe;Ile par chromosomów posiada zdrowy człowiek?;23;46;12;20
Przyroda i Biologia;Biochemia i Genetyka;łatwe;Ile par chromosomów występuje u zdrowego człowieka w każdej zwykłej, somatycznej komórce ciała?;23 pary (łącznie 46);21 par;46 par;24 pary
Przyroda i Biologia;Biochemia i Genetyka;łatwe;Jak brzmi pełne rozwinięcie skrótu DNA, czyli nośnika naszej informacji genetycznej?;Kwas deoksyrybonukleinowy;Kwas rybonukleinowy;Kwas mlekowy;Kwas acetylosalicylowy
Przyroda i Biologia;Biochemia i Genetyka;łatwe;Jak nazywa się cząsteczka w kształcie podwójnej helisy, która przechowuje informacje genetyczne?;DNA;RNA;Białko;Węglowodan
Przyroda i Biologia;Biochemia i Genetyka;łatwe;Jak nazywa się podstawowa jednostka dziedziczności, która decyduje o naszych cechach, np. kolorze oczu?;Gen;Komórka;Białko;Krew
Przyroda i Biologia;Biochemia i Genetyka;łatwe;Jak nazywa się podstawowa jednostka dziedziczności?;Gen;Komórka;Białko;Krew
Przyroda i Biologia;Biochemia i Genetyka;łatwe;Jak potocznie określa się organizmy, których DNA celowo zmieniono w laboratorium (np. kukurydza)?;Organizmy modyfikowane genetycznie (GMO);Organizmy klonowane;Zmutowane hybrydy;Chimery
Przyroda i Biologia;Biochemia i Genetyka;łatwe;Jaki chromosom decyduje u ssaków wprost o męskiej płci potomska, będąc przekazywanym przez ojca?;Chromosom Y;Chromosom X;Chromosom Z;Chromosom W
Przyroda i Biologia;Biochemia i Genetyka;łatwe;Jaki zakonnik badając krzyżowanie grochu sformułował podstawowe prawa dziedziczenia i genetyki?;Grzegorz Mendel;Karol Darwin;Ludwik Pasteur;Thomas Hunt Morgan
Przyroda i Biologia;Botanika i Flora Polski;trudne;Jak nazywa się najwyższe drzewo naturalnie występujące w polskich lasach (osiąga ponad 50 m)?;Jodła pospolita;Świerk pospolity;Modrzew europejski;Buk zwyczajny
Przyroda i Biologia;Botanika i Flora Polski;trudne;Jaka roślina, będąca pod ochroną, kwitnie w Tatrach na wiosnę i tworzy fioletowe dywany na polanach?;Krokus (Szafran spiski);Szarotka;Dziewięćsił;Pierwiosnek
Przyroda i Biologia;Botanika i Flora Polski;trudne;Który polski Park Narodowy został utworzony jako pierwszy w celu ochrony m.in. żubrów?;Białowieski;Tatrzański;Kampinoski;Wigierski
Przyroda i Biologia;Botanika i Flora Polski;łatwe;Jakie drzewo liściaste jest symbolem siły i długowieczności, a jego owoce to żołędzie?;Dąb;Brzoza;Sosna;Lipa
Przyroda i Biologia;Botanika i Flora Polski;łatwe;Które drzewo iglaste jako jedyne w Polsce zrzuca igły na zimę?;Modrzew;Świerk;Jodła;Sosna
Przyroda i Biologia;Leśnictwo i Łowiectwo;trudne;Jak fachowo określa się zabieg pielęgnacyjny lasu polegający na usuwaniu drzew wadliwych i słabszych w celu poprawy jakości i struktury pozostałego drzewostanu?;Trzebież;Zrąb zupełny;Przerąb;Odnowienie naturalne
Przyroda i Biologia;Leśnictwo i Łowiectwo;trudne;Jak w gwarze myśliwskiej nazywa się charakterystyczne miejsce godowe i wiosenny czas widowiskowych toków (zalotów) u głuszców oraz cietrzewi?;Tokowisko;Rykowisko;Bukowisko;Huczka
Przyroda i Biologia;Leśnictwo i Łowiectwo;trudne;Jak w profesjonalnej gwarze myśliwskiej nazywa się poroże dorosłego samca jelenia szlachetnego?;Wieniec;Łopaty;Rosocha;Parostki
Przyroda i Biologia;Leśnictwo i Łowiectwo;trudne;Jaki potężny, żyjący w stadach ssak, uchodzący za "króla puszczy", został w XX wieku w Polsce uratowany przed całkowitym wyginięciem w środowisku naturalnym?;Żubr europejski;Łoś;Niedźwiedź brunatny;Tarpan
Przyroda i Biologia;Leśnictwo i Łowiectwo;trudne;Jakim terminem w łowiectwie określa się dzika, który jest w wieku od trzech do czterech lat?;Wycinek;Przelatek;Warchlak;Odyniec
Przyroda i Biologia;Leśnictwo i Łowiectwo;trudne;W jakiej polskiej, bezcennej puszczy leży rezerwat ścisły, będący ostatnim naturalnym fragmentem lasów o charakterze pierwotnym na nizinach Europy?;W Puszczy Białowieskiej;W Puszczy Kampinoskiej;W Puszczy Knyszyńskiej;W Puszczy Rominckiej
Przyroda i Biologia;Leśnictwo i Łowiectwo;łatwe;Co to jest wargowy, głośny zew byków jelenia szlachetnego w okresie jesiennego godu?;Rykowisko;Bekowisko;Tokowisko;Bukowisko
Przyroda i Biologia;Leśnictwo i Łowiectwo;łatwe;Jak nazywa się specjalna wieżyczka w lesie lub na skraju pola, służąca myśliwym do polowań?;Ambona;Paśnik;Zwyżka;Czatownia
Przyroda i Biologia;Leśnictwo i Łowiectwo;łatwe;Jak określa się profesjonalistę zajmującego się sadzeniem, ochroną i wycinką drzew w lasach?;Leśnik;Myśliwy;Drwal;Gajowy
Przyroda i Biologia;Leśnictwo i Łowiectwo;łatwe;Jakie charakterystyczne, iglaste drzewo jest zdecydowanie najpospolitszym gatunkiem w polskich lasach?;Sosna zwyczajna;Dąb szypułkowy;Brzoza brodawkowata;Buk zwyczajny
Przyroda i Biologia;Leśnictwo i Łowiectwo;łatwe;W jakim obiekcie, popularnym zimą w lesie, leśnicy wykładają pożywienie dla dzikich zwierząt?;W paśniku;W karmniku;W ulu;W gawrze
Przyroda i Biologia;Leśnictwo i Łowiectwo;łatwe;Z jakich zwierząt składa się tzw. wataha w terminologii myśliwskiej i leśnej?;Z wilków lub dzików;Z jeleni i sarn;Z ptaków wędrownych;Z rysi i żbików
Przyroda i Biologia;Mikrobiologia i Świat Mikrobów;trudne;Jak nazywa się białkowy czynnik zakaźny, który wywołuje m.in. chorobę "szalonych krów"?;Prion;Wiroid;Kapsyd;Plazmid
Przyroda i Biologia;Mikrobiologia i Świat Mikrobów;trudne;Jak nazywa się całkowite zniszczenie drobnoustrojów wysoką temperaturą?;Sterylizacja;Pasteuryzacja;Dezynfekcja;Deratyzacja
Przyroda i Biologia;Mikrobiologia i Świat Mikrobów;trudne;Jak nazywa się proces niszczenia wszystkich form drobnoustrojów (w tym przetrwalników) za pomocą wysokiej temperatury?;Sterylizacja;Pasteuryzacja;Dezynfekcja;Deratyzacja
Przyroda i Biologia;Mikrobiologia i Świat Mikrobów;trudne;Jak nazywa się zakaźne białko wywołujące chorobę szalonych krów?;Prion;Wirus;Plazmid;Kapsyd
Przyroda i Biologia;Mikrobiologia i Świat Mikrobów;trudne;Jak nazywają się bakterie o kształcie kulistym?;Paciorkowce;Laseczki;Krętki;Przecinkowce
Przyroda i Biologia;Mikrobiologia i Świat Mikrobów;trudne;Jakie organizmy jednokomórkowe należą do królestwa Protistów (np. pantofelek)?;Pierwotniaki;Archeony;Priony;Drożdże
Przyroda i Biologia;Mikrobiologia i Świat Mikrobów;łatwe;Czy wirusy są uznawane przez wszystkich naukowców za organizmy żywe?;Nie (brak budowy komórkowej);Tak;Tylko te duże;Tylko bakteriofagi
Przyroda i Biologia;Mikrobiologia i Świat Mikrobów;łatwe;Czy wirusy są zbudowane z komórek?;Nie;Tak;Tylko niektóre;Tylko w fazie aktywnej
Przyroda i Biologia;Mikrobiologia i Świat Mikrobów;łatwe;Jak nazywamy jednokomórkowce bez jądra komórkowego?;Bakterie;Wirusy;Pierwotniaki;Grzyby
Przyroda i Biologia;Mikrobiologia i Świat Mikrobów;łatwe;Jak nazywamy jednokomórkowe organizmy, które mogą być pożyteczne (np. w jogurtach) lub chorobotwórcze (np. angina)?;Bakterie;Wirusy;Pierwotniaki;Grzyby
Przyroda i Biologia;Mykologia - Grzyby;trudne;Jak nazywa się organizm będący symbiozą grzyba i glonu?;Porost;Drożdżak;Pleśniowiec;Rdza
Przyroda i Biologia;Mykologia - Grzyby;trudne;Jak nazywa się współżycie grzyba z korzeniami roślin?;Mikoryza;Pasożytnictwo;Symbioza;Komensalizm
Przyroda i Biologia;Mykologia - Grzyby;trudne;Jak nazywa się współżycie grzyba z korzeniami rośliny, przynoszące korzyści obu stronom?;Mikoryza;Pasożytnictwo;Symbioza;Komensalizm
Przyroda i Biologia;Mykologia - Grzyby;trudne;Jak nazywają się organizmy będące symbiozą grzyba i glonu, pionierskie w zasiedlaniu trudnych terenów?;Porosty;Drożdżaki;Pleśniowce;Rdze
Przyroda i Biologia;Mykologia - Grzyby;trudne;Z czego zbudowana jest ściana komórkowa grzybów?;Z chityny;Z celulozy;Z keratyny;Z glikogenu
Przyroda i Biologia;Mykologia - Grzyby;trudne;Z czego zbudowane są ściany komórkowe grzybów?;Z chityny;Z celulozy;Z keratyny;Z glikogenu
Przyroda i Biologia;Mykologia - Grzyby;łatwe;Jak nazywa się jadalny grzyb z brązowym kapeluszem, uważany w Polsce za najszlachetniejszy?;Borowik szlachetny (Prawdziwek);Muchomor;Kurka;Maślak
Przyroda i Biologia;Mykologia - Grzyby;łatwe;Jak nazywa się szlachetny, jadalny grzyb z brązowym kapeluszem?;Borowik;Muchomor;Kurka;Maślak
Przyroda i Biologia;Mykologia - Grzyby;łatwe;Z jakiego organizmu (grzyba) Aleksander Fleming wyizolował pierwszy antybiotyk – penicylinę?;Pleśń (Penicillium);Drożdże;Pieczarka;Purchawka
Przyroda i Biologia;Mykologia - Grzyby;łatwe;Z jakiego organizmu wyizolowano penicylinę?;Grzyb (pleśń);Bakteria;Pierwotniak;Wirus
Przyroda i Biologia;Ekologia i Środowisko;trudne;Do jakiej księgi wpisywane są na świecie i w Polsce gatunki zwierząt oraz roślin zagrożone wymarciem?;Do Czerwonej Księgi;Do Czarnej Księgi;Do Zielonej Księgi;Do Białej Księgi
Przyroda i Biologia;Ekologia i Środowisko;trudne;Jak brzmi skrót międzynarodowej konwencji o handlu dzikimi zwierzętami i roślinami gatunków zagrożonych?;CITES;RAMSAR;NATURA 2000;UNESCO
Przyroda i Biologia;Ekologia i Środowisko;trudne;Jak nazywa się umowa międzynarodowa z 1973 roku (tzw. konwencja waszyngtońska) regulująca globalny obrót dzikimi gatunkami fauny i flory?;CITES;Konwencja Berneńska;Konwencja Ramsarska;Protokół z Nagoi
Przyroda i Biologia;Ekologia i Środowisko;trudne;Jaka jadowita, występująca lokalnie w Polsce żmija o charakterystycznym, ciemnym zygzaku na grzbiecie (wstędze kainowej) podlega ochronie gatunkowej?;Żmija zygzakowata;Zaskroniec zwyczajny;Gniewosz plamisty;Wąż Eskulapa
Przyroda i Biologia;Ekologia i Środowisko;trudne;Jaką potoczną nazwę nosi międzynarodowa księga, regularnie aktualizowana przez organizację IUCN, oceniająca stopień globalnego zagrożenia wymarciem dzikich gatunków?;Czerwona Księga;Zielona Księga Przyrody;Czarna Lista Wymierania;Księga Gatunków Chronionych
Przyroda i Biologia;Ekologia i Środowisko;trudne;Który duży, roślinożerny chrząszcz z potężnymi żuwaczkami, występujący głównie w wiekowych, dębowych lasach, jest w Polsce objęty ochroną gatunkową?;Jelonek rogacz;Kozioróg dębosz;Biegacz złocisty;Chrabąszcz majowy
Przyroda i Biologia;Ekologia i Środowisko;łatwe;Jak nazywa się ochrona polegająca na dbaniu o gatunki całkowicie wymarłe w naturze w ogrodach zoo?;Ochrona ex situ;Ochrona in situ;Ochrona obszarowa;Ochrona rezerwatowa
Przyroda i Biologia;Ekologia i Środowisko;łatwe;Jaka międzynarodowa księga zawiera oficjalny i uaktualniany spis gatunków zagrożonych wyginięciem?;Czerwona Księga;Czarna Księga;Zielona Księga;Księga Dżungli
Przyroda i Biologia;Ekologia i Środowisko;łatwe;Jaki duży ptak drapieżny, widniejący w polskim godle, podlega u nas ścisłej ochronie gatunkowej?;Bielik;Sokół wędrowny;Jastrząb;Kruk
Przyroda i Biologia;Ekologia i Środowisko;łatwe;Jaki największy polski drapieżnik z rodziny kotowatych, posiadający pędzelki na uszach, jest pod ochroną?;Ryś;Żbik;Wilk;Niedźwiedź brunatny
Przyroda i Biologia;Ekologia i Środowisko;łatwe;Jaki sympatyczny azjatycki niedźwiedź stał się globalnym symbolem fundacji WWF?;Panda wielka;Koala;Grizzly;Niedźwiedź polarny
Przyroda i Biologia;Ekologia i Środowisko;łatwe;Który duży polski ssak kopytny, zwany królem puszczy, został uratowany przed całkowitym wymarciem?;Żubr;Łoś;Jeleń;Dzik
Przyroda i Biologia;Zjawiska Atmosferyczne;trudne;Jak nazywa się górskie zjawisko optyczne polegające na rzucaniu własnego cienia na chmurę znajdującą się niżej, często otoczonego dodatkowo tęczową glorią?;Widmo Brockenu;Zjawisko halo;Słońce poboczne;Fatamorgana
Przyroda i Biologia;Zjawiska Atmosferyczne;trudne;Jak w meteorologii nazywa się linia na mapie łącząca punkty o jednakowym ciśnieniu atmosferycznym?;Izobara;Izoterma;Izochieta;Izobata
Przyroda i Biologia;Zjawiska Atmosferyczne;trudne;Jaka globalna anomalia pogodowa, polegająca na cyklicznym, nietypowym ocieplaniu się wód Pacyfiku, dramatycznie wpływa na układ klimatyczny na całym świecie?;El Niño;La Niña;Prąd Zatokowy;Monsun
Przyroda i Biologia;Zjawiska Atmosferyczne;trudne;Jaka potężna chmura burzowa o pionowym rozwoju, często przybierająca na szczycie kształt kowadła, generuje gwałtowne ulewy, grad i wyładowania elektryczne?;Cumulonimbus;Cirrostratus;Altocumulus;Nimbostratus
Przyroda i Biologia;Zjawiska Atmosferyczne;trudne;Jaka skala meteorologiczna, opracowana w 1805 roku przez brytyjskiego admirała, służy do opisu siły wiatru w 13 stopniach (od 0 do 12)?;Skala Beauforta;Skala Fujity;Skala Saffira-Simpsona;Skala Richtera
Przyroda i Biologia;Zjawiska Atmosferyczne;trudne;Zjawisko optyczne polegające na powstaniu świetlistego pierścienia wokół tarczy Słońca lub Księżyca to:;Halo;Zorza polarna;Fatamorgana;Widmo Brockenu
Przyroda i Biologia;Zjawiska Atmosferyczne;łatwe;Co jest główną przyczyną powstawania malowniczej, wielokolorowej tęczy na niebie po deszczu?;Rozszczepienie światła w kroplach;Odbicie światła od chmur;Wyładowania elektrostatyczne;Parowanie wody z ziemi
Przyroda i Biologia;Zjawiska Atmosferyczne;łatwe;Jak nazywa się gwałtowne zjawisko pogodowe z ulewnym deszczem, błyskawicami i grzmotami?;Burza;Mgła;Szadź;Rosa
Przyroda i Biologia;Zjawiska Atmosferyczne;łatwe;Jak nazywa się zjawisko świetlne występujące najczęściej w pobliżu biegunów, tworzące barwne pasy?;Zorza polarna;Halo;Słońce poboczne;Widmo Brockenu
Przyroda i Biologia;Zjawiska Atmosferyczne;łatwe;Jak potocznie określamy gwałtowne wyładowanie elektryczne w atmosferze z efektem świetlnym i hukiem?;Piorun (Błyskawica);Huragan;Zorza;Grad
Przyroda i Biologia;Zjawiska Atmosferyczne;łatwe;Jaki niebezpieczny wir powietrzny tworzy charakterystyczny lej od chmury aż do samej ziemi?;Trąba powietrzna (Tornado);Tajfun;Cyklon;Monsun
Przyroda i Biologia;Zjawiska Atmosferyczne;łatwe;W jakiej postaci opada na ziemię woda, tworząc w chmurze lodowe, nieregularne bryłki podczas burzy?;Gradu;Śniegu;Szronu;Rosy
Przyroda i Biologia;Zoologia - Ptaki;trudne;Co oznacza termin "dymorfizm płciowy" u ptaków?;Różnica w wyglądzie samca i samicy;Zdolność do migracji;Rodzaj budowanego gniazda;Sposób karmienia
Przyroda i Biologia;Zoologia - Ptaki;trudne;Co u ptaków oznacza termin "dymorfizm płciowy"?;Różnica w wyglądzie samca i samicy;Zdolność do dalekich migracji;Rodzaj budowanego gniazda;Sposób karmienia piskląt
Przyroda i Biologia;Zoologia - Ptaki;trudne;Jak nazywa się kostna wypustka na mostku ptaków, do której przyczepione są mięśnie skrzydeł?;Grzebień;Obojczyk;Łopatka;Miednica
Przyroda i Biologia;Zoologia - Ptaki;trudne;Jak nazywa się najmniejszy ptak świata, potrafiący latać w miejscu i do tyłu?;Koliber;Jerzyk;Zięba;Sikorka
Przyroda i Biologia;Zoologia - Ptaki;trudne;Jak nazywa się najmniejszy ptak świata?;Koliber;Jerzyk;Zięba;Sikorka
Przyroda i Biologia;Zoologia - Ptaki;trudne;Jak nazywa się specjalna kość u ptaków latających, do której przyczepione są potężne mięśnie poruszające skrzydłami?;Grzebień mostka;Obojczyk;Łopatka;Miednica
Przyroda i Biologia;Zoologia - Ptaki;łatwe;Jak nazywa się narząd u ptaków służący do rozcierania pokarmu?;Mielec (żołądek mięśniowy);Wole;Przełyk;Stek
Przyroda i Biologia;Zoologia - Ptaki;łatwe;Jak nazywa się narząd u ptaków, który służy do rozcierania pokarmu (zastępuje zęby)?;Żołądek mięśniowy (mielec);Wole;Przełyk;Stek
Przyroda i Biologia;Zoologia - Ptaki;łatwe;Który ptak jest największy na świecie i mimo posiadania skrzydeł nie potrafi latać?;Struś;Pingwin;Emu;Albatros
Przyroda i Biologia;Zoologia - Ptaki;łatwe;Który ptak jest największy na świecie i nie lata?;Struś;Pingwin;Emu;Albatros
Przyroda i Biologia;Zoologia - Ryby i Gady;trudne;Czym charakteryzują się zwierzęta zmiennocieplne (egzotermiczne)?;Ich temperatura ciała zależy od otoczenia;Zawsze mają zimną krew;Potrafią same wytworzyć ciepło;Śpią tylko w dzień
Przyroda i Biologia;Zoologia - Ryby i Gady;trudne;Czym charakteryzują się zwierzęta zmiennocieplne?;Ich temperatura ciała zależy od otoczenia;Mają zawsze zimną krew;Same wytwarzają ciepło;Śpią tylko w dzień
Przyroda i Biologia;Zoologia - Ryby i Gady;trudne;Jak nazywa się największa żyjąca jaszczurka świata, występująca na kilku wyspach Indonezji?;Waran z Komodo;Iguana zielona;Gekon;Agama
Przyroda i Biologia;Zoologia - Ryby i Gady;trudne;Jak nazywa się największa żyjąca jaszczurka świata?;Waran z Komodo;Iguana zielona;Gekon;Agama
Przyroda i Biologia;Zoologia - Ryby i Gady;trudne;Jaki narząd u ryb służy do wykrywania drgań wody i orientacji w otoczeniu?;Linia boczna;Pęcherz pławny;Nerka;Serce
Przyroda i Biologia;Zoologia - Ryby i Gady;trudne;Jaki narząd u ryb służy do wykrywania drgań wody?;Linia boczna;Pęcherz pławny;Nerka;Serce
Przyroda i Biologia;Zoologia - Ryby i Gady;łatwe;Jak nazywają się narządy oddechowe ryb?;Skrzela;Płuca;Pory;Płetwy
Przyroda i Biologia;Zoologia - Ryby i Gady;łatwe;Jak nazywają się narządy, dzięki którym ryby mogą oddychać tlenem rozpuszczonym w wodzie?;Skrzela;Płuca;Pory;Płetwy
Przyroda i Biologia;Zoologia - Ryby i Gady;łatwe;Który gad słynie z umiejętności zmiany koloru skóry w celu kamuflażu?;Kameleon;Krokodyl;Żółw;Jaszczurka zwinka
Przyroda i Biologia;Zoologia - Ryby i Gady;łatwe;Który gad słynie ze zmiany koloru skóry?;Kameleon;Krokodyl;Żółw;Jaszczurka
Przyroda i Biologia;Zoologia - Ssaki;trudne;Do jakiego rzędu ssaków należą foki i morsy?;Płetwonogie;Gryzonie;Parzystokopytne;Naczelne
Przyroda i Biologia;Zoologia - Ssaki;trudne;Do jakiego rzędu ssaków należą zwierzęta takie jak foki, morsy i lwy morskie?;Płetwonogie;Gryzonie;Parzystokopytne;Naczelne
Przyroda i Biologia;Zoologia - Ssaki;trudne;Ile kręgów szyjnych ma żyrafa?;Siedem;Piętnaście;Dwadzieścia jeden;Dwanaście
Przyroda i Biologia;Zoologia - Ssaki;trudne;Ile kręgów szyjnych posiada żyrafa (taka sama liczba występuje u większości ssaków, w tym u człowieka)?;7;15;21;12
Przyroda i Biologia;Zoologia - Ssaki;trudne;Jak nazywa się jedyny obok kolczatki gatunek ssaka, który składa jaja zamiast rodzić żywe młode?;Dziobak;Pancernik;Koala;Wombat
Przyroda i Biologia;Zoologia - Ssaki;trudne;Jak nazywa się ssak, który składa jaja?;Dziobak;Pancernik;Koala;Wombat
Przyroda i Biologia;Zoologia - Ssaki;łatwe;Jaki jest największy żyjący ssak na Ziemi, zamieszkujący oceany?;Płetwal błękitny;Słoń afrykański;Orka;Rekin wielorybi
Przyroda i Biologia;Zoologia - Ssaki;łatwe;Jaki jest największy żyjący ssak na Ziemi?;Płetwal błękitny;Słoń afrykański;Orka;Rekin wielorybi
Przyroda i Biologia;Zoologia - Ssaki;łatwe;Który ssak jako jedyny posiada zdolność do aktywnego i długotrwałego lotu?;Nietoperz;Wiewiórka latająca;Kret;Dziobak
Przyroda i Biologia;Zoologia - Ssaki;łatwe;Który ssak jako jedyny posiada zdolność do aktywnego lotu?;Nietoperz;Wiewiórka latająca;Kret;Dziobak
Przyroda i Biologia;Mikrobiologia i Świat Mikrobów;trudne;Jak nazywa się niezwykle skuteczny pierwszy antybiotyk, wyizolowany przez Alexandra Fleminga z pędzlaka, który zrewolucjonizował w XX wieku leczenie zakażeń bakteryjnych?;Penicylina;Streptomycyna;Amoksycylina;Erytromycyna
Przyroda i Biologia;Mikrobiologia i Świat Mikrobów;trudne;Jak nazywa się proces, w którym dwie bakterie wymieniają materiał genetyczny przez bezpośredni kontakt za pośrednictwem mostka cytoplazmatycznego zwanego pilusem?;Koniugacja;Transformacja;Transdukcja;Transkrypcja
Przyroda i Biologia;Mikrobiologia i Świat Mikrobów;trudne;Jak nazywają się bezjądrowe organizmy zdolne do życia w ekstremalnych warunkach, np. w gorących źródłach?;Archeony;Sinice;Orzęski;Śluzowce
Przyroda i Biologia;Mikrobiologia i Świat Mikrobów;trudne;Jaka wysoce zakaźna choroba, atakująca historycznie najczęściej płuca i wywoływana przez specyficzne prątki Kocha, dziesiątkowała dawniej ludność Europy?;Gruźlica;Dżuma;Cholera;Ospa prawdziwa
Przyroda i Biologia;Mikrobiologia i Świat Mikrobów;trudne;Jaki rzadki typ patogenu, niebędący ani bakterią, ani wirusem, lecz nieprawidłowo sfałdowanym białkiem, wywołuje m.in. śmiertelną chorobę Creutzfeldta-Jakoba?;Prion;Wiroid;Mykoplazma;Rickettsia
Przyroda i Biologia;Mikrobiologia i Świat Mikrobów;trudne;Kto jako pierwszy w historii zaobserwował bakterie i pierwotniaki pod skonstruowanym przez siebie mikroskopem?;Antonie van Leeuwenhoek;Ludwik Pasteur;Robert Koch;Alexander Fleming
Przyroda i Biologia;Mikrobiologia i Świat Mikrobów;łatwe;Co powoduje groźne choroby takie jak grypa, ospa czy COVID-19 i nie jest uznawane za w pełni żywe?;Wirus;Bakteria;Pasożyt;Pierwotniak
Przyroda i Biologia;Mikrobiologia i Świat Mikrobów;łatwe;Jak nazywają się jednokomórkowe mikroorganizmy, których zakażenia można leczyć za pomocą antybiotyków?;Bakterie;Wirusy;Grzyby;Priony
Przyroda i Biologia;Mikrobiologia i Świat Mikrobów;łatwe;Jak nazywają się jednokomórkowe organizmy bez jądra, które mogą powodować infekcje lub np. kwaszenie?;Bakterie;Wirusy;Grzyby;Pierwotniaki
Przyroda i Biologia;Mikrobiologia i Świat Mikrobów;łatwe;Jak nazywają się pożyteczne drobnoustroje dodawane do jogurtów, które wspierają naszą florę jelit?;Probiotyki;Antybiotyki;Prebiotyki;Patogeny
Przyroda i Biologia;Mikrobiologia i Świat Mikrobów;łatwe;Jak odkryto pierwszy na świecie antybiotyk, penicylinę, która na zawsze zmieniła walkę z mikrobami?;Odkryto go z pleśni (grzyba);Zsyntetyzowano go z ropy;Pozyskano go z jadu żmii;Wyizolowano go z kory wierzby
Przyroda i Biologia;Mikrobiologia i Świat Mikrobów;łatwe;Jaki organizm jednokomórkowy z grupy pierwotniaków porusza się majestatycznie dzięki nibynóżkom?;Ameba (Pełzak);Pantofelek;Euglena zielona;Drożdż
Przyroda i Biologia;Anatomia i Fizjologia Człowieka;łatwe;Jak nazywa się układ w organizmie człowieka odpowiedzialny za trawienie pokarmu?;Układ pokarmowy;Układ krążenia;Układ oddechowy;Układ nerwowy
Przyroda i Biologia;Anatomia i Fizjologia Człowieka;trudne;Jak nazywa się największy gruczoł w ludzkim ciele, odpowiedzialny m.in. za detoksykację i produkcję żółci?;Wątroba;Trzustka;Śledziona;Nerka
Przyroda i Biologia;Anatomia i Fizjologia Człowieka;trudne;Jak nazywa się proces utrzymywania stałej temperatury ciała, niezależnie od warunków zewnętrznych?;Termoregulacja;Homeostaza;Metabolizm;Osmoregulacja
Przyroda i Biologia;Anatomia i Fizjologia Człowieka;bardzo trudne;Jak nazywa się błona surowicza wyścielająca jamę brzuszną i pokrywająca narządy wewnętrzne?;Otrzewna;Opłucna;Osierdzie;Powięź
Przyroda i Biologia;Anatomia i Fizjologia Człowieka;bardzo trudne;Jak nazywa się część mózgu odpowiedzialna za koordynację ruchów i utrzymanie równowagi?;Móżdżek;Pień mózgu;Wzgórze;Kora mózgowa
Przyroda i Biologia;Biochemia i Genetyka;łatwe;Jak nazywa się cząsteczka przechowująca informację genetyczną organizmu, w kształcie podwójnej helisy?;DNA;RNA;Białko;ATP
Przyroda i Biologia;Biochemia i Genetyka;trudne;Jak nazywa się podstawowa jednostka dziedziczności, fragment DNA kodujący konkretną cechę?;Gen;Chromosom;Allel;Nukleotyd
Przyroda i Biologia;Biochemia i Genetyka;trudne;Ile chromosomów ma standardowo komórka somatyczna człowieka?;46;44;48;23
Przyroda i Biologia;Biochemia i Genetyka;bardzo trudne;Jak nazywa się proces przepisywania informacji genetycznej z DNA na RNA, pierwszy etap ekspresji genów?;Transkrypcja;Translacja;Replikacja;Mutacja
Przyroda i Biologia;Biochemia i Genetyka;bardzo trudne;Jak nazywa się enzym odpowiedzialny za rozplatanie podwójnej helisy DNA podczas replikacji?;Helikaza;Polimeraza DNA;Ligaza;Prymaza
Przyroda i Biologia;Biologia Komórki;łatwe;Jak nazywa się podstawowa, najmniejsza jednostka strukturalna i funkcjonalna organizmów żywych?;Komórka;Tkanka;Narząd;Organelle
Przyroda i Biologia;Biologia Komórki;trudne;Jak nazywa się organellum komórkowe odpowiedzialne za produkcję energii w postaci ATP, zwane "elektrownią komórki"?;Mitochondrium;Rybosom;Aparat Golgiego;Lizosom
Przyroda i Biologia;Biologia Komórki;trudne;Jak nazywa się organellum obecne w komórkach roślinnych, odpowiedzialne za fotosyntezę?;Chloroplast;Mitochondrium;Wakuola;Chromoplast
Przyroda i Biologia;Biologia Komórki;bardzo trudne;Jak nazywa się organellum komórkowe zawierające enzymy trawienne, odpowiedzialne za rozkład zbędnych substancji w komórce?;Lizosom;Peroksysom;Rybosom;Aparat Golgiego
Przyroda i Biologia;Biologia Komórki;bardzo trudne;Jak nazywa się struktura komórkowa odpowiedzialna za modyfikację i pakowanie białek przed transportem, odkryta przez włoskiego naukowca w 1897 roku?;Aparat Golgiego;Retikulum endoplazmatyczne;Lizosom;Mitochondrium
Przyroda i Biologia;Botanika i Flora Polski;łatwe;Jak nazywa się proces, w którym rośliny wykorzystują energię światła słonecznego do produkcji glukozy z dwutlenku węgla i wody?;Fotosynteza;Oddychanie komórkowe;Transpiracja;Chemosynteza
Przyroda i Biologia;Botanika i Flora Polski;trudne;Jak nazywa się najstarsze i największe drzewo w Polsce, dąb powszechnie kojarzony z wiekiem ponad 700 lat?;Dąb Bartek;Dąb Chrobry;Dąb Napoleon;Dąb Rzeczpospolita
Przyroda i Biologia;Botanika i Flora Polski;trudne;Jak nazywa się chroniony gatunek rośliny cebulowej, symbol wiosny w polskich lasach, o białych kwiatach?;Śnieżyczka przebiśnieg;Zawilec gajowy;Sasanka;Konwalia majowa
Przyroda i Biologia;Botanika i Flora Polski;bardzo trudne;Jak nazywa się najstarsza puszcza w Polsce i Europie, obszar chronionego lasu pierwotnego, wpisany na listę UNESCO?;Puszcza Białowieska;Puszcza Kampinoska;Bory Tucholskie;Puszcza Piska
Przyroda i Biologia;Botanika i Flora Polski;bardzo trudne;Jak nazywa się rzadka, chroniona roślina owadożerna występująca na polskich torfowiskach, chwytająca owady lepkimi włoskami?;Rosiczka;Pływacz;Dzbanecznik;Muchołówka
Przyroda i Biologia;Ekologia i Środowisko;łatwe;Jak nazywa się nauka badająca relacje między organizmami a ich środowiskiem?;Ekologia;Biologia;Geografia;Klimatologia
Przyroda i Biologia;Ekologia i Środowisko;trudne;Jak nazywa się proces stopniowego zmniejszania się różnorodności biologicznej na skutek działalności człowieka?;Utrata bioróżnorodności;Eutrofizacja;Sukcesja ekologiczna;Bioakumulacja
Przyroda i Biologia;Ekologia i Środowisko;trudne;Jak nazywa się zjawisko nadmiernego wzbogacenia wód w substancje odżywcze, prowadzące do nadmiernego rozwoju glonów?;Eutrofizacja;Bioakumulacja;Sukcesja;Denitryfikacja
Przyroda i Biologia;Ekologia i Środowisko;bardzo trudne;Jak nazywa się proces stopniowego gromadzenia się szkodliwych substancji w organizmach wzdłuż łańcucha pokarmowego?;Biomagnifikacja;Eutrofizacja;Denitryfikacja;Sukcesja
Przyroda i Biologia;Ekologia i Środowisko;bardzo trudne;Jak nazywa się stopniowa, uporządkowana zmiana zbiorowisk roślinnych i zwierzęcych na danym obszarze w czasie, np. od gołej ziemi do lasu?;Sukcesja ekologiczna;Eutrofizacja;Bioakumulacja;Dywersyfikacja
Przyroda i Biologia;Ekosystemy Wodne;łatwe;Jak nazywa się zbiornik wodny stojący, otoczony lądem ze wszystkich stron, głębszy niż staw?;Jezioro;Rzeka;Morze;Bagno
Przyroda i Biologia;Ekosystemy Wodne;trudne;Jak nazywa się strefa przybrzeżna jeziora lub morza, gdzie dociera światło słoneczne umożliwiające fotosyntezę roślin wodnych?;Strefa eufotyczna;Strefa afotyczna;Strefa pelagialna;Strefa bentoniczna
Przyroda i Biologia;Ekosystemy Wodne;trudne;Jak nazywa się strefa ujścia rzeki do morza, gdzie miesza się woda słodka ze słoną?;Estuarium;Delta;Limana;Fiord
Przyroda i Biologia;Ekosystemy Wodne;bardzo trudne;Jak nazywa się organizm wodny żyjący swobodnie w toni wodnej, unoszony przez prądy, np. plankton?;Organizm planktonowy;Organizm bentosowy;Organizm nektonowy;Organizm peryfitonowy
Przyroda i Biologia;Ekosystemy Wodne;bardzo trudne;Jak nazywa się zespół organizmów żyjących na dnie zbiornika wodnego, przytwierdzonych lub pełzających po dnie?;Bentos;Plankton;Nekton;Peryfiton
Przyroda i Biologia;Ewolucjonizm;łatwe;Kto sformułował teorię ewolucji poprzez dobór naturalny, opisaną w dziele "O powstawaniu gatunków" z 1859 roku?;Karol Darwin;Gregor Mendel;Jean-Baptiste Lamarck;Alfred Wallace
Przyroda i Biologia;Ewolucjonizm;trudne;Jak nazywa się mechanizm ewolucyjny opisany przez Darwina, w którym lepiej przystosowane osobniki mają większą szansę na przeżycie i rozmnożenie?;Dobór naturalny;Dryf genetyczny;Mutacja;Migracja genów
Przyroda i Biologia;Ewolucjonizm;trudne;Na jakich wyspach Karol Darwin obserwował zróżnicowanie gatunków zięb, co zainspirowało jego teorię ewolucji?;Wyspy Galapagos;Wyspy Kanaryjskie;Malediwy;Seszele
Przyroda i Biologia;Ewolucjonizm;bardzo trudne;Jak nazywa się mechanizm ewolucyjny polegający na losowej zmianie częstości alleli w populacji, niezwiązany z doborem naturalnym?;Dryf genetyczny;Dobór naturalny;Mutacja;Migracja genów
Przyroda i Biologia;Ewolucjonizm;bardzo trudne;Jak nazywał się francuski przyrodnik, twórca wcześniejszej teorii ewolucji opartej na dziedziczeniu cech nabytych?;Jean-Baptiste Lamarck;Georges Cuvier;Karol Darwin;Alfred Wallace
Przyroda i Biologia;Leśnictwo i Łowiectwo;łatwe;Jak nazywa się nauka i praktyka zajmująca się zakładaniem, pielęgnacją i użytkowaniem lasów?;Leśnictwo;Botanika;Rolnictwo;Ogrodnictwo
Przyroda i Biologia;Leśnictwo i Łowiectwo;trudne;Jak nazywa się osoba zawodowo zajmująca się gospodarką leśną, nadzorująca las?;Leśniczy;Gajowy;Myśliwy;Drwal
Przyroda i Biologia;Leśnictwo i Łowiectwo;trudne;Jak nazywa się okres w roku, w którym dozwolone jest polowanie na dany gatunek zwierzyny?;Okres polowań;Okres ochronny;Okres godowy;Okres lęgowy
Przyroda i Biologia;Leśnictwo i Łowiectwo;bardzo trudne;Jak nazywa się dokument określający zasady i plan gospodarki łowieckiej na danym terenie w Polsce?;Roczny plan łowiecki;Plan urządzenia lasu;Plan hodowlany;Regulamin polowań
Przyroda i Biologia;Leśnictwo i Łowiectwo;bardzo trudne;Jak nazywa się metoda odnowienia lasu polegająca na naturalnym obsiewaniu się drzew z istniejącego drzewostanu, bez sadzenia sadzonek?;Odnowienie naturalne;Odnowienie sztuczne;Zalesianie;Nasadzenie zastępcze
Przyroda i Biologia;Mikrobiologia i Świat Mikrobów;łatwe;Jak nazywają się organizmy jednokomórkowe bez jądra komórkowego, np. bakterie?;Organizmy prokariotyczne;Eukarionty;Wirusy;Grzyby
Przyroda i Biologia;Mikrobiologia i Świat Mikrobów;trudne;Jak nazywa się proces wykorzystywany przez niektóre bakterie do produkcji energii bez udziału tlenu?;Fermentacja;Fotosynteza;Chemosynteza;Oddychanie tlenowe
Przyroda i Biologia;Mikrobiologia i Świat Mikrobów;trudne;Jak nazywa się mikroorganizm niebędący komórką, niezdolny do samodzielnego rozmnażania się bez komórki gospodarza?;Wirus;Bakteria;Grzyb;Pierwotniak
Przyroda i Biologia;Mikrobiologia i Świat Mikrobów;bardzo trudne;Jak nazywa się dziedzina mikrobiologii zajmująca się badaniem wirusów?;Wirusologia;Bakteriologia;Mykologia;Parazytologia
Przyroda i Biologia;Mikrobiologia i Świat Mikrobów;bardzo trudne;Jak nazywa się proces, w którym bakterie wymieniają między sobą materiał genetyczny poprzez bezpośredni kontakt, np. plazmidy oporności na antybiotyki?;Koniugacja bakteryjna;Transformacja;Transdukcja;Mitoza
Przyroda i Biologia;Mykologia - Grzyby;łatwe;Jak nazywa się dziedzina biologii zajmująca się badaniem grzybów?;Mykologia;Botanika;Bakteriologia;Fitopatologia
Przyroda i Biologia;Mykologia - Grzyby;trudne;Jak nazywa się jadalny grzyb wysoko ceniony w kuchni, trudny do uprawy, poszukiwany m.in. we Włoszech?;Trufla;Borowik;Kurka;Smardz
Przyroda i Biologia;Mykologia - Grzyby;trudne;Jak nazywa się część grzyba widoczna nad ziemią, służąca do rozmnażania, np. u pieczarki?;Owocnik;Grzybnia;Strzępka;Zarodnik
Przyroda i Biologia;Mykologia - Grzyby;bardzo trudne;Jak nazywa się podziemna, rozgałęziona sieć strzępek grzybni, właściwe "ciało" grzyba?;Grzybnia;Owocnik;Zarodnia;Ryzomorfa
Przyroda i Biologia;Mykologia - Grzyby;bardzo trudne;Jak nazywa się symbiotyczny związek grzyba z korzeniami rośliny, korzystny dla obu stron?;Mikoryza;Liszaj;Saprotrofizm;Pasożytnictwo
Przyroda i Biologia;Zjawiska Atmosferyczne;łatwe;Jak nazywa się zjawisko wyładowania elektrycznego w atmosferze, widoczne jako błysk światła podczas burzy?;Piorun;Grad;Tęcza;Mgła
Przyroda i Biologia;Zjawiska Atmosferyczne;trudne;Jak nazywa się zjawisko optyczne w atmosferze, powstające w wyniku załamania i rozszczepienia światła słonecznego w kroplach deszczu?;Tęcza;Halo;Zorza polarna;Fatamorgana
Przyroda i Biologia;Zjawiska Atmosferyczne;trudne;Jak nazywa się gwałtowny, wirujący słup powietrza łączący chmurę burzową z powierzchnią ziemi?;Trąba powietrzna;Huragan;Cyklon;Downburst
Przyroda i Biologia;Zjawiska Atmosferyczne;bardzo trudne;Jak nazywa się zjawisko świetlne widoczne w wysokich szerokościach geograficznych, powstające wskutek oddziaływania wiatru słonecznego z ziemską atmosferą?;Zorza polarna;Halo;Tęcza;Poświata zodiakalna
Przyroda i Biologia;Zjawiska Atmosferyczne;bardzo trudne;Jak nazywa się optyczne zjawisko atmosferyczne polegające na załamaniu światła w kryształkach lodu, tworzące jasny pierścień wokół Słońca lub Księżyca?;Halo;Tęcza;Zorza polarna;Wieniec
Przyroda i Biologia;Zoologia - Ptaki;łatwe;Jak nazywa się największy obecnie żyjący ptak świata, nielotny, pochodzący z Afryki?;Struś;Emu;Kazuar;Nandu
Przyroda i Biologia;Zoologia - Ptaki;trudne;Jak nazywa się ptak drapieżny, symbol Polski, widniejący w godle państwowym?;Bielik;Orzeł przedni;Jastrząb;Sokół wędrowny
Przyroda i Biologia;Zoologia - Ptaki;trudne;Jak nazywa się najszybszy ptak świata w locie nurkowym, osiągający prędkość ponad 300 km/h?;Sokół wędrowny;Orzeł przedni;Jastrząb;Kobuz
Przyroda i Biologia;Zoologia - Ptaki;bardzo trudne;Jak nazywa się jedyny ptak zdolny do lotu do tyłu, dzięki specjalnej budowie skrzydeł?;Koliber;Jerzyk;Jaskółka;Zimorodek
Przyroda i Biologia;Zoologia - Ptaki;bardzo trudne;Jak nazywa się wędrowny ptak, symbol powrotu wiosny w Polsce, budujący duże gniazda na kominach i słupach?;Bocian biały;Żuraw;Czapla siwa;Bąk
Przyroda i Biologia;Zoologia - Ryby i Gady;łatwe;Jak nazywa się największa ryba świata, żyjąca w oceanach, mimo dużych rozmiarów odżywiająca się planktonem?;Rekin wielorybi;Rekin biały;Manta;Płetwal błękitny
Przyroda i Biologia;Zoologia - Ryby i Gady;trudne;Jak nazywa się gad o pancerzu z płytek kostnych, żyjący w wodzie i na lądzie, znany z długiego pyska i licznych zębów?;Krokodyl;Aligator;Kajman;Gawial
Przyroda i Biologia;Zoologia - Ryby i Gady;trudne;Jak nazywa się jadowity wąż występujący w Polsce, jedyny gatunek żmii w naszym kraju?;Żmija zygzakowata;Zaskroniec;Gniewosz plamisty;Padalec
Przyroda i Biologia;Zoologia - Ryby i Gady;bardzo trudne;Jak nazywa się prehistoryczna ryba uznawana za "żywą skamieniałość", odkryta ponownie w 1938 roku po uznaniu za wymarłą od czasów dinozaurów?;Latimeria;Płaszczka;Minóg;Bezszczękowiec
Przyroda i Biologia;Zoologia - Ryby i Gady;bardzo trudne;Jak nazywa się gatunek jaszczurki bez nóg, występujący w Polsce, często mylony ze żmiją?;Padalec;Zaskroniec;Gniewosz plamisty;Jaszczurka zwinka
Przyroda i Biologia;Zoologia - Ssaki;łatwe;Jak nazywa się największe zwierzę lądowe świata, żyjące w Afryce i Azji?;Słoń;Nosorożec;Hipopotam;Żyrafa
Przyroda i Biologia;Zoologia - Ssaki;trudne;Jak nazywa się największy drapieżnik lądowy Polski, chroniony gatunek żyjący m.in. w Karpatach?;Niedźwiedź brunatny;Wilk;Ryś;Żbik
Przyroda i Biologia;Zoologia - Ssaki;trudne;Jak nazywa się najwyższe zwierzę lądowe świata, żyjące w Afryce?;Żyrafa;Słoń;Wielbłąd;Struś
Przyroda i Biologia;Zoologia - Ssaki;bardzo trudne;Jak nazywa się jedyny ssak zdolny do aktywnego, długotrwałego lotu, a nie tylko szybowania?;Nietoperz;Wiewiórka lotna;Lemur lotny;Ryjówka
Przyroda i Biologia;Zoologia - Ssaki;bardzo trudne;Jak nazywa się rzadki, chroniony gatunek dużego kota występujący w Polsce, głównie w Karpatach i na Podlasiu?;Ryś;Żbik;Puma;Kot leśny
Przyroda i Biologia;Anatomia i Fizjologia Człowieka;łatwe;Jak nazywa się układ w organizmie odpowiedzialny za wymianę gazową między krwią a powietrzem?;Układ oddechowy;Układ krążenia;Układ pokarmowy;Układ nerwowy
Przyroda i Biologia;Anatomia i Fizjologia Człowieka;trudne;Jak nazywa się największy organ zmysłu w ludzkim ciele, odpowiedzialny za dotyk, temperaturę i ból?;Skóra;Oko;Ucho;Język
Przyroda i Biologia;Anatomia i Fizjologia Człowieka;trudne;Jak nazywa się regulacja poziomu cukru we krwi za pomocą insuliny i glukagonu?;Homeostaza glukozy;Metabolizm;Termoregulacja;Osmoregulacja
Przyroda i Biologia;Anatomia i Fizjologia Człowieka;bardzo trudne;Jak nazywa się błona otaczająca płuca, umożliwiająca ich swobodne ruchy podczas oddychania?;Opłucna;Otrzewna;Osierdzie;Powięź
Przyroda i Biologia;Anatomia i Fizjologia Człowieka;bardzo trudne;Jak nazywa się gruczoł za mostkiem, odpowiedzialny za dojrzewanie limfocytów T, aktywny głównie w dzieciństwie?;Grasica;Śledziona;Węzły chłonne;Migdałki
Przyroda i Biologia;Biochemia i Genetyka;łatwe;Jak nazywają się cząsteczki będące podstawowymi jednostkami budulcowymi białek?;Aminokwasy;Nukleotydy;Kwasy tłuszczowe;Monosacharydy
Przyroda i Biologia;Biochemia i Genetyka;trudne;Jak nazywa się proces, w którym informacja z RNA jest tłumaczona na sekwencję aminokwasów białka?;Translacja;Transkrypcja;Replikacja;Mutacja
Przyroda i Biologia;Biochemia i Genetyka;trudne;Z jaką zasadą azotową łączy się adenina w podwójnej helisie DNA?;Tyminą;Cytozyną;Guaniną;Uracylem
Przyroda i Biologia;Biochemia i Genetyka;bardzo trudne;Jak nazywa się enzym odpowiedzialny za syntezę nowej nici DNA podczas replikacji?;Polimeraza DNA;Helikaza;Ligaza;Prymaza
Przyroda i Biologia;Biochemia i Genetyka;bardzo trudne;Jak nazywa się technika laboratoryjna umożliwiająca namnażanie fragmentów DNA, kluczowa dla genetyki i diagnostyki?;PCR;Elektroforeza;Sekwencjonowanie;CRISPR
Przyroda i Biologia;Biologia Komórki;łatwe;Jak nazywa się błona otaczająca komórkę, oddzielająca jej wnętrze od środowiska zewnętrznego?;Błona komórkowa;Ściana komórkowa;Cytoplazma;Jądro komórkowe
Przyroda i Biologia;Biologia Komórki;trudne;Jak nazywa się struktura komórkowa zawierająca materiał genetyczny komórki eukariotycznej?;Jądro komórkowe;Mitochondrium;Rybosom;Wakuola
Przyroda i Biologia;Biologia Komórki;trudne;Jak nazywa się organellum odpowiedzialne za syntezę białek w komórce?;Rybosom;Mitochondrium;Aparat Golgiego;Lizosom
Przyroda i Biologia;Biologia Komórki;bardzo trudne;Jak nazywa się sieć błon w komórce, na której odbywa się synteza białek i lipidów, dzieląca się na szorstką i gładką?;Retikulum endoplazmatyczne;Aparat Golgiego;Mitochondrium;Cytoszkielet
Przyroda i Biologia;Biologia Komórki;bardzo trudne;Jak nazywa się struktura białkowa w komórce odpowiedzialna za utrzymanie kształtu i umożliwiająca ruch komórki?;Cytoszkielet;Błona komórkowa;Ściana komórkowa;Macierz zewnątrzkomórkowa
Przyroda i Biologia;Botanika i Flora Polski;łatwe;Jak nazywa się proces, w którym rośliny tracą wodę w postaci pary przez aparaty szparkowe liści?;Transpiracja;Fotosynteza;Oddychanie;Osmoza
Przyroda i Biologia;Botanika i Flora Polski;trudne;Jak nazywa się chroniona w Polsce roślina, symbol Tatr, rosnąca wysoko w górach?;Szarotka alpejska;Sasanka;Krokus;Goryczka
Przyroda i Biologia;Botanika i Flora Polski;trudne;Jak nazywa się jeden z największych kompleksów leśnych w Polsce, wpisany na listę UNESCO?;Puszcza Białowieska;Puszcza Kampinoska;Bory Tucholskie;Puszcza Piska
Przyroda i Biologia;Botanika i Flora Polski;bardzo trudne;Jak nazywa się park w Wielkopolsce słynący z alei wielowiekowych dębów?;Park w Rogalinie;Kórnik;Puszczykowo;Arkadia
Przyroda i Biologia;Botanika i Flora Polski;bardzo trudne;Jak nazywa się jedyny rodzimy w Polsce gatunek rosiczki o okrągłych liściach, roślina bagienna i owadożerna?;Rosiczka okrągłolistna;Rosiczka długolistna;Pływacz zwyczajny;Dzbanecznik
Przyroda i Biologia;Ekologia i Środowisko;łatwe;Jak nazywa się miejsce życia organizmu, dostarczające mu wszystkiego, czego potrzebuje do przetrwania?;Siedlisko;Nisza ekologiczna;Biotop;Ekosystem
Przyroda i Biologia;Ekologia i Środowisko;trudne;Jak nazywa się rola, jaką organizm pełni w ekosystemie, obejmująca sposób odżywiania i interakcje z innymi gatunkami?;Nisza ekologiczna;Siedlisko;Biotop;Populacja
Przyroda i Biologia;Ekologia i Środowisko;trudne;Jak nazywa się zależność między dwoma organizmami, z której korzyść czerpie tylko jeden, a drugi ponosi szkodę?;Pasożytnictwo;Mutualizm;Komensalizm;Amensalizm
Przyroda i Biologia;Ekologia i Środowisko;bardzo trudne;Jak nazywa się zależność międzygatunkowa, w której jeden organizm korzysta, a drugi nie odnosi ani szkody, ani korzyści?;Komensalizm;Mutualizm;Pasożytnictwo;Amensalizm
Przyroda i Biologia;Ekologia i Środowisko;bardzo trudne;Jak nazywa się proces wzbogacania wód w substancje odżywcze, prowadzący do przerostu glonów i deficytu tlenu?;Eutrofizacja;Bioakumulacja;Sukcesja;Denitryfikacja
Przyroda i Biologia;Ekosystemy Wodne;łatwe;Jak nazywa się ekosystem przejściowy między lądem a wodą, charakteryzujący się stale podmokłym gruntem?;Mokradło;Estuarium;Delta;Ujście
Przyroda i Biologia;Ekosystemy Wodne;trudne;Jak nazywa się zespół organizmów unoszących się swobodnie w toni wodnej, niezdolnych do samodzielnego przemieszczania się wbrew prądom?;Plankton;Nekton;Bentos;Peryfiton
Przyroda i Biologia;Ekosystemy Wodne;trudne;Jak nazywa się strefa przybrzeżna jeziora, gdzie rosną rośliny zakorzenione, np. trzciny?;Strefa litoralna;Strefa pelagialna;Strefa profundalna;Strefa bentoniczna
Przyroda i Biologia;Ekosystemy Wodne;bardzo trudne;Jak nazywa się strefa głębinowa jeziora, pozbawiona światła słonecznego, gdzie nie zachodzi fotosynteza?;Strefa profundalna;Strefa litoralna;Strefa pelagialna;Strefa eufotyczna
Przyroda i Biologia;Ekosystemy Wodne;bardzo trudne;Jak nazywa się sezonowe mieszanie się warstw wody w jeziorach, zachodzące wiosną i jesienią w klimacie umiarkowanym?;Cyrkulacja jeziorna;Stratyfikacja termiczna;Termoklina;Eutrofizacja
Przyroda i Biologia;Ewolucjonizm;łatwe;Jak nazywa się proces, w którym gatunki zmieniają się w czasie, przystosowując się do środowiska?;Ewolucja;Adaptacja;Mutacja;Selekcja
Przyroda i Biologia;Ewolucjonizm;trudne;Jak nazywa się proces powstawania nowych gatunków w wyniku izolacji geograficznej lub reprodukcyjnej?;Specjacja;Adaptacja;Radiacja adaptacyjna;Konwergencja
Przyroda i Biologia;Ewolucjonizm;trudne;Jak nazywa się zjawisko, w którym niespokrewnione gatunki rozwijają podobne cechy w odpowiedzi na podobne warunki środowiskowe?;Ewolucja konwergentna;Ewolucja dywergentna;Koewolucja;Radiacja adaptacyjna
Przyroda i Biologia;Ewolucjonizm;bardzo trudne;Jak nazywa się skamieniałość uznawana za "brakujące ogniwo" między gadami a ptakami, odkryta w XIX wieku w Niemczech?;Archaeopteryx;Ichtiostega;Tiktaalik;Lucy
Przyroda i Biologia;Ewolucjonizm;bardzo trudne;Jak nazywa się słynna skamieniałość hominida odkryta w Etiopii w 1974 roku, kluczowy dowód ewolucji człowieka?;Lucy;Archaeopteryx;Tiktaalik;Homo naledi
Przyroda i Biologia;Leśnictwo i Łowiectwo;łatwe;Jak nazywa się dokument planistyczny określający zasady gospodarki leśnej na danym terenie w Polsce, sporządzany na 10 lat?;Plan urządzenia lasu;Roczny plan łowiecki;Program ochrony przyrody;Studium uwarunkowań
Przyroda i Biologia;Leśnictwo i Łowiectwo;trudne;Jak nazywa się metoda pozyskiwania drewna polegająca na wycince wszystkich drzew na danym obszarze jednocześnie?;Zrąb zupełny;Trzebież;Cięcia przerębowe;Odnowienie naturalne
Przyroda i Biologia;Leśnictwo i Łowiectwo;trudne;Jak nazywa się zabieg leśny polegający na usuwaniu części drzew w celu poprawy warunków wzrostu pozostałych?;Trzebież;Zrąb zupełny;Nasadzenie;Zalesianie
Przyroda i Biologia;Leśnictwo i Łowiectwo;bardzo trudne;Jak nazywa się system gospodarki leśnej, w którym las jest użytkowany w sposób ciągły, bez cięć zupełnych, naśladujący naturalne procesy?;Gospodarka przerębowa;Zrąb zupełny;Zrąb częściowy;Trzebież
Przyroda i Biologia;Leśnictwo i Łowiectwo;bardzo trudne;Jak nazywa się okres w roku, w którym zabronione jest polowanie na dany gatunek zwierzyny, dla ochrony populacji w czasie rozrodu?;Okres ochronny;Okres polowań;Sezon łowiecki;Okres godowy
Przyroda i Biologia;Mikrobiologia i Świat Mikrobów;łatwe;Jak nazywają się mikroorganizmy wykorzystywane do produkcji jogurtu i innych fermentowanych produktów mlecznych?;Bakterie kwasu mlekowego;Drożdże;Wirusy;Pierwotniaki
Przyroda i Biologia;Mikrobiologia i Świat Mikrobów;trudne;Jak nazywa się proces fermentacji wykorzystywany do produkcji piwa i wina, w którym drożdże przekształcają cukry w alkohol?;Fermentacja alkoholowa;Fermentacja mlekowa;Fermentacja octowa;Fermentacja masłowa
Przyroda i Biologia;Mikrobiologia i Świat Mikrobów;trudne;Jak nazywa się grupa mikroorganizmów zdolnych do życia w ekstremalnych warunkach, np. wysokiej temperaturze lub zasoleniu?;Ekstremofile;Prokarionty;Archeony;Bakterie
Przyroda i Biologia;Mikrobiologia i Świat Mikrobów;bardzo trudne;Jak nazywa się domena organizmów jednokomórkowych bez jądra komórkowego, obejmująca mikroby żyjące np. w gorących źródłach?;Archeony;Bakterie;Eukarionty;Protisty
Przyroda i Biologia;Mikrobiologia i Świat Mikrobów;bardzo trudne;Jak nazywa się proces, w którym bakterie pobierają obce DNA bezpośrednio ze środowiska i włączają je do swojego genomu?;Transformacja bakteryjna;Koniugacja;Transdukcja;Mitoza
Przyroda i Biologia;Mykologia - Grzyby;łatwe;Jak nazywa się trujący grzyb o czerwonym kapeluszu w białe kropki, znany z bajek i mitologii?;Muchomor czerwony;Muchomor sromotnikowy;Borowik szatański;Piestrzenica
Przyroda i Biologia;Mykologia - Grzyby;trudne;Jak nazywa się najbardziej trujący grzyb w Polsce, odpowiedzialny za większość śmiertelnych zatruć grzybami?;Muchomor sromotnikowy;Muchomor czerwony;Muchomor plamisty;Piestrzenica
Przyroda i Biologia;Mykologia - Grzyby;trudne;Jak nazywa się rozmnażanie grzybów za pomocą mikroskopijnych struktur rozsiewanych przez wiatr lub wodę?;Rozmnażanie przez zarodniki;Rozmnażanie wegetatywne;Podział komórkowy;Pączkowanie
Przyroda i Biologia;Mykologia - Grzyby;bardzo trudne;Jak nazywa się jeden z największych znanych organizmów na Ziemi pod względem zajmowanej powierzchni, grzyb rosnący w stanie Oregon w USA?;Opieńka ciemna;Muchomor sromotnikowy;Borowik szlachetny;Maślak
Przyroda i Biologia;Mykologia - Grzyby;bardzo trudne;Jak nazywa się symbioza grzyba z glonem lub sinicą, tworząca organizm zwany porostem?;Liszaj;Mikoryza;Saprotrofizm;Pasożytnictwo
Przyroda i Biologia;Zjawiska Atmosferyczne;łatwe;Jak nazywa się opad atmosferyczny w postaci zamarzniętych kropel wody?;Śnieg;Grad;Deszcz;Mżawka
Przyroda i Biologia;Zjawiska Atmosferyczne;trudne;Jak nazywa się zjawisko optyczne w postaci jasnego pierścienia wokół Słońca lub Księżyca, spowodowane załamaniem światła w kryształkach lodu?;Halo;Tęcza;Zorza polarna;Fatamorgana
Przyroda i Biologia;Zjawiska Atmosferyczne;trudne;Jak nazywa się gwałtowna, silna ulewa w krótkim czasie, typowa dla klimatu monsunowego?;Ulewa monsunowa;Mżawka;Deszcz orograficzny;Deszcz konwekcyjny
Przyroda i Biologia;Zjawiska Atmosferyczne;bardzo trudne;Jak nazywa się zjawisko optyczne polegające na załamaniu światła w atmosferze, powodujące pozorne uniesienie obiektów na horyzoncie, częste na pustyniach?;Fatamorgana;Halo;Zorza polarna;Miraż dolny
Przyroda i Biologia;Zjawiska Atmosferyczne;bardzo trudne;Jak nazywa się zjawisko optyczne w postaci jasnych plam po bokach Słońca, powstające przy załamaniu światła w kryształkach lodu wysoko w atmosferze?;Parhelia;Zorza polarna;Halo;Tęcza
