Rozrywka i Popkultura;Anime i Manga;trudne;Jak nazywa się główny bohater mangi i anime "Naruto", który marzy o zostaniu Hokage swojej wioski?;Naruto Uzumaki;Sasuke Uchiha;Ichigo Kurosaki;Goku
Rozrywka i Popkultura;Anime i Manga;trudne;Jak nazywa się japońskie studio animacji założone przez Hayao Miyazakiego?;Studio Ghibli;Madhouse;Sunrise;Toei Animation
Rozrywka i Popkultura;Anime i Manga;trudne;Jak nazywa się potężny notes, który pozwala zabić osobę, której nazwisko zostanie w nim zapisane?;Death Note;Life Book;Kill Journal;Shadow Diary
Rozrywka i Popkultura;Anime i Manga;trudne;Jak nazywa się potężny, dziewięcioogoniasty demon zapieczętowany wewnątrz ciała głównego bohatera mangi Masashiego Kishimoto?;Kurama (Kyuubi);Gyuki;Shukaku;Matatabi
Rozrywka i Popkultura;Anime i Manga;trudne;Kto jest autorem legendarnej, pirackiej mangi "One Piece", opowiadającej o przygodach Monkey D. Luffy'ego?;Eiichiro Oda;Akira Toriyama;Masashi Kishimoto;Hajime Isayama
Rozrywka i Popkultura;Anime i Manga;trudne;Kto jest twórcą legendarnej serii "Dragon Ball", która stała się fundamentem dla nowoczesnego gatunku shounen?;Akira Toriyama;Eiichiro Oda;Tite Kubo;Yoshihiro Togashi
Rozrywka i Popkultura;Anime i Manga;trudne;Kto jest twórcą mangi i anime "Naruto"?;Masashi Kishimoto;Akira Toriyama;Eiichiro Oda;Tite Kubo
Rozrywka i Popkultura;Anime i Manga;trudne;W jakiej kultowej, cyberpunkowej mandze (i filmie) z 1988 roku akcja toczy się w zniszczonym i odrodzonym Neo-Tokio?;Akira;Ghost in the Shell;Evangelion;Cowboy Bebop
Rozrywka i Popkultura;Anime i Manga;trudne;W którym roku Osamu Tezuka opublikował pierwszy rozdział mangi 'Tetsuwan Atom' (Astro Boy) na łamach japońskiego pisma Shōnen?;1952;1948;1960;1955
Rozrywka i Popkultura;Anime i Manga;łatwe;Jak miał na imię główny, niesamowicie silny bohater z ogonem, walczący w obronie Ziemi w kultowym anime 'Dragon Ball'?;Son Goku;Vegeta;Naruto Uzumaki;Ichigo Kurosaki
Rozrywka i Popkultura;Anime i Manga;łatwe;Jak nazywa się główny bohater serii "Dragon Ball"?;Son Goku;Naruto Uzumaki;Monkey D. Luffy;Ichigo Kurosaki
Rozrywka i Popkultura;Anime i Manga;łatwe;Jak nazywa się japoński styl komiksu, czytanego tradycyjnie od strony prawej do lewej?;Manga;Anime;Origami;Sudoku
Rozrywka i Popkultura;Anime i Manga;łatwe;Która japońska superbohaterka w marynarskim mundurku, wraz z innymi wojowniczkami, walczyła o dobro wszechświata?;Czarodziejka z Księżyca (Sailor Moon);Cardcaptor Sakura;Evangelion;Miku Hatsune
Rozrywka i Popkultura;Anime i Manga;łatwe;Które słynne japońskie studio animacyjne (założone m.in. przez Hayao Miyazakiego) stworzyło oscarowe 'Spirited Away: W krainie bogów'?;Studio Ghibli;Toei Animation;Madhouse;Bones
Rozrywka i Popkultura;Anime i Manga;łatwe;O kim marzył zostać tytułowy bohater w pomarańczowym dresie, z wioski Ukrytego Liścia w anime 'Naruto'?;Chciał zostać Hokage (przywódcą wioski);Chciał zostać Królem Piratów;Chciał zostać Mistrzem Pokémon;Chciał zostać Władcą Demonów
Rozrywka i Popkultura;Anime i Manga;łatwe;Z jakiego kraju wywodzi się sztuka komiksu zwana mangą?;Z Japonii;Z Chin;Z Korei Południowej;Z Tajlandii
Rozrywka i Popkultura;Anime i Manga;łatwe;Z jakiej znanej japońskiej serii wywodzi się mały, żółty i uroczy, strzelający prądem stworek Pikachu?;Z Pokémonów;Z Digimonów;Z Dragon Balla;Z Czarodziejki z Księżyca
Rozrywka i Popkultura;Festiwale Muzyczne;trudne;Jak nazywa się kalifornijski festiwal muzyki i sztuki, słynący z obecności celebrytów, odbywający się na pustyni Colorado w Indio?;Coachella;Burning Man;Lollapalooza;Bonnaroo
Rozrywka i Popkultura;Festiwale Muzyczne;trudne;W jakim europejskim kraju odbywa się słynny, gigantyczny festiwal muzyki elektronicznej Tomorrowland?;W Belgii;W Holandii;W Niemczech;W Wielkiej Brytanii
Rozrywka i Popkultura;Festiwale Muzyczne;trudne;W jakim europejskim państwie (w miejscowości Pilton) odbywa się jeden z najstarszych i najbardziej prestiżowych festiwali muzycznych świata – Glastonbury?;W Wielkiej Brytanii;W Irlandii;W Niemczech;W Holandii
Rozrywka i Popkultura;Festiwale Muzyczne;trudne;W jakim polskim nadmorskim mieście odbywa się co roku jeden z największych festiwali, Open'er Festival?;W Gdyni;W Sopocie;W Gdańsku;W Kołobrzegu
Rozrywka i Popkultura;Festiwale Muzyczne;trudne;W którym angielskim hrabstwie (county) odbywa się coroczny festiwal Glastonbury?;Somerset;Devon;Wiltshire;Dorset
Rozrywka i Popkultura;Festiwale Muzyczne;trudne;Z jakiego miasta do Kostrzyna nad Odrą (a później na Lotnisko Czaplinek-Broczyno) przeniósł się największy polski festiwal – Przystanek Woodstock (obecnie Pol'and'Rock)?;Z Żar;Ze Szczecina;Z Gorzowa Wielkopolskiego;Z Wrocławia
Rozrywka i Popkultura;Festiwale Muzyczne;łatwe;Jak nazywa się ogromny, niezwykle medialny i designerski festiwal muzyczny odbywający się co roku w kalifornijskiej dolinie (USA)?;Coachella;Tomorrowland;Burning Man;Sziget
Rozrywka i Popkultura;Festiwale Muzyczne;łatwe;Jaki słynny amerykański festiwal muzyczny z 1969 roku stał się globalnym symbolem ruchu hipisowskiego?;Woodstock;Coachella;Glastonbury;Tomorrowland
Rozrywka i Popkultura;Festiwale Muzyczne;łatwe;Jaki słynny festiwal z 1969 roku w USA przeszedł do legendy jako symbol buntu, ruchu hipisowskiego i pokoju na świecie?;Woodstock;Coachella;Glastonbury;Lollapalooza
Rozrywka i Popkultura;Festiwale Muzyczne;łatwe;Jaki wielki, plenerowy festiwal muzyczny rokrocznie przyciąga w lipcu tłumy fanów na lotnisko Kosakowo w Gdyni?;Open'er Festival;OFF Festival;Orange Warsaw Festival;Kraków Live Festival
Rozrywka i Popkultura;Festiwale Muzyczne;łatwe;Który belgijski festiwal muzyki elektronicznej (EDM) słynie z iście bajkowych, gigantycznych dekoracji i wielkich fajerwerków?;Tomorrowland;Ultra Music Festival;Creamfields;Awakenings
Rozrywka i Popkultura;Festiwale Muzyczne;łatwe;Pod jaką obecną nazwą funkcjonuje dziś darmowy, potężny polski festiwal Jurka Owsiaka, znany przez lata jako Przystanek Woodstock?;Pol'and'Rock Festival;Rock in Poland;Jarocin Festiwal;Wielka Orkiestra Świątecznej Pomocy Fest
Rozrywka i Popkultura;Gry Planszowe i Karciane;trudne;Jak brzmi oficjalna, turniejowa nazwa najsilniejszej figury w szachach, która może poruszać się o dowolną liczbę pól w pionie, poziomie i na skos?;Hetman (Dama);Wieża;Goniec;Skoczek
Rozrywka i Popkultura;Gry Planszowe i Karciane;trudne;Jak nazywa się jedna z najstarszych i najbardziej skomplikowanych gier strategicznych świata, pochodząca z Chin, w której gracze otaczają terytoria czarnymi i białymi kamieniami?;Go;Mahjong;Shogi;Tryktrak
Rozrywka i Popkultura;Gry Planszowe i Karciane;trudne;W jakiej popularnej grze karcianej typu "deck-building" (budowanie talii) gracze wcielają się w rolę monarchów powiększających swoje królestwo o posiadłości i wioski?;Dominion;Splendor;7 Cudów Świata;Dixit
Rozrywka i Popkultura;Gry Planszowe i Karciane;trudne;W jakiej popularnej grze planszowej gracze wcielają się w kolonizatorów i budują osady za surowce takie jak owce czy drewno?;Catan (Osadnicy z Catanu);Carcassonne;Wsiąść do Pociągu;Ryzyko
Rozrywka i Popkultura;Gry Planszowe i Karciane;trudne;W jakiej słownej grze planszowej losuje się płytki z literami, z których należy układać punktowane słowa na planszy?;Scrabble;Rummikub;Taboo;Dixit
Rozrywka i Popkultura;Gry Planszowe i Karciane;trudne;W którym roku po raz pierwszy wydano grę planszową 'Osadnicy z Catanu' (Die Siedler von Catan) autorstwa Klausa Teubera?;1995;1990;2000;1998
Rozrywka i Popkultura;Gry Planszowe i Karciane;łatwe;Jak nazywa się wiekowa, mistrzowska i wysoce strategiczna gra na 64 polach, której celem jest zaatakowanie i finalne danie mata królowi przeciwnika?;Szachy;Warcaby;Tryktrak (Backgammon);Go
Rozrywka i Popkultura;Gry Planszowe i Karciane;łatwe;Jaka światowa gra intelektualna polega na losowaniu kafelków z różnymi literami i układaniu z nich na krzyż na tarczy punktowanych, istniejących słów?;Scrabble;Rummikub;Taboo;Kalambury
Rozrywka i Popkultura;Gry Planszowe i Karciane;łatwe;Jakie głośne słowo musi bezwzględnie wykrzyczeć gracz, by nie otrzymać kary, w momencie, gdy zrzuca na kupkę przedostatnią kartę i zostaje mu w ręce tylko jedna?;UNO!;Makao!;Bingo!;Pas!
Rozrywka i Popkultura;Gry Planszowe i Karciane;łatwe;Kim jest w świecie gier fabularnych (RPG) tzw. Mistrz Gry (Dungeon Master) prowadzący sesję dla reszty graczy?;Narratorem kierującym fabułą i otoczeniem;Najsilniejszym wojownikiem w drużynie;Graczem z największą pulą pieniędzy (bankierem);Twórcą fizycznej planszy przed rozpoczęciem
Rozrywka i Popkultura;Gry Planszowe i Karciane;łatwe;W jakiej bezwzględnie najpopularniejszej grze planszowej na świecie kupuje się ulice i miasta, buduje domy oraz wymusza gigantyczne czynsze na hotelach?;W Monopoly (lub Eurobiznes);W Catan;W Scrabble;W Carcassonne
Rozrywka i Popkultura;Gry Planszowe i Karciane;łatwe;W jakiej kultowej grze planszowej gracze kupują nieruchomości i stawiają na nich domy oraz hotele?;Monopoly;Scrabble;Chińczyk;Szachy
Rozrywka i Popkultura;Gwiazdy Muzyki Pop;trudne;Jak brzmi pełne, oficjalne imię i nazwisko wokalistki znanej scenicznie jako Shakira?;Shakira Isabel Mebarak Ripoll;María Isabel Díaz Gutiérrez;Shakira Giovanna Figueiredo Lima;Rosalía Vila Tobella
Rozrywka i Popkultura;Gwiazdy Muzyki Pop;trudne;Jak nazywa się południowokoreański boysband, który globalnie spopularyzował k-pop m.in. hitem "Dynamite"?;BTS;EXO;Blackpink;Stray Kids
Rozrywka i Popkultura;Gwiazdy Muzyki Pop;trudne;Jaka wokalistka popowa stała się symbolem początku lat 2000. dzięki hitowi "...Baby One More Time" i burzliwej karierze pod okiem ojca?;Britney Spears;Christina Aguilera;Pink;Beyoncé
Rozrywka i Popkultura;Gwiazdy Muzyki Pop;trudne;Która gwiazda pobiła liczne rekordy popularności albumami takimi jak "1989" czy "Midnights" i zorganizowała trasę Eras Tour?;Taylor Swift;Ariana Grande;Dua Lipa;Selena Gomez
Rozrywka i Popkultura;Gwiazdy Muzyki Pop;trudne;Pod jakim pseudonimem artystycznym występuje Stefani Joanne Angelina Germanotta, znana z ekstrawaganckich strojów i potężnego głosu?;Lady Gaga;Madonna;Katy Perry;Sia
Rozrywka i Popkultura;Gwiazdy Muzyki Pop;trudne;Z jakiego wyspiarskiego kraju na Karaibach pochodzi Rihanna, autorka takich hitów jak "Umbrella" czy "Diamonds"?;Z Barbadosu;Z Jamajki;Z Bahamów;Z Trynidadu i Tobago
Rozrywka i Popkultura;Gwiazdy Muzyki Pop;łatwe;Jak brzmi sceniczny i modny, arystokratyczny pseudonim Stefani Germanotty, autorki przebojów muzycznych z list takich jak 'Poker Face' czy też 'Bad Romance'?;Lady Gaga;Katy Perry;Rihanna;Dua Lipa
Rozrywka i Popkultura;Gwiazdy Muzyki Pop;łatwe;Jak nazywał się absolutnie legendarny kwartet z Liverpoolu (w składzie m.in. John, Paul), który na stałe ukształtował wielką muzykę pop lat 60. na zawsze?;The Beatles;The Rolling Stones;Queen;ABBA
Rozrywka i Popkultura;Gwiazdy Muzyki Pop;łatwe;Jaka znana wokalistka popowa od lat nosi nieformalny tytuł "Królowej Popu" i nagrała hit "Like a Virgin"?;Madonna;Britney Spears;Lady Gaga;Katy Perry
Rozrywka i Popkultura;Gwiazdy Muzyki Pop;łatwe;Jaka światowej i ogromnej klasy wokalistka znana powszechnie m.in z hitów 'Like a Virgin', od dziesięcioleci dumnie i zasłużenie nazywana jest Królową Popu?;Madonna;Whitney Houston;Britney Spears;Cher
Rozrywka i Popkultura;Gwiazdy Muzyki Pop;łatwe;Kto obecnie jest najbogatszą amerykańską piosenkarką i gwiazdą z armią fanów (Swifties), bijącą gigantyczne rekordy frekwencji na niesamowitej trasie Eras Tour?;Taylor Swift;Beyoncé;Ariana Grande;Billie Eilish
Rozrywka i Popkultura;Gwiazdy Muzyki Pop;łatwe;Którego genialnego artystę, odpowiedzialnego za taneczny i innowacyjny album 'Thriller' oraz księżycowy spacer, określa się wielkim, zmarłym Królem Popu?;Michaela Jacksona;Elvisa Presleya;Prince'a;Freddiego Mercury'ego
Rozrywka i Popkultura;Gwiezdne Wojny;trudne;Jak ma na imię postać znana jako Baby Yoda w serialu "The Mandalorian"?;Grogu;Dooku;Gonk;Moff
Rozrywka i Popkultura;Gwiezdne Wojny;trudne;Jak nazywa się gatunek (rasa), do której należał mistrz Yoda oraz mały Grogu (Baby Yoda) w serialu "The Mandalorian"?;Rasa ta nie posiada oficjalnej nazwy;Lannik;Trandoshan;Pau'an
Rozrywka i Popkultura;Gwiezdne Wojny;trudne;Jak nazywa się planeta, na której wychował się Luke Skywalker?;Tatooine;Hoth;Endor;Coruscant
Rozrywka i Popkultura;Gwiezdne Wojny;trudne;Jak nazywał się pilot i przemytnik, który wygrał statek "Sokół Millennium" od Lando Calrissiana w grze w sabaka?;Han Solo;Poe Dameron;Cassian Andor;Wedge Antilles
Rozrywka i Popkultura;Gwiezdne Wojny;trudne;Jaka zmarła tragicznie aktorka wcielała się od 1977 roku w kultową rolę księżniczki Lei Organy?;Carrie Fisher;Natalie Portman;Daisy Ridley;Mark Hamill
Rozrywka i Popkultura;Gwiezdne Wojny;trudne;Jakiego unikalnego, zielonego koloru miecza świetlnego używał stary mistrz Jedi, Yoda?;Zielonego;Niebieskiego;Czerwonego;Fioletowego
Rozrywka i Popkultura;Gwiezdne Wojny;trudne;Kto jest autorem muzyki do sagi Gwiezdne Wojny?;John Williams;Hans Zimmer;Ennio Morricone;Howard Shore
Rozrywka i Popkultura;Gwiezdne Wojny;trudne;Na której bagnistej planecie mistrz Yoda ukrywał się przez lata i szkolił Luke'a Skywalkera w filmie 'Imperium kontratakuje'?;Dagobah;Hoth;Endor;Mustafar
Rozrywka i Popkultura;Gwiezdne Wojny;trudne;W jakiej gwiezdnej bitwie rebelianci zdołali zniszczyć drugą Gwiazdę Śmierci, co doprowadziło do ostatecznego upadku Imperatora Palpatine'a?;Bitwa o Endor;Bitwa o Hoth;Bitwa o Yavin;Bitwa o Scarif
Rozrywka i Popkultura;Gwiezdne Wojny;łatwe;Czym w świecie Jedi jest słynny na cały wszechświat miecz, potrafiący przeciąć niemal wszystko, posiadający różne kolory klingi?;Mieczem świetlnym;Mieczem laserowym;Ostrzem plazmowym;Złotym Excaliburem
Rozrywka i Popkultura;Gwiezdne Wojny;łatwe;Jak miał na imię niski, mądry, bardzo stary i zielony Mistrz Jedi, słynący z bardzo specyficznego, przestawnego szyku zdań?;Yoda;Obi-Wan Kenobi;Qui-Gon Jinn;Mace Windu
Rozrywka i Popkultura;Gwiezdne Wojny;łatwe;Jak nazywa się młody rycerz Jedi, syn Anakina Skywalkera?;Luke Skywalker;Han Solo;Obi-Wan Kenobi;Yoda
Rozrywka i Popkultura;Gwiezdne Wojny;łatwe;Jak nazywa się statek kosmiczny pilotowany przez Hana Solo?;Sokół Millennium;Gwiazda Śmierci;X-Wing;Tie Fighter
Rozrywka i Popkultura;Gwiezdne Wojny;łatwe;Jak nazywał się legendarny i bardzo zwinny statek kosmiczny pilotowany sprawnie przez Hana Solo oraz Chewbaccę?;Sokół Millennium;Niszczyciel Gwiazd;X-Wing;Gwiazda Śmierci
Rozrywka i Popkultura;Gwiezdne Wojny;łatwe;Jakie kultowe, ciężko oddychające w masce i ubrane na czarno nazwisko nosił Anakin Skywalker po przejściu na Ciemną Stronę Mocy?;Darth Vader;Imperator Palpatine;Kylo Ren;Hrabia Dooku
Rozrywka i Popkultura;Gwiezdne Wojny;łatwe;Kto jest mrocznym, charakterystycznie oddychającym Lordem Sithów w oryginalnej trylogii "Gwiezdnych Wojen"?;Darth Vader;Imperator Palpatine;Kylo Ren;Darth Maul
Rozrywka i Popkultura;Gwiezdne Wojny;łatwe;Kto oryginalnie stworzył, wyreżyserował i zapoczątkował całą gigantyczną franczyzę filmową 'Gwiezdnych Wojen' w 1977 roku?;George Lucas;Steven Spielberg;James Cameron;J.J. Abrams
Rozrywka i Popkultura;Klasyka Kina;trudne;Jak ma na nazwisko potężna nowojorska rodzina mafijna, o której opowiada seria filmów "Ojciec chrzestny"?;Corleone;Soprano;Montana;Capone
Rozrywka i Popkultura;Klasyka Kina;trudne;Jaki film z 1942 roku z Humphreyem Bogartem i Ingrid Bergman kończy się legendarnym zdaniem: "Louis, myślę, że to początek pięknej przyjaźni"?;Casablanca;Przeminęło z wiatrem;Sokół maltański;Obywatel Kane
Rozrywka i Popkultura;Klasyka Kina;trudne;Kto wyreżyserował w 1960 roku rewolucyjny dreszczowiec "Psychoza", zawierający jedną z najsłynniejszych scen morderstwa pod prysznicem?;Alfred Hitchcock;Orson Welles;Stanley Kubrick;Billy Wilder
Rozrywka i Popkultura;Klasyka Kina;trudne;Który rewolucyjny film z 1941 r. opowiada o magnacie prasowym i tajemniczym, wypowiedzianym przed śmiercią słowie "Różyczka"?;Obywatel Kane;Casablanca;Przeminęło z wiatrem;Dwunastu gniewnych ludzi
Rozrywka i Popkultura;Klasyka Kina;trudne;W jakim europejskim państwie nakręcono większość scen do westernu "Dobry, zły i brzydki", udających amerykańskie pogranicze?;W Hiszpanii;Włoszech;W Grecji;W Jugosławii
Rozrywka i Popkultura;Klasyka Kina;trudne;W którym roku miała miejsce premiera filmu 'Obywatel Kane' w reżyserii Orsona Wellesa, uznawanego przez krytyków za jedno z największych arcydzieł kina?;1941;1935;1948;1952
Rozrywka i Popkultura;Klasyka Kina;łatwe;Jakie wielkie, zakochane w sobie podczas rejsu postacie zagrali Leonardo DiCaprio i Kate Winslet w gigantycznym hicie 'Titanic'?;Jacka i Rose;Romea i Julię;Boba i Alice;Sama i Molly
Rozrywka i Popkultura;Klasyka Kina;łatwe;Który aktor wcielił się w hakera Neo (Wybrańca), unikającego kultowo kul na dachu w hicie sci-fi 'Matrix'?;Keanu Reeves;Tom Cruise;Brad Pitt;Will Smith
Rozrywka i Popkultura;Klasyka Kina;łatwe;W jakim filmie główny bohater grany przez Toma Hanksa powtarza, że "życie jest jak pudełko czekoladek"?;Forrest Gump;Zielona mila;Szeregowiec Ryan;Cast Away
Rozrywka i Popkultura;Klasyka Kina;łatwe;W jakim legendarnym filmie mafijnym Marlon Brando wcielił się w niezapomnianą rolę Don Vito Corleone?;W Ojcu Chrzestnym;W Chłopcach z ferajny;W Człowieku z blizną;W Kasynie
Rozrywka i Popkultura;Klasyka Kina;łatwe;Z jakiego wzruszającego filmu z Tomem Hanksem pochodzi słynny cytat: 'Życie jest jak pudełko czekoladek'?;Z Forresta Gumpa;Z Zielonej Mili;Z Cast Away: Poza światem;Z Szeregowca Ryana
Rozrywka i Popkultura;Klasyka Kina;łatwe;Z jakim wymarłym zagrożeniem mierzyli się bohaterowie kultowego hitu w reżyserii Stevena Spielberga z 1993 roku na Isla Nublar?;Z genetycznie sklonowanymi dinozaurami (Park Jurajski);Z atakiem kosmitów;Z rekinem ludojadem;Ze zbuntowanymi robotami
Rozrywka i Popkultura;Komiksy Marvela;trudne;Jak brzmi pełne, kanoniczne imię i nazwisko alter ego Wolverine'a w komiksach Marvela?;James 'Logan' Howlett;Victor Creed;Wade Wilson;Scott Summers
Rozrywka i Popkultura;Komiksy Marvela;trudne;Jak nazywa się arcywróg grupy X-Men, który posiada zdolność manipulowania wszelkimi metalami i polami magnetycznymi?;Magneto;Apocalypse;Sabretooth;Juggernaut
Rozrywka i Popkultura;Komiksy Marvela;trudne;Jakie prawdziwe nazwisko nosi miliarder i wynalazca ukrywający się pod zbroją Iron Mana?;Tony Stark;Bruce Banner;Steve Rogers;Reed Richards
Rozrywka i Popkultura;Komiksy Marvela;trudne;Z jakiego fikcyjnego, technologicznie zaawansowanego państwa w Afryce pochodzi Czarna Pantera?;Z Wakandy;Z Sokovii;Z Genoshy;Z Latverii
Rozrywka i Popkultura;Komiksy Marvela;trudne;Z jakiego niezwykle wytrzymałego i pochłaniającego drgania metalu wykonana jest tarcza Kapitana Ameryki?;Z vibranium;Z adamantium;Z kryptonitu;Z uru
Rozrywka i Popkultura;Komiksy Marvela;trudne;Z jakiej wymarłej rasy pochodzi Thanos, "Szalony Tytan", który postanowił wymazać połowę życia we wszechświecie?;Z rasy Eternalów (Przedwiecznych);Z rasy Deviantów;Z rasy Kree;Z rasy Skrulli
Rozrywka i Popkultura;Komiksy Marvela;łatwe;Jak zwała się drużyna najpotężniejszych bohaterów Ziemi, zrzeszająca m.in. Iron Mana, Hulka, Thora oraz Kapitana Amerykę?;Avengers (Mściciele);X-Men;Fantastyczna Czwórka;Strażnicy Galaktyki
Rozrywka i Popkultura;Komiksy Marvela;łatwe;Jaki superbohater ukrywa się pod cywilnym nazwiskiem Peter Parker po ukąszeniu przez radioaktywnego pajęczaka?;Spider-Man;Iron Man;Kapitan Ameryka;Hulk
Rozrywka i Popkultura;Komiksy Marvela;łatwe;Jaki uśmiechnięty staruszek i genialny scenarzysta wymyślił większość głównych postaci Marvela i słynął z gościnnych ról (cameo) w filmach?;Stan Lee;Jack Kirby;Steve Ditko;Todd McFarlane
Rozrywka i Popkultura;Komiksy Marvela;łatwe;Który bystry nastolatek z Nowego Jorku zyskał pajęcze supermoce, gdy w laboratorium ugryzł go zmutowany pająk?;Peter Parker (Spider-Man);Tony Stark;Bruce Banner;Steve Rogers
Rozrywka i Popkultura;Komiksy Marvela;łatwe;Który znany, fioletowy i obsesyjny superzłoczyńca zapragnął zniszczyć połowę życia we wszechświecie przy użyciu Kamieni Nieskończoności?;Thanos;Ultron;Loki;Galactus
Rozrywka i Popkultura;Komiksy Marvela;łatwe;Z jakiego ukrytego i wysoce rozwiniętego technologicznie afrykańskiego państwa komiksowego pochodził bohaterski Czarna Pantera?;Z Wakandy;Z Genoshy;Z Asgardu;Z Latverii
Rozrywka i Popkultura;Kreskówki z Dzieciństwa;trudne;Jak nazywa się sprytny królik z serii "Zwariowane Melodie", którego znakiem rozpoznawczym jest pytanie: "Co tam, doktorku?"?;Bugs;Roger;Oswald;Królik Wielkanocny
Rozrywka i Popkultura;Kreskówki z Dzieciństwa;trudne;Jak nazywa się żółta, morska gąbka, która nosi kanciaste portki i pracuje w restauracji Pod Tłustym Krabem?;SpongeBob Kanciastoporty;Patryk Rozgwiazda;Skalmar Obłynos;Pan Krab
Rozrywka i Popkultura;Kreskówki z Dzieciństwa;trudne;Jaki kolor skóry mają charakterystyczne małe stworki z wioski Papy Smerfa, które uciekają przed złym czarownikiem Gargamelem?;Niebieski;Zielony;Żółty;Fioletowy
Rozrywka i Popkultura;Kreskówki z Dzieciństwa;trudne;Kto jest twórcą kultowej polskiej bajki "Bolek i Lolek", której inspiracją byli synowie autora?;Władysław Nehrebecki;Alfred Ledwig;Leszek Lorek;Marian Wantoła
Rozrywka i Popkultura;Kreskówki z Dzieciństwa;trudne;W jakiej kultowej polskiej bajce głównymi bohaterami są dwaj chłopcy rysujący zaczarowanym ołówkiem?;Zaczarowany ołówek;Bolek i Lolek;Jacek i Agatka;Przygody kota Filemona
Rozrywka i Popkultura;Kreskówki z Dzieciństwa;trudne;W którym roku wyemitowano po raz pierwszy serial animowany 'Flintstonowie' (The Flintstones) w amerykańskiej telewizji ABC?;1960;1955;1965;1970
Rozrywka i Popkultura;Kreskówki z Dzieciństwa;łatwe;Jak nazywa się wiecznie głodny psi detektyw, który wraz z Kudłatym rozwiązuje straszne zagadki?;Scooby-Doo;Snoopy;Pluto;Reksio
Rozrywka i Popkultura;Kreskówki z Dzieciństwa;łatwe;Jak nazywała się powszechnie lubiana animowana rodzina z epoki kamienia łupanego, gdzie w autach pracowano nogami i używano małych dinozaurów jako sprzętu AGD?;Flintstonowie;Jetsonowie;Simpsonowie;Rodzina Addamsów
Rozrywka i Popkultura;Kreskówki z Dzieciństwa;łatwe;Jaki legendarny, bardzo burzliwy i kreskówkowy duet wiecznie goniących i lejących się patelniami zwierzaków (kota i myszy) wykreowali Hanna i Barbera?;Tom i Jerry;Struś Pędziwiatr i Kojot;Królik Bugs i Kaczor Daffy;Sylwester i Tweety
Rozrywka i Popkultura;Kreskówki z Dzieciństwa;łatwe;Jaki strachliwy, brązowy i stale głodny potężny dog niemiecki, jeżdżący wehikułem tajemnic wraz z Kudłatym, na co dzień bał się duchów?;Scooby-Doo;Snoopy;Reksio;Goofy
Rozrywka i Popkultura;Kreskówki z Dzieciństwa;łatwe;Jakie urocze, małe i jaskrawo niebieskie stworki z małymi białymi czapkami mieszkały w leśnych grzybach, uciekając w bajce przed starym czarodziejem Gargamelem?;Smerfy;Gumisie;Muminki;Minionki
Rozrywka i Popkultura;Kreskówki z Dzieciństwa;łatwe;W jakiej bajce Disneya, przy genialnej muzyce Eltona Johna i Hansa Zimmera, mały lewek Simba musiał dorosnąć po tragicznej śmierci swojego wspaniałego ojca Mufasy?;Król Lew;Tarzan;Księga Dżungli;Mulan
Rozrywka i Popkultura;Książki i Literatura Bestsellerowa;trudne;Jak nazywa się autorka głośnej serii "Zmierzch", opowiadającej o romansie nastolatki Belli Swan z wampirem Edwardem?;Stephenie Meyer;Cassandra Clare;Suzanne Collins;Veronica Roth
Rozrywka i Popkultura;Książki i Literatura Bestsellerowa;trudne;Jaka autorka stworzyła dystopijną serię "Igrzyska śmierci" z główną bohaterką Katniss Everdeen?;Suzanne Collins;Veronica Roth;Stephenie Meyer;J.K. Rowling
Rozrywka i Popkultura;Książki i Literatura Bestsellerowa;trudne;Jaki tytuł nosi debiutancka powieść Dana Browna, w której po raz pierwszy pojawia się postać profesora Roberta Langdona?;Anioły i demony;Kod da Vinci;Zaginiony symbol;Inferno
Rozrywka i Popkultura;Książki i Literatura Bestsellerowa;trudne;Kto jest autorem bestsellerowej, kontrowersyjnej powieści "Kod da Vinci", której bohaterem jest Robert Langdon?;Dan Brown;John Grisham;Stephen King;Stieg Larsson
Rozrywka i Popkultura;Książki i Literatura Bestsellerowa;trudne;Kto jest autorem mrocznego uniwersum "Wiedźmina", które zdobyło światową sławę dzięki grom i serialom?;Andrzej Sapkowski;Jacek Piekara;Jarosław Grzędowicz;Robert M. Wegner
Rozrywka i Popkultura;Książki i Literatura Bestsellerowa;trudne;W której powieści Dana Browna symbolog Robert Langdon pojawia się po raz pierwszy jako główny bohater?;Anioły i demony;Kod Leonarda da Vinci;Inferno;Zaginiony symbol
Rozrywka i Popkultura;Książki i Literatura Bestsellerowa;łatwe;Jaka brytyjska pisarka, nazywana Królową Kryminału, powołała do życia genialnego, belgijskiego detektywa Herkulesa Poirota?;Agatha Christie;Arthur Conan Doyle;Jane Austen;J.K. Rowling
Rozrywka i Popkultura;Książki i Literatura Bestsellerowa;łatwe;Jaki polski pisarz fantasy zyskał światową i potężną sławę jako ojciec kultowej sagi o przygodach Geralta z Rivii?;Andrzej Sapkowski;Stanisław Lem;Jacek Dukaj;Remigiusz Mróz
Rozrywka i Popkultura;Książki i Literatura Bestsellerowa;łatwe;Kto napisał piękną, filozoficzną powieść dla dzieci i dorosłych 'Mały Książę', w której chłopiec spotyka m.in. Lisa i Różę?;Antoine de Saint-Exupéry;Hans Christian Andersen;Astrid Lindgren;Lewis Carroll
Rozrywka i Popkultura;Książki i Literatura Bestsellerowa;łatwe;Kto napisał serię siedmiu powieści o młodym czarodzieju, Harrym Potterze, uczącym się w Hogwarcie?;J.K. Rowling;Stephen King;Suzanne Collins;George R.R. Martin
Rozrywka i Popkultura;Książki i Literatura Bestsellerowa;łatwe;Kto od wielu, bardzo wielu lat każe czytelnikom czekać na zakończenie serii 'Pieśń Lodu i Ognia' (Gry o Tron)?;George R.R. Martin;J.R.R. Tolkien;Neil Gaiman;Terry Pratchett
Rozrywka i Popkultura;Książki i Literatura Bestsellerowa;łatwe;Który amerykański autor to niekwestionowany 'Król Grozy', odpowiedzialny za książki takie jak 'To', 'Lśnienie' i 'Zielona Mila'?;Stephen King;H.P. Lovecraft;Edgar Allan Poe;Dean Koontz
Rozrywka i Popkultura;Kultowe Seriale TV;trudne;Jak nazywa się fikcyjne miasto w stanie New Jersey, w którym toczy się akcja serialu "Rodzina Soprano"?;Newark;Jersey City;Trenton;Paterson
Rozrywka i Popkultura;Kultowe Seriale TV;trudne;Jak nazywał się statek kosmiczny załogi kapitana Malcolma Reynoldsa w serialu science-fiction 'Firefly' Josse Whedona?;Serenity;Normandy;Nostromo;Discovery
Rozrywka i Popkultura;Kultowe Seriale TV;trudne;W jakiego cynicznego, ale genialnego lekarza diagnostę wcielał się brytyjski aktor Hugh Laurie?;W doktora House'a;W Johna Doriana;W Dereka Shepherda;W Douga Rossa
Rozrywka i Popkultura;Kultowe Seriale TV;trudne;W jakim amerykańskim mieście dzieje się akcja kultowego serialu kryminalnego "Prawo Ulicy" (The Wire)?;W Baltimore;W Nowym Jorku;W Chicago;W Los Angeles
Rozrywka i Popkultura;Kultowe Seriale TV;trudne;W jakim kultowym serialu Davida Lyncha agent FBI Dale Cooper prowadzi śledztwo w sprawie morderstwa Laury Palmer?;Miasteczko Twin Peaks;Z archiwum X;Lost;Mindhunter
Rozrywka i Popkultura;Kultowe Seriale TV;trudne;W jakim serialu HBO grupa nastolatków zmaga się z problemami dorastania, uzależnieniami i tożsamością, a w roli głównej występuje Zendaya?;Euphoria;Skins;Gossip Girl;Riverdale
Rozrywka i Popkultura;Kultowe Seriale TV;łatwe;Jaki genialny chemik, po diagnozie raka, w głośnym serialu 'Breaking Bad' postanawia produkować doskonałą, niebieską metamfetaminę?;Walter White (Heisenberg);Jesse Pinkman;Hank Schrader;Saul Goodman
Rozrywka i Popkultura;Kultowe Seriale TV;łatwe;O co toczyła się główna, polityczna i bardzo krwawa walka potężnych rodów z Westeros w monumentalnym serialu 'Gra o Tron'?;O władzę i zasiadanie na Żelaznym Tronie;O posiadanie wszystkich żyjących smoków;O wielkie zasoby złota u Lannisterów;O możliwość ucieczki na inny kontynent
Rozrywka i Popkultura;Kultowe Seriale TV;łatwe;O pracy jakiego specyficznego, papierowego przedsiębiorstwa z ekscentrycznym szefem Michaelem Scottem opowiadał hitowy serial komediowy (tzw. mockument)?;The Office (Biuro);Parks and Recreation;Korporacja;Technicy-magicy (IT Crowd)
Rozrywka i Popkultura;Kultowe Seriale TV;łatwe;W jakim dziwnym amerykańskim miasteczku, atakowanym przez demony z 'Drugiej Strony', rozgrywa się w latach 80. popularna akcja 'Stranger Things'?;W Hawkins;W Riverdale;W Twin Peaks;W Derry
Rozrywka i Popkultura;Kultowe Seriale TV;łatwe;W jakim sitcomie paczka szóstki nowojorskich przyjaciół uwielbia spędzać czas w kawiarni Central Perk?;Przyjaciele;Jak poznałem waszą matkę;Teoria wielkiego podrywu;Biuro
Rozrywka i Popkultura;Kultowe Seriale TV;łatwe;W jakim znanym nowojorskim sitcomie z lat 90. szóstka tytułowych i nierozłącznych znajomych spędzała długie godziny w kawiarni Central Perk?;Przyjaciele (Friends);Jak poznałem waszą matkę;Teoria wielkiego podrywu;Seinfeld
Rozrywka i Popkultura;Nagrody i Gale;trudne;Jak nazywa się statuetka przyznawana podczas Międzynarodowego Festiwalu Filmowego w Berlinie (Berlinale)?;Złoty Niedźwiedź;Złota Palma;Złoty Lew;Złoty Glob
Rozrywka i Popkultura;Nagrody i Gale;trudne;Jaką nazwę nosi francuski odpowiednik Oscara, czyli najważniejsza nagroda filmowa przyznawana od 1976 roku?;Cezar;Molière;Lumière;Bafta
Rozrywka i Popkultura;Nagrody i Gale;trudne;Jaką nazwę noszą amerykańskie nagrody przyznawane corocznie za największe osiągnięcia w branży telewizyjnej?;Emmy;Tony;Złota Malina;Hugo
Rozrywka i Popkultura;Nagrody i Gale;trudne;Która gala wręczenia nagród uchodzi za najważniejsze wydarzenie w branży teatru i musicali na Broadwayu?;Nagrody Tony;Nagrody Emmy;Nagrody Grammy;Nagrody Hugo
Rozrywka i Popkultura;Nagrody i Gale;trudne;Która prestiżowa nagroda honoruje wybitne osiągnięcia wyłącznie w branży muzycznej?;Grammy;Emmy;Tony;MTV Video Music Awards
Rozrywka i Popkultura;Nagrody i Gale;trudne;Który film zdobył Oscara dla najlepszego filmu podczas ceremonii rozdania nagród w roku 1995 (za filmy z roku 1994)?;Forrest Gump;Pulp Fiction;Skazani na Shawshank;Quiz Show
Rozrywka i Popkultura;Nagrody i Gale;łatwe;Jak nazywają się najbardziej prestiżowe nagrody filmowe wręczane corocznie w Los Angeles w USA?;Oscary;Złote Globy;Grammy;Emmy
Rozrywka i Popkultura;Nagrody i Gale;łatwe;Jak powszechnie i nieoficjalnie nazywa się nagrodę Amerykańskiej Akademii Wiedzy i Sztuki Filmowej, wręczaną zwycięzcom w postaci wielkiej, pozłacanej, złotej i lśniącej rycerskiej statuetki?;Oscar;Złoty Glob;Złota Palma;Emmy
Rozrywka i Popkultura;Nagrody i Gale;łatwe;Jaka nagroda o kształcie starego gramofonu to bezsprzecznie najbardziej pożądane, potężne na świecie i amerykańskie, najważniejsze wyróżnienie dla artystów i całego dużego przemysłu w wielkiej muzyce?;Grammy;MTV Video Music Award;Brit Award;Billboard Music Award
Rozrywka i Popkultura;Nagrody i Gale;łatwe;Jaka popularna w USA i na świecie, wręczana podczas uroczystej wielkiej gali telewizyjnej od lat potężna nagroda bywa określana po prostu absolutnie i wprost najważniejszym 'Telewizyjnym Oscarem' za świetne seriale?;Nagroda Emmy;Złoty Glob;Nagroda Tony;Saturn
Rozrywka i Popkultura;Nagrody i Gale;łatwe;Jaką anty-nagrodę owocową co roku z uśmiechem (dzień przed Oscarami) w USA bardzo uroczyście, ale negatywnie wręcza się we wręcz złośliwy dla najgorszych twórców sposób za najgorsze filmy w kinie w całym ubiegłym i danym roku?;Złote Maliny (Razzies);Srebrne Cytryny;Zgniłe Pomidory;Drewniane Żołędzie
Rozrywka i Popkultura;Nagrody i Gale;łatwe;W jakim znanym i pięknym mieście we Francji, co roku uroczyście na Lazurowym Wybrzeżu, wręcza się podczas potężnego europejskiego festiwalu filmowego bardzo ważną nagrodę - Złotą Palmę?;W Cannes;W Paryżu;W Wenecji;W Berlinie
Rozrywka i Popkultura;Słynne Memy i Internet;trudne;Jak brzmiło prawdziwe imię i nazwisko autora oryginalnego rysunku 'Trollface', który stał się jednym z pierwszych wirusowych memów internetowych?;Carlos Ramirez (pseud. Whynne);Matt Furie;Christopher Poole;Ben Lashes
Rozrywka i Popkultura;Słynne Memy i Internet;trudne;Jak miał na imię kot, którego ciągle naburmuszona twarz stała się globalnym memem "Grumpy Cat"?;Tardar Sauce;Garfield;Salem;Tom
Rozrywka i Popkultura;Słynne Memy i Internet;trudne;Jak nazywa się postać z komiksu "Boy's Club", której smutna twarz (Pepe the Frog) stała się jednym z najbardziej rozpoznawalnych memów?;Pepe;Wojak;Doggo;Chad
Rozrywka i Popkultura;Słynne Memy i Internet;trudne;Jak nazywa się system, który wykrywa próby oszustw w internecie, prosząc użytkownika o zaznaczenie obrazków z przejściami dla pieszych lub autobusami?;CAPTCHA;Firewall;Antywirus;VPN
Rozrywka i Popkultura;Słynne Memy i Internet;trudne;Jaka kryptowaluta (oparta na wizerunku psa rasy Shiba Inu) powstała jako żart, a stała się jednym z najpopularniejszych aktywów cyfrowych?;Dogecoin;Bitcoin;Ethereum;Litecoin
Rozrywka i Popkultura;Słynne Memy i Internet;trudne;Z jakiego kraju wywodzi się oryginalny twórca popularnej na całym świecie gry "Minecraft", Markus Persson (Notch)?;Ze Szwecji;Z USA;Z Japonii;Z Kanady
Rozrywka i Popkultura;Słynne Memy i Internet;łatwe;Jak nazywa się najpopularniejsza na świecie platforma z krótkimi, pionowymi filmami wideo?;TikTok;YouTube;Twitch;Facebook
Rozrywka i Popkultura;Słynne Memy i Internet;łatwe;Jak powszechnie określa się internetowy i niesamowicie szybko rozprzestrzeniający się trend wirusowy lub krótki żart obrazkowy masowo przesyłany dalej, ewoluujący i śmieszny z założenia?;Mem;Gif;Spam;Blog
Rozrywka i Popkultura;Słynne Memy i Internet;łatwe;Jak zwała się sympatyczna rasa japońskiego i bardzo znanego we wczesnych latach sieci pieska (Shiba Inu), na którego zabawnym pysku z błędem językowym zbudowano mema 'Doge' (Pieseł)?;Pieseł (Doge);Kot (Grumpy Cat);Nyan Cat;Żaba Pepe
Rozrywka i Popkultura;Słynne Memy i Internet;łatwe;Jaka animowana na rysunkach smutna i uśmiechnięta na przemian żaba z komiksów Matta Furiego stała się, początkowo przypadkowo ogromnym symbolem i memem w świecie internetowym?;Żaba Pepe;Kermit;Żaba Crazy Frog;Smutny Żółw
Rozrywka i Popkultura;Słynne Memy i Internet;łatwe;Jaki kultowy stary wideoklip Ricka Astleya 'Never Gonna Give You Up' służy i robił za przynętę w bardzo popularnym, trollującym zjawisku fałszywych linków ukrytych na wielu forach w internecie?;Rickroll;Trollface;Clickbait;Harlem Shake
Rozrywka i Popkultura;Słynne Memy i Internet;łatwe;Jaki starszy pan o imieniu András Arató z Węgier zasłynął całkowicie potężnie z pozowania do zwykłych zdjęć z baz stockowych z widocznym niesamowicie wymuszonym uśmiechem na bólu?;Dziadek Harold (Hide the Pain Harold);Zły Wujek (Bad Luck Brian);Dziki Bill;Wąsaty Janusz
Rozrywka i Popkultura;Słynni Reżyserzy;trudne;Jaki brytyjski reżyser zyskał miano absolutnego "Mistrza suspensu" dzięki dreszczowcom takim jak "Psychoza" czy "Ptaki"?;Alfred Hitchcock;Stanley Kubrick;Orson Welles;Roman Polański
Rozrywka i Popkultura;Słynni Reżyserzy;trudne;Jaki reżyser jest twórcą filmów "Incepcja", "Interstellar" oraz filmowej trylogii o Mrocznym Rycerzu?;Christopher Nolan;David Fincher;Ridley Scott;Zack Snyder
Rozrywka i Popkultura;Słynni Reżyserzy;trudne;Jaki reżyser, znany jako "król katastrof", nakręcił filmy takie jak "Dzień Niepodległości", "Pojutrze" oraz "2012"?;Roland Emmerich;Michael Bay;James Wan;M. Night Shyamalan
Rozrywka i Popkultura;Słynni Reżyserzy;trudne;Kto wyreżyserował wizjonerskie widowisko "Avatar", które przez lata dzierżyło tytuł najbardziej dochodowego filmu w historii kina?;James Cameron;George Lucas;Ridley Scott;Peter Jackson
Rozrywka i Popkultura;Słynni Reżyserzy;trudne;Który reżyser jest znany z krwawych i pełnych popkulturowych nawiązań filmów takich jak "Pulp Fiction" czy "Kill Bill"?;Quentin Tarantino;Martin Scorsese;Francis Ford Coppola;David Fincher
Rozrywka i Popkultura;Słynni Reżyserzy;trudne;W którym roku Stanley Kubrick nakręcił przełomowy film science-fiction '2001: Odyseja kosmiczna'?;1968;1972;1965;1971
Rozrywka i Popkultura;Słynni Reżyserzy;łatwe;Jak nazywa się twórca niesamowicie zawiłych fabularnie widowisk takich jak 'Incepcja', 'Interstellar' czy 'Mroczny Rycerz'?;Christopher Nolan;James Cameron;Ridley Scott;Denis Villeneuve
Rozrywka i Popkultura;Słynni Reżyserzy;łatwe;Jaki amerykański gigant kina zrealizował 'Taksówkarza', 'Chłopców z ferajny' oraz 'Wilka z Wall Street'?;Martin Scorsese;Clint Eastwood;Oliver Stone;Brian De Palma
Rozrywka i Popkultura;Słynni Reżyserzy;łatwe;Kto do dziś nosi w kinie dumne miano 'Mistrza Suspensu' i zrealizował dreszczowce takie jak 'Psychoza' czy 'Ptaki'?;Alfred Hitchcock;Stanley Kubrick;Steven Spielberg;Roman Polański
Rozrywka i Popkultura;Słynni Reżyserzy;łatwe;Kto wyreżyserował przeboje kinowe takie jak "Park Jurajski", "Szczęki" oraz "E.T."?;Steven Spielberg;James Cameron;Quentin Tarantino;Martin Scorsese
Rozrywka i Popkultura;Słynni Reżyserzy;łatwe;Który genialny, ale ekscentryczny reżyser stworzył m.in. 'Lśnienie' i monumentalną '2001: Odyseję kosmiczną'?;Stanley Kubrick;George Lucas;David Lynch;Tim Burton
Rozrywka i Popkultura;Słynni Reżyserzy;łatwe;Który uznany reżyser uwielbia drastyczną przemoc, szybkie dialogi i nakręcił takie hity jak 'Pulp Fiction' i 'Django'?;Quentin Tarantino;Martin Scorsese;Francis Ford Coppola;Wes Anderson
Rozrywka i Popkultura;Uniwersum DC;trudne;Jak brzmi rzadko używane w komiksach nazwisko psychopatycznego arcywroga Batmana, Jokera, np. z filmu Tima Burtona?;Jack Napier;Arthur Fleck;Jeremiah Valeska;Joe Chill
Rozrywka i Popkultura;Uniwersum DC;trudne;Jak nazywa się jedyna broń, która jest w stanie fizycznie osłabić i zranić Supermana, pochodząca z jego rodzinnej planety?;Kryptonit;Prometium;Vibranium;Adamantium
Rozrywka i Popkultura;Uniwersum DC;trudne;Jak nazywa się tajna wyspa zamieszkana wyłącznie przez Amazonki, z której pochodzi Wonder Woman (Diana Prince)?;Themyscira;Atlantyda;Oa;Apokolips
Rozrywka i Popkultura;Uniwersum DC;trudne;Jaki złoczyńca (i były prokurator okręgowy) w komiksach o Batmanie podejmuje decyzje o losie swoich ofiar za pomocą rzutu monetą?;Dwie Twarze (Two-Face);Pingwin;Zagadka (Riddler);Bane
Rozrywka i Popkultura;Uniwersum DC;trudne;W którym numerze komiksu DC po raz pierwszy pojawił się Joker jako antagonista Batmana?;Batman #1 (1940);Detective Comics #27 (1939);Batman #11 (1942);Action Comics #1 (1938)
Rozrywka i Popkultura;Uniwersum DC;trudne;Z jakiej wymarłej i zniszczonej planety przyleciał na Ziemię Kal-El, znany powszechnie jako Superman?;Z Kryptona;Z Marsa;Z Asgardu;Z Oa
Rozrywka i Popkultura;Uniwersum DC;łatwe;Jaki bohater po wielkiej stracie rodziców na własną rękę broni mrocznego miasta Gotham przed kryminalistami, samemu nie mając nadludzkich mocy tylko mnóstwo gadżetów?;Batman;Flash;Green Arrow;Aquaman
Rozrywka i Popkultura;Uniwersum DC;łatwe;Jaki psychopatyczny złoczyńca o przerażającym i często klaunim, umalowanym uśmiechu na twarzy jest bezwzględnie najbardziej rozpoznawalnym, wiecznym wrogiem Batmana?;Joker;Lex Luthor;Dwie Twarze (Two-Face);Człowiek Zagadka
Rozrywka i Popkultura;Uniwersum DC;łatwe;Jaki zielonkawy, radioaktywny kamień stanowiący osłabiający odłamek nieistniejącej zniszczonej ojczyzny Kal-Ela, potrafił osłabić potężnego do bólu Supermana?;Kryptonit;Adamantium;Vibranium;Tesserakt
Rozrywka i Popkultura;Uniwersum DC;łatwe;Kto ukrywa się w codziennym i dziennikarskim życiu pod maską z czerwoną peleryną wielkiego i przybyłego statkiem z innej i obcej planety Supermana?;Clark Kent;Bruce Wayne;Barry Allen;Arthur Curry
Rozrywka i Popkultura;Uniwersum DC;łatwe;Kto w komiksach DC jest mrocznym strażnikiem Gotham City, znanym jako Człowiek-Nietoperz?;Batman;Superman;Flash;Aquaman
Rozrywka i Popkultura;Uniwersum DC;łatwe;Która wielka zjednoczona liga połączyła siły komiksowych bohaterów od DC Comics (takich jak Wonder Woman, Batman, Superman czy zwinny Flash) by bronić Ziemi?;Liga Sprawiedliwości (Justice League);Avengers;Legion Samobójców (Suicide Squad);X-Men
Rozrywka i Popkultura;Władca Pierścieni;trudne;Jak ma na imię elficki łucznik, członek Drużyny Pierścienia, który wsławił się niezwykłą zwinnością i przyjaźnią z krasnoludem Gimlim?;Legolas;Thranduil;Elrond;Haldir
Rozrywka i Popkultura;Władca Pierścieni;trudne;Jak nazywa się elfickie królestwo w 'Władcy Pierścieni', rządzone przez Celeborna i Galadriellę, przez które przechodzi Drużyna Pierścienia?;Lothlórien;Rivendell;Mirkwood;Lindon
Rozrywka i Popkultura;Władca Pierścieni;trudne;Jak nazywał się starożytny, demoniczny potwór z bicza i ognia, z którym Gandalf walczył w kopalniach Morii?;Balrog;Smaug;Nazgûl;Sheloba
Rozrywka i Popkultura;Władca Pierścieni;trudne;Jaką nazwę nosi potężny miecz Gandalfa, odnaleziony w jaskini trolli, który w ciemnościach świecił na niebiesko?;Glamdring;Andúril;Żądło;Orcrist
Rozrywka i Popkultura;Władca Pierścieni;trudne;Kto jest prawowitym królem Gondoru, znanym początkowo jako Obieżyświat, który powrócił na tron po pokonaniu Saurona?;Aragorn;Boromir;Isildur;Denethor
Rozrywka i Popkultura;Władca Pierścieni;trudne;W jakiej mrocznej krainie, rządzonej przez Saurona, znajdowała się niszczycielska Góra Przeznaczenia?;W Mordorze;W Gondorze;W Rohanie;W Shire
Rozrywka i Popkultura;Władca Pierścieni;łatwe;Gdzie fizycznie hobbit Frodo Baggins musiał dotrzeć, by ostatecznie zniszczyć Jedyny Pierścień?;Do Góry Przeznaczenia w Mordorze;Do Samotnej Góry;Do Minas Tirith;Do Shire
Rozrywka i Popkultura;Władca Pierścieni;łatwe;Jak miał na imię mądry i potężny czarodziej z długą brodą, przewodnik Drużyny Pierścienia?;Gandalf;Saruman;Radagast;Dumbledore
Rozrywka i Popkultura;Władca Pierścieni;łatwe;Jaka żałosna i zepsuta przez magię pierścienia istota ciągle podążała za hobbitem, nazywając pierścień 'swoim ssskarbem'?;Gollum (Smeagol);Uruk-hai;Balrog;Nazgul
Rozrywka i Popkultura;Władca Pierścieni;łatwe;Kto jest autorem fantastycznego świata Śródziemia i epickiej powieści 'Władca Pierścieni'?;J.R.R. Tolkien;C.S. Lewis;George R.R. Martin;Terry Pratchett
Rozrywka i Popkultura;Władca Pierścieni;łatwe;Kto w książkach Tolkiena podjął się niezwykle trudnej misji zniszczenia Jedynego Pierścienia?;Frodo Baggins;Aragorn;Legolas;Gandalf
Rozrywka i Popkultura;Władca Pierścieni;łatwe;Który zwinny książę Leśnych Elfów o blond włosach i sokolim wzroku strzelał bezbłędnie z łuku?;Legolas;Elrond;Thranduil;Gimli
Rozrywka i Popkultura;Świat Harry'ego Pottera;trudne;Jak nazywa się skrzat domowy rodziny Malfoyów, któremu Harry Potter pomógł odzyskać wolność, podrzucając mu skarpetkę?;Zgredek;Stworek;Mrugotka;Hokej
Rozrywka i Popkultura;Świat Harry'ego Pottera;trudne;Jak nazywała się postać, która przed śmiercią i zostaniem duchem Łazienki Jęczącej Marty, była uczennicą Ravenclawu?;Myrtle Warren;Helena Ravenclaw;Penelopa Clearwater;Cho Chang
Rozrywka i Popkultura;Świat Harry'ego Pottera;trudne;Jaki przedmiot magiczny decydował o przydziale nowych uczniów do poszczególnych domów w Hogwarcie?;Tiara Przydziału;Czara Ognia;Zmieniacz Czasu;Zwierciadło Ain Eingarp
Rozrywka i Popkultura;Świat Harry'ego Pottera;trudne;Jaki przedmiot magiczny służył do przechowywania i przeglądania wspomnień, a znajdował się w gabinecie Albusa Dumbledore'a?;Myślodsiewnia;Zmieniacz Czasu;Zwierciadło Ain Eingarp;Czara Ognia
Rozrywka i Popkultura;Świat Harry'ego Pottera;trudne;Jakie zwierzę jest Patronusem Hermiony Granger w magicznym świecie Harry'ego Pottera?;Wydra;Łasica;Kot;Zając
Rozrywka i Popkultura;Świat Harry'ego Pottera;trudne;Którego magicznego przedmiotu szkolnego nauczał przez pierwsze lata surowy profesor Severus Snape?;Eliksirów;Obrony przed czarną magią;Transmutacji;Zielarstwa
Rozrywka i Popkultura;Świat Harry'ego Pottera;łatwe;Jak miał na imię główny i najpotężniejszy, pozbawiony nosa czarnoksiężnik (Sami-Wiecie-Kto), z którym walczył Harry?;Lord Voldemort;Gellert Grindelwald;Lucjusz Malfoy;Severus Snape
Rozrywka i Popkultura;Świat Harry'ego Pottera;łatwe;Jak miał na imię wierny i uroczy, wyzwolony za pomocą małej skarpetki skrzat domowy z wielkimi uszami?;Zgredek (Dobby);Stworek;Mrużka;Krzywołap
Rozrywka i Popkultura;Świat Harry'ego Pottera;łatwe;Jak nazywa się ogromny, brodaty gajowy i strażnik kluczy z magicznej szkoły w Hogwarcie?;Rubeus Hagrid;Albus Dumbledore;Severus Snape;Syriusz Black
Rozrywka i Popkultura;Świat Harry'ego Pottera;łatwe;Jak nazywała się słynna, magiczna brytyjska szkoła ukryta w zamku, do której uczęszczał nastoletni Harry Potter?;Hogwart;Durmstrang;Beauxbatons;Ilvermorny
Rozrywka i Popkultura;Świat Harry'ego Pottera;łatwe;Jaki magiczny, niesamowicie szybki sport, rozgrywany wysoko w powietrzu na latających miotłach, uwielbiali czarodzieje?;Quidditch;Siatkówka bagienna;Szachy czarodziejów;Polo na hipogryfach
Rozrywka i Popkultura;Świat Harry'ego Pottera;łatwe;Kto napisał całą genialną i bestsellerową, wielotomową serię powieści o przygodach Harry'ego Pottera?;J.K. Rowling;Stephen King;J.R.R. Tolkien;George R.R. Martin
Rozrywka i Popkultura;Anime i Manga;łatwe;Jak nazywa się japoński styl animacji, charakteryzujący się dużymi oczami postaci i różnorodną tematyką?;Anime;Manga;Kawaii;Chibi
Rozrywka i Popkultura;Anime i Manga;trudne;Jak nazywa się popularne anime o chłopcu polującym na demony po tym, jak jego rodzina padła ich ofiarą, autorstwa Koyoharu Gotouge?;Demon Slayer;Naruto;Attack on Titan;One Piece
Rozrywka i Popkultura;Anime i Manga;trudne;Jak nazywa się jedno z najdłużej emitowanych anime, o piracie Monkey D. Luffym poszukującym legendarnego skarbu?;One Piece;Naruto;Dragon Ball;Bleach
Rozrywka i Popkultura;Anime i Manga;bardzo trudne;Jak nazywa się japońskie studio animacji założone przez Hayao Miyazakiego, twórcę filmu "Spirited Away"?;Studio Ghibli;Toei Animation;Madhouse;Production I.G
Rozrywka i Popkultura;Anime i Manga;bardzo trudne;Jak nazywa się technika animacji polegająca na zmniejszeniu liczby klatek na sekundę dla oszczędności czasu i kosztów, powszechna w japońskiej animacji telewizyjnej?;Limited animation;Rotoskopia;Stop-motion;Cel animation
Rozrywka i Popkultura;Festiwale Muzyczne;łatwe;Jak nazywa się słynny amerykański festiwal muzyczny z 1969 roku, symbol kontrkultury lat 60.?;Woodstock;Coachella;Glastonbury;Monterey Pop Festival
Rozrywka i Popkultura;Festiwale Muzyczne;trudne;Jak nazywa się największy i najstarszy brytyjski festiwal muzyczny, odbywający się od 1970 roku na farmie w hrabstwie Somerset?;Glastonbury Festival;Reading Festival;Isle of Wight Festival;Download Festival
Rozrywka i Popkultura;Festiwale Muzyczne;trudne;Jak nazywa się polski festiwal muzyczny organizowany przez Jurka Owsiaka od 1995 roku, powiązany z WOŚP?;Przystanek Woodstock;Open'er Festival;Off Festival;Męskie Granie
Rozrywka i Popkultura;Festiwale Muzyczne;bardzo trudne;Jak nazywa się festiwal muzyki elektronicznej w Belgii, jeden z największych na świecie, znany ze spektakularnej scenografii?;Tomorrowland;Ultra Music Festival;Electric Daisy Carnival;Coachella
Rozrywka i Popkultura;Festiwale Muzyczne;bardzo trudne;W którym roku odbyła się pierwsza edycja festiwalu Woodstock w USA?;1969;1967;1970;1972
Rozrywka i Popkultura;Gry Planszowe i Karciane;łatwe;Jak nazywa się popularna gra planszowa, w której gracze budują imperia nieruchomości, kupując ulice i płacąc czynsz?;Monopoly;Chińczyk;Scrabble;Ryzyko
Rozrywka i Popkultura;Gry Planszowe i Karciane;trudne;Jak nazywa się strategiczna gra planszowa dla dwóch osób na szachownicy 8x8, jedna z najstarszych gier strategicznych świata?;Szachy;Warcaby;Go;Reversi
Rozrywka i Popkultura;Gry Planszowe i Karciane;trudne;Jak nazywa się popularna w Polsce gra karciana dla czterech graczy w dwóch parach, w której licytuje się liczbę lew?;Brydż;Skat;Tysiąc;Makao
Rozrywka i Popkultura;Gry Planszowe i Karciane;bardzo trudne;Jak nazywa się chińska/japońska gra strategiczna planszowa, uznawana za najstarszą wciąż rozgrywaną grę planszową świata, rozgrywana czarnymi i białymi kamieniami?;Go;Xiangqi;Mahjong;Shogi
Rozrywka i Popkultura;Gry Planszowe i Karciane;bardzo trudne;Jak nazywa się gra fabularna z 1974 roku, uznawana za pierwszą nowoczesną grę fabularną, autorstwa Gary'ego Gygaxa i Dave'a Arnesona?;Dungeons & Dragons;Warhammer;GURPS;Traveller
Rozrywka i Popkultura;Gwiazdy Muzyki Pop;łatwe;Jak nazywa się amerykańska piosenkarka, autorka albumów "1989" oraz "Folklore"?;Taylor Swift;Katy Perry;Ariana Grande;Selena Gomez
Rozrywka i Popkultura;Gwiazdy Muzyki Pop;trudne;Jak nazywa się brytyjski zespół chłopięcy popularny w latach 2010-2016, w składzie m.in. Harry Styles i Zayn Malik?;One Direction;Backstreet Boys;Take That;Westlife
Rozrywka i Popkultura;Gwiazdy Muzyki Pop;trudne;Jak nazywa się amerykańska piosenkarka, autorka przeboju "Bad Romance", znana z ekstrawaganckich strojów scenicznych?;Lady Gaga;Katy Perry;Rihanna;Christina Aguilera
Rozrywka i Popkultura;Gwiazdy Muzyki Pop;bardzo trudne;Jak brzmi prawdziwe nazwisko Lady Gagi przed przyjęciem pseudonimu artystycznego?;Stefani Joanne Angelina Germanotta;Stefani Joanne Grande;Stefani Joanne Ciccone;Stefani Joanne Carey
Rozrywka i Popkultura;Gwiazdy Muzyki Pop;bardzo trudne;Jak nazywa się debiutancki album Britney Spears z 1999 roku, który uczynił ją gwiazdą światowego popu?;...Baby One More Time;Oops!... I Did It Again;In the Zone;Blackout
Rozrywka i Popkultura;Gwiezdne Wojny;łatwe;Jak nazywa się główny złoczyńca oryginalnej trylogii "Gwiezdnych wojen", ojciec Luke'a Skywalkera?;Darth Vader;Palpatine;Boba Fett;Dooku
Rozrywka i Popkultura;Gwiezdne Wojny;trudne;Jak nazywa się broń świetlna używana przez rycerzy Jedi i Sithów w uniwersum Gwiezdnych Wojen?;Miecz świetlny;Blaster;Lightwhip;Vibroblade
Rozrywka i Popkultura;Gwiezdne Wojny;trudne;Kto wyreżyserował oryginalny film "Gwiezdne wojny" z 1977 roku i stworzył całe uniwersum?;George Lucas;Steven Spielberg;J.J. Abrams;Irvin Kershner
Rozrywka i Popkultura;Gwiezdne Wojny;bardzo trudne;Jak nazywa się planeta rodzinna Luke'a Skywalkera, pustynny świat z dwoma słońcami?;Tatooine;Naboo;Dagobah;Endor
Rozrywka i Popkultura;Gwiezdne Wojny;bardzo trudne;Jak nazywa się język, w którym mówi Chewbacca i inni Wookiee w uniwersum Gwiezdnych Wojen?;Shyriiwook;Huttese;Ewokese;Binary
Rozrywka i Popkultura;Klasyka Kina;łatwe;Jak nazywa się klasyczny film z 1942 roku z Humphreyem Bogartem i Ingrid Bergman, uznawany za jeden z najwybitniejszych w historii kina?;Casablanca;Przeminęło z wiatrem;Obywatel Kane;Na południe od Nieba
Rozrywka i Popkultura;Klasyka Kina;trudne;Kto wyreżyserował film "Obywatel Kane" z 1941 roku, uznawany przez wielu krytyków za najlepszy film w historii kina?;Orson Welles;Alfred Hitchcock;John Ford;Billy Wilder
Rozrywka i Popkultura;Klasyka Kina;trudne;Jak nazywa się klasyczny musical z 1952 roku z Gene Kellym, którego tytułowa scena to taniec w deszczu?;Deszczowa piosenka;Sound of Music;West Side Story;An American in Paris
Rozrywka i Popkultura;Klasyka Kina;bardzo trudne;Który film Alfreda Hitchcocka z 1958 roku, z Jamesem Stewartem i Kim Novak, jest często umieszczany na szczycie list najlepszych filmów wszech czasów?;Zawrót głowy;Psychoza;Okno na podwórze;Północ, północny zachód
Rozrywka i Popkultura;Klasyka Kina;bardzo trudne;Jak nazywa się technika filmowa łącząca ruch kamery do przodu ze zmianą ogniskowej obiektywu, tworząca efekt zawrotu głowy, użyta pierwszy raz w "Vertigo"?;Dolly zoom;Efekt Kuleszowa;Jump cut;Match cut
Rozrywka i Popkultura;Komiksy Marvela;łatwe;Jak nazywa się superbohater Marvela, miliarder Tony Stark, który buduje sobie zbroję?;Iron Man;Kapitan Ameryka;Thor;Hulk
Rozrywka i Popkultura;Komiksy Marvela;trudne;Jak nazywa się grupa superbohaterów Marvela, w skład której wchodzą m.in. Iron Man, Kapitan Ameryka i Thor?;Avengers;X-Men;Fantastyczna Czwórka;Strażnicy Galaktyki
Rozrywka i Popkultura;Komiksy Marvela;trudne;Jak nazywa się główny złoczyńca w filmie "Avengers: Wojna bez granic", dążący do zdobycia Kamieni Nieskończoności?;Thanos;Loki;Ultron;Red Skull
Rozrywka i Popkultura;Komiksy Marvela;bardzo trudne;Kto stworzył większość ikonicznych postaci Marvela, uznawany za współtwórcę uniwersum Marvela, zmarły w 2018 roku?;Stan Lee;Jack Kirby;Steve Ditko;Bob Kane
Rozrywka i Popkultura;Komiksy Marvela;bardzo trudne;Jak nazywa się pierwszy komiks Marvela, w którym pojawił się Spider-Man, wydany w 1962 roku?;Amazing Fantasy #15;Amazing Spider-Man #1;Fantastic Four #1;X-Men #1
Rozrywka i Popkultura;Kreskówki z Dzieciństwa;łatwe;Jak nazywa się kreskówka o żółtej gąbce mieszkającej w podwodnym mieście Bikini Bottom?;SpongeBob Kanciastoporty;Flądra;Rybki;Ocean Zone
Rozrywka i Popkultura;Kreskówki z Dzieciństwa;trudne;Jak nazywa się amerykańska kreskówka o kojocie próbującym złapać strusia pędziwiatra?;Wile E. Coyote i Struś Pędziwiatr;Tom i Jerry;Sylwester i Tweety;Scooby Doo
Rozrywka i Popkultura;Kreskówki z Dzieciństwa;trudne;Jak nazywa się japońska kreskówka o niebieskim robocie z kieszenią pełną gadżetów z przyszłości, pomagającym chłopcu Nobicie?;Doraemon;Pokemon;Astro Boy;Gundam
Rozrywka i Popkultura;Kreskówki z Dzieciństwa;bardzo trudne;Jak nazywał się pierwszy odcinek serialu animowanego "Kacper, przyjazny duch", wyemitowany w 1945 roku?;The Friendly Ghost;Casper's Spirited Adventure;Boo Moon;There's Good Boos Tonight
Rozrywka i Popkultura;Kreskówki z Dzieciństwa;bardzo trudne;Jak nazywa się studio odpowiedzialne za produkcję kreskówek "Tom i Jerry", założone przez Williama Hannę i Josepha Barberę?;Hanna-Barbera;Warner Bros. Cartoons;Walt Disney Animation;Fleischer Studios
Rozrywka i Popkultura;Książki i Literatura Bestsellerowa;łatwe;Kto jest autorką serii książek o młodym czarodzieju Harrym Potterze?;J.K. Rowling;J.R.R. Tolkien;Suzanne Collins;Rick Riordan
Rozrywka i Popkultura;Książki i Literatura Bestsellerowa;trudne;Kto jest autorem serii książek "Igrzyska śmierci"?;Suzanne Collins;Veronica Roth;J.K. Rowling;Stephenie Meyer
Rozrywka i Popkultura;Książki i Literatura Bestsellerowa;trudne;Kto jest autorką serii powieści o wampirach "Zmierzch"?;Stephenie Meyer;Suzanne Collins;Anne Rice;J.K. Rowling
Rozrywka i Popkultura;Książki i Literatura Bestsellerowa;bardzo trudne;Jak nazywa się pierwsza powieść z serii "Zmierzch", wydana w 2005 roku?;Zmierzch;Księżyc w nowiu;Zaćmienie;Przed świtem
Rozrywka i Popkultura;Książki i Literatura Bestsellerowa;bardzo trudne;Jak nazywa się pseudonim, pod którym J.K. Rowling wydała serię kryminałów o detektywie Cormoranie Strike'u?;Robert Galbraith;Richard Bachman;Anne Rice;Currer Bell
Rozrywka i Popkultura;Kultowe Seriale TV;łatwe;Jak nazywa się amerykański serial komediowy o grupie przyjaciół mieszkających w Nowym Jorku, emitowany w latach 1994-2004?;Przyjaciele;Seks w wielkim mieście;Jak poznałem waszą matkę;Teoria wielkiego podrywu
Rozrywka i Popkultura;Kultowe Seriale TV;trudne;Jak nazywa się serial o chemiku, który zaczyna produkować metamfetaminę, z Bryanem Cranstonem w roli głównej?;Breaking Bad;Narcos;The Wire;Ozark
Rozrywka i Popkultura;Kultowe Seriale TV;trudne;Jak nazywa się serial medyczny osadzony w szpitalu Seattle Grace, emitowany od 2005 roku?;Chirurdzy;Dr House;ER;Prywatna praktyka
Rozrywka i Popkultura;Kultowe Seriale TV;bardzo trudne;Jak nazywa się fikcyjne miasto, w którym rozgrywa się akcja serialu "Twin Peaks" Davida Lyncha?;Twin Peaks;Springfield;Sunnydale;Stars Hollow
Rozrywka i Popkultura;Kultowe Seriale TV;bardzo trudne;Kto stworzył serial "Seinfeld", uznawany za jeden z najbardziej wpływowych sitcomów w historii telewizji?;Larry David i Jerry Seinfeld;Chuck Lorre;Greg Daniels;Mike Schur
Rozrywka i Popkultura;Nagrody i Gale;łatwe;Jak nazywa się najważniejsza nagroda filmowa przyznawana corocznie w USA przez Amerykańską Akademię Filmową?;Oscar;Złoty Glob;Emmy;BAFTA
Rozrywka i Popkultura;Nagrody i Gale;trudne;Jak nazywa się nagroda przyznawana za osiągnięcia w telewizji amerykańskiej, odpowiednik Oscara dla seriali?;Emmy;Grammy;Tony;Złoty Glob
Rozrywka i Popkultura;Nagrody i Gale;trudne;Jak nazywa się nagroda muzyczna przyznawana corocznie w USA za najlepsze osiągnięcia w branży muzycznej?;Grammy;Emmy;Tony;MTV Video Music Awards
Rozrywka i Popkultura;Nagrody i Gale;bardzo trudne;Jak nazywa się nagroda przyznawana za osiągnięcia teatralne na Broadwayu, część tzw. "EGOT"?;Tony Award;Emmy;Grammy;Drama Desk Award
Rozrywka i Popkultura;Nagrody i Gale;bardzo trudne;Jak nazywa się akronim określający artystów, którzy zdobyli Emmy, Grammy, Oscara i Tony?;EGOT;PEGOT;GOAT;EGOTA
Rozrywka i Popkultura;Słynne Memy i Internet;łatwe;Jak nazywa się popularny format internetowy, zabawny obrazek z podpisem, szeroko udostępniany w sieci?;Mem;GIF;Post;Story
Rozrywka i Popkultura;Słynne Memy i Internet;trudne;Jak nazywa się słynny mem przedstawiający psa rasy Shiba Inu, który stał się też symbolem kryptowaluty Dogecoin?;Doge;Grumpy Cat;Pepe;Nyan Cat
Rozrywka i Popkultura;Słynne Memy i Internet;trudne;Jak nazywa się popularny mem przedstawiający zdjęcie kota o niezadowolonej minie, viralowy od 2012 roku?;Grumpy Cat;Doge;Nyan Cat;Success Kid
Rozrywka i Popkultura;Słynne Memy i Internet;bardzo trudne;Jak brzmiało prawdziwe imię kota znanego jako "Grumpy Cat"?;Tardar Sauce;Tardy Sauce;Nakoma;Colonel Meow
Rozrywka i Popkultura;Słynne Memy i Internet;bardzo trudne;Jak nazywa się internetowy mem przedstawiający rysunkową żabę, symbol wielu subkultur internetowych, stworzony przez Matta Furie?;Pepe the Frog;Doge;Wojak;Trollface
Rozrywka i Popkultura;Słynni Reżyserzy;łatwe;Kto wyreżyserował filmy "Szczęki", "E.T." i "Park Jurajski"?;Steven Spielberg;George Lucas;James Cameron;Ron Howard
Rozrywka i Popkultura;Słynni Reżyserzy;trudne;Kto wyreżyserował trylogię "Władca Pierścieni" i "Hobbit"?;Peter Jackson;Guillermo del Toro;James Cameron;Ridley Scott
Rozrywka i Popkultura;Słynni Reżyserzy;trudne;Kto jest reżyserem filmów "Incepcja", "Interstellar" i trylogii "Mroczny Rycerz"?;Christopher Nolan;Denis Villeneuve;David Fincher;Ridley Scott
Rozrywka i Popkultura;Słynni Reżyserzy;bardzo trudne;Kto wyreżyserował film "Rękopis znaleziony w Saragossie", uznawany za arcydzieło polskiego kina?;Wojciech Has;Andrzej Wajda;Andrzej Munk;Jerzy Kawalerowicz
Rozrywka i Popkultura;Słynni Reżyserzy;bardzo trudne;Jak nazywa się zbiorowy pseudonim reżyserski używany w Hollywood przez twórców chcących ukryć nazwisko przy nieudanych produkcjach?;Alan Smithee;Allen Smithee;John Doe;Directors Guild Anonymous
Rozrywka i Popkultura;Uniwersum DC;łatwe;Jak nazywa się superbohater DC, miliarder Bruce Wayne, walczący z przestępczością w Gotham City?;Batman;Superman;Flash;Green Lantern
Rozrywka i Popkultura;Uniwersum DC;trudne;Jak nazywa się planeta, z której pochodzi Superman, zniszczona tuż po jego urodzeniu?;Krypton;Oa;Apokolips;Themyscira
Rozrywka i Popkultura;Uniwersum DC;trudne;Jak nazywa się wyspa, z której pochodzi Wonder Woman, zamieszkana wyłącznie przez Amazonki?;Themyscira;Krypton;Oa;Atlantis
Rozrywka i Popkultura;Uniwersum DC;bardzo trudne;Jak nazywa się minerał osłabiający Supermana, pochodzący z jego zniszczonej planety rodzinnej?;Kryptonit;Adamantium;Wibranium;Nth Metal
Rozrywka i Popkultura;Uniwersum DC;bardzo trudne;Jak nazywa się organizacja superbohaterów DC, do której należy Hal Jordan, strzegąca porządku w kosmosie?;Korpus Zielonych Latarni;Liga Sprawiedliwości;Suicide Squad;Teen Titans
Rozrywka i Popkultura;Władca Pierścieni;łatwe;Kto jest autorem powieści "Władca Pierścieni", na podstawie której powstała trylogia filmowa Petera Jacksona?;J.R.R. Tolkien;C.S. Lewis;George R.R. Martin;Terry Pratchett
Rozrywka i Popkultura;Władca Pierścieni;trudne;Jak nazywa się główny bohater "Władcy Pierścieni", hobbit niosący Jedyny Pierścień do Mordoru?;Frodo Baggins;Bilbo Baggins;Samwise Gamgee;Peregrin Tuk
Rozrywka i Popkultura;Władca Pierścieni;trudne;Jak nazywa się fikcyjna kraina, w której rozgrywa się akcja "Władcy Pierścieni"?;Śródziemie;Narnia;Westeros;Krainy Czarów
Rozrywka i Popkultura;Władca Pierścieni;bardzo trudne;Jak nazywa się miecz Aragorna, przekuty na nowo z odłamków miecza Narsil, który niegdyś odciął palec Sauronowi?;Andúril;Glamdring;Sting;Orkrist
Rozrywka i Popkultura;Władca Pierścieni;bardzo trudne;Jak nazywa się język elficki stworzony przez Tolkiena, używany głównie przez elfy Noldorów, w tym Galadrielę?;Sindarin;Quenya;Khuzdul;Czarna Mowa
Rozrywka i Popkultura;Świat Harry'ego Pottera;łatwe;Jak nazywa się szkoła magii, do której uczęszcza Harry Potter?;Hogwart;Beauxbatons;Durmstrang;Ilvermorny
Rozrywka i Popkultura;Świat Harry'ego Pottera;trudne;Jak nazywa się dom w Hogwarcie, do którego trafia Harry Potter, znany z odwagi i szlachetności?;Gryffindor;Slytherin;Ravenclaw;Hufflepuff
Rozrywka i Popkultura;Świat Harry'ego Pottera;trudne;Jak nazywa się główny antagonista serii o Harrym Potterze, znany też jako "Ten, Którego Imienia Nie Wolno Wymawiać"?;Lord Voldemort;Severus Snape;Lucjusz Malfoy;Grindelwald
Rozrywka i Popkultura;Świat Harry'ego Pottera;bardzo trudne;Jak nazywa się magiczny przedmiot, w którym Voldemort ukrył fragment swojej duszy, by osiągnąć nieśmiertelność?;Horkruks;Eliksir Wielosokowy;Kamień Filozoficzny;Zwrotnik Czasu
Rozrywka i Popkultura;Świat Harry'ego Pottera;bardzo trudne;Jak brzmi pełne imię i nazwisko autorki Harry'ego Pottera, kryjącej się pod inicjałami J.K.?;Joanne Rowling;Joanne Kathleen Murray;Jessica Kate Rowling;Jo Kowalski
Rozrywka i Popkultura;Anime i Manga;łatwe;Jak nazywa się popularne anime o chłopcu, który chce zostać najlepszym trenerem pokemonów?;Pokémon;Naruto;Dragon Ball;One Piece
Rozrywka i Popkultura;Anime i Manga;trudne;Jak nazywa się słynne anime o chłopcu-ninja dążącym zostać przywódcą swojej wioski, Hokage?;Naruto;Bleach;One Piece;Dragon Ball
Rozrywka i Popkultura;Anime i Manga;trudne;Kto stworzył mangę "Death Note", opowieść o zeszycie zabijającym ludzi, jako autor scenariusza?;Tsugumi Ohba;Naoki Urasawa;Hajime Isayama;Eiichiro Oda
Rozrywka i Popkultura;Anime i Manga;bardzo trudne;Kto wyreżyserował film animowany "Spirited Away", laureat Oscara, współzałożyciel Studia Ghibli?;Hayao Miyazaki;Isao Takahata;Mamoru Hosoda;Makoto Shinkai
Rozrywka i Popkultura;Anime i Manga;bardzo trudne;Kto jest mangaką, autorem "Ataku Tytanów", serii o ludzkości walczącej z olbrzymimi humanoidami?;Hajime Isayama;Naoki Urasawa;Tsugumi Ohba;Kentaro Miura
Rozrywka i Popkultura;Festiwale Muzyczne;łatwe;Jak nazywa się polski festiwal muzyki alternatywnej w Katowicach, założony przez Artura Rojka?;Off Festival;Open'er Festival;Przystanek Woodstock;Orange Warsaw Festival
Rozrywka i Popkultura;Festiwale Muzyczne;trudne;Jak nazywa się festiwal muzyczny w Gdyni, jeden z największych w Polsce, znany z międzynarodowych gwiazd?;Open'er Festival;Off Festival;Przystanek Woodstock;Kraków Live Festival
Rozrywka i Popkultura;Festiwale Muzyczne;trudne;Jak nazywa się brytyjski festiwal muzyczny odbywający się na farmie w hrabstwie Somerset?;Glastonbury Festival;Reading Festival;Isle of Wight Festival;Download Festival
Rozrywka i Popkultura;Festiwale Muzyczne;bardzo trudne;Jak nazywa się festiwal na pustyni w Nevadzie, znany z połączenia muzyki i sztuki performatywnej, oraz spalenia drewnianej figury?;Burning Man;Coachella;Tomorrowland;Ultra Music Festival
Rozrywka i Popkultura;Festiwale Muzyczne;bardzo trudne;Jak nazywa się festiwal odbywający się corocznie w Austin w Teksasie, łączący muzykę, film i technologię?;South by Southwest;Coachella;Bonnaroo;Lollapalooza
Rozrywka i Popkultura;Gry Planszowe i Karciane;łatwe;Jak nazywa się gra karciana, w której gracze zbierają zestawy kart tego samego koloru lub numeru, popularna wśród dzieci?;Uno;Piotruś;Makao;Remik
Rozrywka i Popkultura;Gry Planszowe i Karciane;trudne;Jak nazywa się gra ekonomiczna, w której gracze budują osady i miasta, zdobywając surowce z heksagonalnych pól?;Osadnicy z Catanu;Monopoly;Ryzyko;Carcassonne
Rozrywka i Popkultura;Gry Planszowe i Karciane;trudne;Jak nazywa się gra planszowa, w której gracze układają płytki tworząc krajobraz miast, dróg i pól?;Carcassonne;Osadnicy z Catanu;Ticket to Ride;Dominion
Rozrywka i Popkultura;Gry Planszowe i Karciane;bardzo trudne;Jak nazywa się mechanika gier planszowych polegająca na budowaniu talii kart w trakcie rozgrywki, spopularyzowana przez grę "Dominion"?;Deck building;Worker placement;Area control;Tile placement
Rozrywka i Popkultura;Gry Planszowe i Karciane;bardzo trudne;Jak nazywa się starożytna indyjska gra strategiczna, uznawana za przodka szachów?;Chaturanga;Shatranj;Xiangqi;Shogi
Rozrywka i Popkultura;Gwiazdy Muzyki Pop;łatwe;Jak nazywa się amerykańska piosenkarka, autorka albumu "1989", znana z licznych zmian stylu muzycznego?;Taylor Swift;Katy Perry;Ariana Grande;Selena Gomez
Rozrywka i Popkultura;Gwiazdy Muzyki Pop;trudne;Jak nazywa się amerykańska piosenkarka i aktorka, gwiazda Disney Channel, autorka przeboju "Wrecking Ball"?;Miley Cyrus;Selena Gomez;Demi Lovato;Ariana Grande
Rozrywka i Popkultura;Gwiazdy Muzyki Pop;trudne;Jak nazywa się kanadyjski piosenkarz, odkryty na YouTube jako nastolatek, autor przeboju "Baby"?;Justin Bieber;Shawn Mendes;The Weeknd;Drake
Rozrywka i Popkultura;Gwiazdy Muzyki Pop;bardzo trudne;Jak brzmi prawdziwe imię i nazwisko piosenkarki znanej jako Lady Gaga?;Stefani Joanne Angelina Germanotta;Stefani Joanne Grande;Stefani Joanne Ciccone;Stefani Joanne Carey
Rozrywka i Popkultura;Gwiazdy Muzyki Pop;bardzo trudne;Jak nazywa się debiutancki singel solowy Beyoncé po odejściu z Destiny's Child, wydany w 2003 roku?;Crazy in Love;Baby Boy;Naughty Girl;Halo
Rozrywka i Popkultura;Gwiezdne Wojny;łatwe;Jak nazywa się mały, zielony, mądry mistrz Jedi z uniwersum Gwiezdnych Wojen?;Yoda;Obi-Wan Kenobi;Mace Windu;Qui-Gon Jinn
Rozrywka i Popkultura;Gwiezdne Wojny;trudne;Jak nazywa się statek kosmiczny Hana Solo, znany z rekordowego przelotu przez Kessel Run?;Sokół Millennium;Gwiazda Śmierci;Star Destroyer;X-wing
Rozrywka i Popkultura;Gwiezdne Wojny;trudne;Jak nazywa się organizacja rycerzy strzegących pokoju w galaktyce w uniwersum Gwiezdnych Wojen?;Zakon Jedi;Sithowie;Imperium;Rebelianci
Rozrywka i Popkultura;Gwiezdne Wojny;bardzo trudne;Jak nazywa się planeta rodzinna Chewbacki i innych Wookiee?;Kaszyk;Endor;Naboo;Dagobah
Rozrywka i Popkultura;Gwiezdne Wojny;bardzo trudne;Jak nazywa się aktor, który zagrał Dartha Vadera fizycznie w kostiumie w oryginalnej trylogii, podczas gdy głosu użyczył James Earl Jones?;David Prowse;Sebastian Shaw;Jake Lloyd;Hayden Christensen
Rozrywka i Popkultura;Klasyka Kina;łatwe;Jak nazywa się klasyczny film z 1939 roku o wojnie secesyjnej, jeden z najbardziej dochodowych filmów w historii?;Przeminęło z wiatrem;Casablanca;Obywatel Kane;Na południe od Nieba
Rozrywka i Popkultura;Klasyka Kina;trudne;Kto zagrał Scarlett O'Harę w filmie "Przeminęło z wiatrem"?;Vivien Leigh;Ingrid Bergman;Bette Davis;Katharine Hepburn
Rozrywka i Popkultura;Klasyka Kina;trudne;Jak nazywa się klasyczny western z 1952 roku z Garym Cooperem, rozgrywający się niemal w czasie rzeczywistym?;W samo południe;Dyliżans;Rio Bravo;Siedmiu wspaniałych
Rozrywka i Popkultura;Klasyka Kina;bardzo trudne;Kto wyreżyserował "Dwunastu gniewnych ludzi" z 1957 roku, dramat sądowy rozgrywający się niemal w jednym pomieszczeniu?;Sidney Lumet;Billy Wilder;Elia Kazan;Otto Preminger
Rozrywka i Popkultura;Klasyka Kina;bardzo trudne;Jak nazywa się pierwszy film, który zdobył Oscara dla najlepszego filmu, nagrodzony w 1929 roku?;Skrzydła;Sunrise;The Broadway Melody;All Quiet on the Western Front
Rozrywka i Popkultura;Komiksy Marvela;łatwe;Jak nazywa się drużyna superbohaterów Marvela, w skład której wchodzą m.in. Wolverine, Cyclops i Professor X?;X-Men;Avengers;Fantastic Four;Guardians of the Galaxy
Rozrywka i Popkultura;Komiksy Marvela;trudne;Jak nazywa się superbohater Marvela, naukowiec zmieniający się w ogromnego, zielonego potwora pod wpływem gniewu?;Hulk;Iron Man;Thor;Kapitan Ameryka
Rozrywka i Popkultura;Komiksy Marvela;trudne;Jak nazywa się grupa złoczyńców z komiksów Marvela, głównie wrogów Spider-Mana, np. Green Goblin i Doctor Octopus?;Sinister Six;Brotherhood of Mutants;Masters of Evil;Hydra
Rozrywka i Popkultura;Komiksy Marvela;bardzo trudne;Jak nazywa się pierwszy komiks, w którym zadebiutowali X-Men, wydany w 1963 roku?;X-Men #1;Amazing Fantasy #15;Fantastic Four #1;Avengers #1
Rozrywka i Popkultura;Komiksy Marvela;bardzo trudne;Kto jest współtwórcą Hulka i X-Men, obok Stana Lee?;Jack Kirby;Steve Ditko;Bill Everett;John Romita
Rozrywka i Popkultura;Kreskówki z Dzieciństwa;łatwe;Jak nazywa się amerykańska kreskówka o rodzinie z epoki kamienia łupanego, mieszkającej w mieście Skalisko?;Flintstonowie;Jetsonowie;Simpsonowie;Rodzina Addamsów
Rozrywka i Popkultura;Kreskówki z Dzieciństwa;trudne;Jak nazywa się japońska kreskówka o dziewczynce-czarodziejce walczącej ze złem, popularna w latach 90.?;Czarodziejka z Księżyca;Doraemon;Pokemon;Dragon Ball Z
Rozrywka i Popkultura;Kreskówki z Dzieciństwa;trudne;Jak nazywa się polska kreskówka o przygodach dwóch chłopców podróżujących balonem, z lat 60.?;Przygody Baltazara Gąbki;Bolek i Lolek;Reksio;Miś Uszatek
Rozrywka i Popkultura;Kreskówki z Dzieciństwa;bardzo trudne;Jak nazywa się amerykańskie studio animacji, twórca "Flintstonów" i "Jetsonów"?;Hanna-Barbera;Walt Disney Animation;Warner Bros. Cartoons;DreamWorks Animation
Rozrywka i Popkultura;Kreskówki z Dzieciństwa;bardzo trudne;Jak nazywał się pierwszy odcinek serialu "Flintstonowie", wyemitowany w 1960 roku?;The Flintstone Flyer;The Swimming Pool;Hot Lips Hannigan;The Split Personality
Rozrywka i Popkultura;Książki i Literatura Bestsellerowa;łatwe;Kto jest autorem serii książek "Diuna", zekranizowanej przez Denisa Villeneuve'a?;Frank Herbert;Isaac Asimov;Arthur C. Clarke;Philip K. Dick
Rozrywka i Popkultura;Książki i Literatura Bestsellerowa;trudne;Kto jest autorem powieści "Kod Da Vinci", bestsellerowego thrillera o tajemnicach Kościoła katolickiego?;Dan Brown;John Grisham;Michael Crichton;James Patterson
Rozrywka i Popkultura;Książki i Literatura Bestsellerowa;trudne;Kto jest autorką serii "Pamiętnik Bridget Jones", brytyjskiej powieści obyczajowej?;Helen Fielding;Sophie Kinsella;Marian Keyes;Jojo Moyes
Rozrywka i Popkultura;Książki i Literatura Bestsellerowa;bardzo trudne;Kto jest autorem powieści "Cień wiatru", hiszpańskiego bestsellera osadzonego w powojennej Barcelonie?;Carlos Ruiz Zafón;Arturo Pérez-Reverte;Javier Marías;Isabel Allende
Rozrywka i Popkultura;Książki i Literatura Bestsellerowa;bardzo trudne;Jak nazywa się debiutancka powieść E.L. James, bestseller erotyczny zapoczątkowany jako fanfiction "Zmierzchu"?;Pięćdziesiąt twarzy Greya;Igrzyska śmierci;Zmierzch;Outlander
Rozrywka i Popkultura;Kultowe Seriale TV;łatwe;Jak nazywa się amerykański serial komediowy o pracownikach biura w Scranton, w Pensylwanii?;The Office;Parks and Recreation;Brooklyn 99;Community
Rozrywka i Popkultura;Kultowe Seriale TV;trudne;Jak nazywa się serial o grupie naukowców i ich sąsiadce, wyemitowany po raz pierwszy w 2007 roku?;Teoria wielkiego podrywu;The Office;Przyjaciele;Jak poznałem waszą matkę
Rozrywka i Popkultura;Kultowe Seriale TV;trudne;Jak nazywa się serial dramatyczny o rodzinie przestępczej z Nowego Jorku, uznawany za jeden z najlepszych w historii telewizji?;Rodzina Soprano;Ród Gucci;Ojciec chrzestny;Prawo ulicy
Rozrywka i Popkultura;Kultowe Seriale TV;bardzo trudne;Jak nazywa się serial animowany dla dorosłych o dysfunkcyjnej rodzinie z Springfield, emitowany od 1989 roku?;Simpsonowie;Family Guy;South Park;Bob's Burgers
Rozrywka i Popkultura;Kultowe Seriale TV;bardzo trudne;Kto stworzył serial "Rodzina Soprano", uznawany za jeden z najważniejszych w historii telewizji kablowej?;David Chase;Vince Gilligan;David Simon;Matthew Weiner
Rozrywka i Popkultura;Nagrody i Gale;łatwe;Jak nazywa się ceremonia wręczenia nagród muzycznych MTV, znana z ekstrawaganckich występów?;MTV Video Music Awards;Grammy;Brit Awards;American Music Awards
Rozrywka i Popkultura;Nagrody i Gale;trudne;Jak nazywa się nagroda za osiągnięcia w dziedzinie mody, organizowana przez CFDA w USA?;CFDA Fashion Awards;Met Gala;Grammy;Emmy
Rozrywka i Popkultura;Nagrody i Gale;trudne;Jak nazywa się doroczna gala mody organizowana przez Metropolitan Museum of Art w Nowym Jorku?;Met Gala;CFDA Awards;Fashion Week;VMA
Rozrywka i Popkultura;Nagrody i Gale;bardzo trudne;Jak nazywa się nagroda przyznawana za najgorsze osiągnięcia filmowe roku, parodia Oscarów?;Złota Malina;Golden Turkey Awards;Stinkers Bad Movie Awards;Anti-Oscar
Rozrywka i Popkultura;Nagrody i Gale;bardzo trudne;Jak nazywa się nagroda w branży gier wideo za najlepsze produkcje roku, organizowana od 2014 roku?;The Game Awards;BAFTA Games Awards;DICE Awards;Golden Joystick Awards
Rozrywka i Popkultura;Słynne Memy i Internet;łatwe;Jak nazywa się popularny format animowanego, zapętlonego obrazka publikowanego w internecie?;GIF;JPEG;PNG;Screenshot
Rozrywka i Popkultura;Słynne Memy i Internet;trudne;Jak nazywa się mem przedstawiający mężczyznę oglądającego się za inną kobietą, podczas gdy jego partnerka patrzy z oburzeniem?;Distracted Boyfriend;Woman Yelling at Cat;Drakeposting;Two Buttons
Rozrywka i Popkultura;Słynne Memy i Internet;trudne;Jak nazywa się mem przedstawiający dwie kobiety krzyczące na kota siedzącego przy stole?;Woman Yelling at Cat;Distracted Boyfriend;Grumpy Cat;Success Kid
Rozrywka i Popkultura;Słynne Memy i Internet;bardzo trudne;Jak nazywa się mem przedstawiający rapera Drake'a odrzucającego jedną opcję i akceptującego drugą, w formie dwupanelowego komiksu?;Drakeposting;Distracted Boyfriend;Two Buttons;Change My Mind
Rozrywka i Popkultura;Słynne Memy i Internet;bardzo trudne;Jak nazywa się mem przedstawiający spoconą osobę wybierającą między dwoma czerwonymi przyciskami?;Two Buttons;Distracted Boyfriend;Drakeposting;Trolley Problem
Rozrywka i Popkultura;Słynni Reżyserzy;łatwe;Kto wyreżyserował filmy "Incepcja", "Interstellar" i "Oppenheimer"?;Christopher Nolan;Denis Villeneuve;David Fincher;Ridley Scott
Rozrywka i Popkultura;Słynni Reżyserzy;trudne;Kto wyreżyserował "Pulp Fiction" i "Kill Billa", znany z nielinearnej narracji i stylizowanej przemocy?;Quentin Tarantino;Guy Ritchie;Robert Rodriguez;David Fincher
Rozrywka i Popkultura;Słynni Reżyserzy;trudne;Kto wyreżyserował "Parasite", pierwszy nieanglojęzyczny film, który zdobył Oscara dla najlepszego filmu?;Bong Joon-ho;Park Chan-wook;Kim Ki-duk;Lee Chang-dong
Rozrywka i Popkultura;Słynni Reżyserzy;bardzo trudne;Kto wyreżyserował "Boyhood", film kręcony przez 12 lat z tymi samymi aktorami?;Richard Linklater;Terrence Malick;Wes Anderson;Paul Thomas Anderson
Rozrywka i Popkultura;Słynni Reżyserzy;bardzo trudne;Kto wyreżyserował "Amelię", francuski film o nieśmiałej kelnerce zmieniającej życie innych ludzi?;Jean-Pierre Jeunet;Luc Besson;François Ozon;Michel Gondry
Rozrywka i Popkultura;Uniwersum DC;łatwe;Jak nazywa się superbohaterka DC, amazonka z Themyscira, walcząca mieczem i lassem prawdy?;Wonder Woman;Supergirl;Batgirl;Harley Quinn
Rozrywka i Popkultura;Uniwersum DC;trudne;Jak nazywa się główny przeciwnik Supermana, łysy geniusz zła i biznesmen z Metropolis?;Lex Luthor;Joker;Doomsday;Darkseid
Rozrywka i Popkultura;Uniwersum DC;trudne;Jak nazywa się drużyna superbohaterów DC, w skład której wchodzą Batman, Superman i Wonder Woman?;Liga Sprawiedliwości;Suicide Squad;Teen Titans;Doom Patrol
Rozrywka i Popkultura;Uniwersum DC;bardzo trudne;Jak nazywa się fikcyjne miasto, w którym Superman pracuje jako reporter Clark Kent?;Metropolis;Gotham;Central City;Star City
Rozrywka i Popkultura;Uniwersum DC;bardzo trudne;Jak nazywa się władca Apokolips, jeden z najpotężniejszych wrogów Ligi Sprawiedliwości?;Darkseid;Brainiac;Doomsday;Sinestro
Rozrywka i Popkultura;Władca Pierścieni;łatwe;Jak nazywa się złoty pierścień, który Frodo musi zniszczyć w Górze Przeznaczenia?;Jedyny Pierścień;Pierścień Nenya;Pierścień Vilya;Pierścień Narya
Rozrywka i Popkultura;Władca Pierścieni;trudne;Jak nazywa się mag, przewodnik Drużyny Pierścienia, który w pierwszej części ginie w starciu z Balrogiem?;Gandalf Szary;Saruman;Radagast;Elrond
Rozrywka i Popkultura;Władca Pierścieni;trudne;Jak nazywa się stworzenie, dawny właściciel Pierścienia, prowadzące Froda i Sama do Mordoru?;Gollum;Orkowie;Nazgul;Uruk-hai
Rozrywka i Popkultura;Władca Pierścieni;bardzo trudne;Jak nazywa się miecz Froda Bagginsa, świecący na niebiesko w obecności orków?;Żądło;Andúril;Glamdring;Orkrist
Rozrywka i Popkultura;Władca Pierścieni;bardzo trudne;Jak nazywa się stolica Gondoru, broniona podczas Bitwy o Minas Tirith?;Minas Tirith;Osgiliath;Edoras;Dol Amroth
Rozrywka i Popkultura;Świat Harry'ego Pottera;łatwe;Jak nazywa się szkolna gra sportowa na miotłach, w której Harry Potter gra jako szukający?;Quidditch;Gobliny;Zaklęcia;Eliksiry
Rozrywka i Popkultura;Świat Harry'ego Pottera;trudne;Jak nazywa się magiczna gazeta czarodziejskiego świata, czytana przez bohaterów "Harry'ego Pottera"?;Prorok Codzienny;Żonglerka;Kwibler;Wieczorny Prorok
Rozrywka i Popkultura;Świat Harry'ego Pottera;trudne;Jak nazywa się skrzat domowy uwolniony przez Harry'ego Pottera dzięki podstępowi ze skarpetką?;Zgredek;Kreatur;Stworek;Chrzęścik
Rozrywka i Popkultura;Świat Harry'ego Pottera;bardzo trudne;Jak nazywa się miecz znaleziony przez Harry'ego w jeziorze, należący do jednego z założycieli Hogwartu?;Miecz Godryka Gryffindora;Miecz Salazara Slytherina;Różdżka Bzowa;Kamień Wskrzeszenia
Rozrywka i Popkultura;Świat Harry'ego Pottera;bardzo trudne;Jak nazywa się przedmiot z fragmentem duszy Voldemorta, znaleziony w jaskini przez Dumbledore'a i Harry'ego?;Medalion Salazara Slytherina;Diadem Rowreny Ravenclaw;Puchar Helgi Hufflepuff;Dziennik Toma Riddle'a
