Sport;Boks i MMA (KSW);trudne;Jak nazywał się legendarny trener "papcio", twórca polskiej szkoły boksu, który poprowadził naszych pięściarzy do worka medali na IO w Tokio (1964)?;Feliks Stamm;Andrzej Gmitruk;Czesław Ptak;Roger Bloodworth
Sport;Boks i MMA (KSW);trudne;Jaki potężny polski zawodnik MMA i legenda federacji KSW posiada słynny pseudonim "Pudzian"?;Mariusz Pudzianowski;Mamed Khalidov;Michał Materla;Borys Mańkowski
Sport;Boks i MMA (KSW);trudne;Kto był pierwszym w historii polskim mistrzem świata w boksie zawodowym, zdobywając pas WBO w 1997 roku?;Dariusz Michalczewski;Andrzej Gołota;Tomasz Adamek;Krzysztof Włodarczyk
Sport;Boks i MMA (KSW);trudne;Kto jako pierwszy polski zawodnik wywalczył pas mistrzowski potężnej amerykańskiej federacji UFC (w kategorii słomkowej w 2015 roku)?;Joanna Jędrzejczyk;Jan Błachowicz;Karolina Kowalkiewicz;Mateusz Gamrot
Sport;Boks i MMA (KSW);trudne;W jakiej wadze (kategorii wagowej) Jan Błachowicz zdobył w 2020 roku pas mistrza UFC, pokonując Dominicka Reyesa?;Półciężkiej;Ciężkiej;Średniej;Półśredniej
Sport;Boks i MMA (KSW);trudne;W którym roku odbyła się pierwsza gala KSW (Konfrontacja Sztuk Walki) w Polsce, zapoczątkowując erę profesjonalnego MMA w kraju?;2004;2002;2006;2008
Sport;Boks i MMA (KSW);łatwe;Jak nazywa się klasyczne, bardzo często spotykane zapaśnicze duszenie, popularne w oktagonie MMA?;Duszenie zza pleców;Rzut przez ramię;Dźwignia na kolano;Prawy sierpowy
Sport;Boks i MMA (KSW);łatwe;Jakie duże, polskie miasto uznawane jest za siedzibę i miejsce startu największej federacji KSW?;Warszawa;Londyn;Berlin;Paryż
Sport;Boks i MMA (KSW);łatwe;Kto na stałe przeszedł do historii ringu jako niepokonany, amerykański bokser (bilans 50-0)?;Floyd Mayweather Jr.;Muhammad Ali;Mike Tyson;Rocky Marciano
Sport;Boks i MMA (KSW);łatwe;Który znany, bardzo silny zawodnik, były polski strongman, stał się główną gwiazdą napędową KSW?;Mariusz Pudzianowski;Mamed Chalidow;Borys Mańkowski;Michał Materla
Sport;Boks i MMA (KSW);łatwe;W jakim sporcie walki zawodnicy rywalizują w charakterystycznej klatce zamiast klasycznego ringu?;W MMA;W boksie;W judo;W zapasach
Sport;Boks i MMA (KSW);łatwe;Z jakim amerykańskim bokserem Andrzej Gołota przegrał przez faule w 1996 roku?;Riddick Bowe;Mike Tyson;Lennox Lewis;Evander Holyfield
Sport;Formuła 1 i Robert Kubica;trudne;Jaką nazwę nosił prestiżowy wyścig w Makau (Macau Grand Prix), w którym Kubica zajął 2. miejsce w 2005 roku, otwierając sobie drzwi do F1?;Grand Prix Formuły 3;Masters of Formula 3;Formula Renault 3.5;GP2 Series
Sport;Formuła 1 i Robert Kubica;trudne;Na jakim konkretnie torze wyścigowym Robert Kubica odniósł w 2008 roku swoje jedyne zwycięstwo w F1?;W Montrealu (Kanada);Na Monzy (Włochy);W Monako;W Spa (Belgia)
Sport;Formuła 1 i Robert Kubica;trudne;Podczas którego Grand Prix w 2008 roku Robert Kubica odniósł swoje jedyne i historyczne zwycięstwo w Formule 1?;Grand Prix Kanady;Grand Prix Niemiec;Grand Prix Australii;Grand Prix Japonii
Sport;Formuła 1 i Robert Kubica;trudne;W barwach jakiego zespołu Robert Kubica odniósł swoje historyczne zwycięstwo w Grand Prix w 2008 roku?;BMW Sauber;Renault;Williams;Lotus
Sport;Formuła 1 i Robert Kubica;trudne;W którym roku Robert Kubica powrócił do ścigania w F1 jako kierowca etatowy zespołu Williams, osiem lat po swoim tragicznym wypadku?;W 2019 roku;W 2017 roku;W 2018 roku;W 2021 roku
Sport;Formuła 1 i Robert Kubica;trudne;Z jaką znaną włoską marką Robert Kubica był związany w serii wyścigowej DTM oraz jako kierowca testowy w F1?;Alfa Romeo;Ferrari;Lamborghini;Maserati
Sport;Formuła 1 i Robert Kubica;łatwe;Jak nazywa się jedyny do tej pory Polak, który miał zaszczyt startować w wyścigach Formuły 1 jako kierowca etatowy?;Robert Kubica;Krzysztof Hołowczyc;Rafał Sonik;Michał Kościuszko
Sport;Formuła 1 i Robert Kubica;łatwe;Jak wygląda flaga, która tradycyjnie sygnalizuje kierowcom na torze ostateczne zakończenie wyścigu?;Biało-czarna szachownica;Czerwona;Żółta z czarnym pasem;Zielona
Sport;Formuła 1 i Robert Kubica;łatwe;W bolidzie jakiego niemiecko-szwajcarskiego zespołu Robert Kubica zadebiutował w Formule 1 (2006)?;BMW Sauber;Renault;Williams;Ferrari
Sport;Formuła 1 i Robert Kubica;łatwe;W jakim państwie za oceanem Robert Kubica wygrał swój pierwszy i jedyny w karierze wyścig F1?;W Kanadzie;W USA;We Włoszech;W Niemczech
Sport;Formuła 1 i Robert Kubica;łatwe;W trakcie jakich niebezpiecznych zawodów (w 2011 r.) Robert Kubica uległ fatalnemu wypadkowi?;W małym rajdzie (Ronde di Andora);Na treningu F1 w Monzy;Podczas rajdu Dakar;Na wyścigu 24h Le Mans
Sport;Igrzyska Olimpijskie;trudne;Ile splecionych ze sobą kół, symbolizujących zjednoczone kontynenty, znajduje się na oficjalnej fladze olimpijskiej?;Pięć;Sześć;Cztery;Siedem
Sport;Igrzyska Olimpijskie;trudne;Jak nazywa się jedyna kobieta w historii polskiego sportu, która zdobyła aż 7 medali olimpijskich w lekkoatletyce (w tym 3 złote)?;Irena Szewińska;Anita Włodarczyk;Justyna Kowalczyk;Otylia Jędrzejczak
Sport;Igrzyska Olimpijskie;trudne;Który legendarny maratończyk jako pierwszy w historii obronił złoty medal olimpijski (1960 i 1964), biegnąc za pierwszym razem boso?;Abebe Bikila;Eliud Kipchoge;Haile Gebrselassie;Emil Zátopek
Sport;Igrzyska Olimpijskie;trudne;W jakim mieście odbyły się w 1992 roku Letnie Igrzyska Olimpijskie, podczas których polscy piłkarze zdobyli srebrny medal?;W Barcelonie;W Seulu;W Atlancie;W Sydney
Sport;Igrzyska Olimpijskie;trudne;W którym roku polska reprezentacja piłki nożnej mężczyzn zdobyła złoty medal olimpijski na Igrzyskach w Monachium?;1972;1976;1968;1980
Sport;Igrzyska Olimpijskie;trudne;W którym roku w Chamonix odbyły się pierwsze oficjalne nowożytne Zimowe Igrzyska Olimpijskie?;W 1924 roku;W 1896 roku;W 1932 roku;W 1912 roku
Sport;Igrzyska Olimpijskie;łatwe;Co ile lat odbywa się każde wielkie święto sportu – letnie igrzyska olimpijskie?;Co 4 lata;Co 2 lata;Co 5 lat;Co rok
Sport;Igrzyska Olimpijskie;łatwe;Co ile lat tradycyjnie odbywają się Letnie Igrzyska Olimpijskie?;Co 4 lata;Co 2 lata;Co roku;Co 5 lat
Sport;Igrzyska Olimpijskie;łatwe;Co symbolizuje słynne logo pięciu olimpijskich kół splecionych ze sobą na fladze?;Połączenie 5 kontynentów;Pięć głównych dyscyplin;Pięć epok w historii Grecji;Harmonię ciała i umysłu
Sport;Igrzyska Olimpijskie;łatwe;Jaki działacz, uważany za ojca nowożytnego ruchu, ożywił Igrzyska Olimpijskie w 1896 r.?;Pierre de Coubertin;Avery Brundage;Thomas Bach;Juan Antonio Samaranch
Sport;Igrzyska Olimpijskie;łatwe;Kto pobił historyczne rekordy sportowe zdobywając w sumie 23 złote medale olimpijskie na pływalni?;Michael Phelps;Mark Spitz;Ian Thorpe;Ryan Lochte
Sport;Igrzyska Olimpijskie;łatwe;Wizerunek jakiej uskrzydlonej bogini z mitologii zawsze znajduje się na letnich medalach z igrzysk?;Bogini Nike;Bogini Ateny;Bogini Artemidy;Bogini Afrodyty
Sport;Kolarstwo i Tour de Pologne;trudne;Jaki kolor ma charakterystyczna koszulka lidera klasyfikacji generalnej w wyścigu Tour de Pologne?;Żółty;Różowy;Czerwony;Biały w grochy
Sport;Kolarstwo i Tour de Pologne;trudne;Jaki polski kolarz zdobył niezwykle prestiżową koszulkę w grochy dla króla gór na Tour de France 2014?;Rafał Majka;Michał Kwiatkowski;Czesław Lang;Ryszard Szurkowski
Sport;Kolarstwo i Tour de Pologne;trudne;Jaki przydomek nosi słynny podjazd pod Gliczarów Górny, będący stałym i morderczym punktem wyścigu Tour de Pologne?;Ściana Bukovina;Góra Przeznaczenia;Piekło Północy;Zakręt Śmierci
Sport;Kolarstwo i Tour de Pologne;trudne;Który polski kolarz jako pierwszy w historii wygrał etap podczas słynnego Tour de France (było to w 1993 roku)?;Zenon Jaskuła;Rafał Majka;Michał Kwiatkowski;Czesław Lang
Sport;Kolarstwo i Tour de Pologne;trudne;W którym roku Czesław Lang został dyrektorem Tour de Pologne, zamieniając go w nowoczesny wyścig zawodowy?;W 1993 roku;W 1989 roku;W 1997 roku;W 2000 roku
Sport;Kolarstwo i Tour de Pologne;trudne;W którym roku odbył się pierwszy w historii Tour de Pologne, wówczas jeszcze jako zawody amatorskie?;1928;1920;1936;1948
Sport;Kolarstwo i Tour de Pologne;łatwe;Jak nazywa się zdecydowanie najbardziej prestiżowy wyścig kolarski w Polsce?;Tour de Pologne;Giro d'Polska;Vuelta a Polonia;Wyścig Pokoju
Sport;Kolarstwo i Tour de Pologne;łatwe;Jaki polski kolarz został mistrzem świata ze startu wspólnego w 2014 roku?;Michał Kwiatkowski;Rafał Majka;Kamil Gradek;Przemysław Niemiec
Sport;Kolarstwo i Tour de Pologne;łatwe;Który Polak w 2014 roku rewelacyjnie wygrał klasyfikację górską w Tour de France?;Rafał Majka;Michał Kwiatkowski;Zenon Jaskuła;Tomasz Marczyński
Sport;Kolarstwo i Tour de Pologne;łatwe;Który słynny wyścig kolarski dookoła Francji jest najbardziej prestiżowy na świecie?;Tour de France;Giro d'Italia;Vuelta a España;Tour de Suisse
Sport;Kolarstwo i Tour de Pologne;łatwe;Przez ile dni najczęściej trwa prestiżowy wyścig etapowy Tour de Pologne?;Przez siedem dni;Przez trzy dni;Przez czternaście dni;Przez dwadzieścia dni
Sport;Kolarstwo i Tour de Pologne;łatwe;W jakim charakterystycznym kolorze jeździ lider klasyfikacji generalnej Tour de France?;Żółtym;Różowym;Czerwonym;Białym w grochy
Sport;Koszykówka i NBA;trudne;Ile trwa jedna kwarta w regulaminowym czasie gry podczas oficjalnego meczu w lidze NBA?;12 minut;10 minut;15 minut;8 minut
Sport;Koszykówka i NBA;trudne;Jaki legendarny amerykański koszykarz występował z numerem 23 w drużynie Chicago Bulls w latach 90.?;Michael Jordan;Kobe Bryant;Magic Johnson;LeBron James
Sport;Koszykówka i NBA;trudne;Który koszykarz jako pierwszy w historii NBA zdobył ponad 40 000 punktów w karierze, bijąc rekord Kareema Abdul-Jabbara?;LeBron James;Kobe Bryant;Shaquille O'Neal;Stephen Curry
Sport;Koszykówka i NBA;trudne;Który koszykarz jest jedynym Polakiem wybranym w drafcie do NBA w pierwszej dziesiątce (numer 9 w 2022 r.)?;Jeremy Sochan;Marcin Gortat;Maciej Lampe;Cezary Trybański
Sport;Koszykówka i NBA;trudne;Który zespół NBA wygrał w 2024 roku swój rekordowy 18. tytuł mistrzowski w historii ligi?;Boston Celtics;Los Angeles Lakers;Golden State Warriors;Chicago Bulls
Sport;Koszykówka i NBA;trudne;Z jakim numerem na koszulce występował w NBA Marcin Gortat podczas swoich najlepszych lat w Washington Wizards?;4;13;12;21
Sport;Koszykówka i NBA;łatwe;Jak nagradzany punktowo jest spektakularny i precyzyjny rzut zza najdalszej, wyznaczonej na boisku linii?;Za trzy punkty;Za dwa punkty;Za jeden punkt;Za cztery punkty
Sport;Koszykówka i NBA;łatwe;Jaka anglojęzyczna nazwa opisuje pokazowy mecz wielkich gwiazd, tradycyjnie uświetniający sezon NBA?;All-Star Game;Dream Team Match;The Legends;MVP Showcase
Sport;Koszykówka i NBA;łatwe;Który wysoki Polak, potocznie nazywany Polish Machine, zrobił wielką karierę w ligach NBA?;Marcin Gortat;Jeremy Sochan;Maciej Lampe;Cezary Trybański
Sport;Koszykówka i NBA;łatwe;Na jakiej oficjalnej i powszechnej wysokości liczonej w centymetrach zawieszona jest obręcz kosza?;Na 305 cm;Na 290 cm;Na 315 cm;Na 300 cm
Sport;Koszykówka i NBA;łatwe;W barwach jakiego kultowego zespołu występował przez większość kariery Michael Jordan?;Chicago Bulls;Los Angeles Lakers;Boston Celtics;Miami Heat
Sport;Koszykówka i NBA;łatwe;Z ilu zawodników składa się jedna drużyna aktywnie grająca na parkiecie w trakcie meczu koszykówki?;Z pięciu;Z sześciu;Z siedmiu;Z jedenastu
Sport;Legendarni Sportowcy;trudne;Ile złotych medali olimpijskich zdobył pływak Michael Phelps w ciągu całej swojej niezrównanej kariery olimpijskiej?;23;18;20;28
Sport;Legendarni Sportowcy;trudne;Jak nazywał się amerykański baseballista, którego nazwisko stało się synonimem sukcesu, a jego rekord 714 home runów przetrwał niemal 40 lat?;Babe Ruth;Lou Gehrig;Joe DiMaggio;Mickey Mantle
Sport;Legendarni Sportowcy;trudne;Jaki legendarny kolarz, siedmiokrotny zwycięzca Tour de France, został dożywotnio zdyskwalifikowany za stosowanie dopingu?;Lance Armstrong;Eddy Merckx;Miguel Induráin;Chris Froome
Sport;Legendarni Sportowcy;trudne;Który legendarny amerykański pływak zdobył w swojej niesamowitej karierze łącznie aż 28 medali olimpijskich?;Michael Phelps;Mark Spitz;Ian Thorpe;Ryan Lochte
Sport;Legendarni Sportowcy;trudne;Który legendarny szwajcarski tenisista, zdobywca 20 tytułów wielkoszlemowych, zakończył karierę w 2022 roku?;Roger Federer;Rafael Nadal;Novak Djokovic;Andy Murray
Sport;Legendarni Sportowcy;trudne;Z jaką dyscypliną sportu nierozerwalnie związany był Muhammad Ali, urodzony jako Cassius Clay?;Z boksem;Z koszykówką;Z lekką atletyką;Z futbolem amerykańskim
Sport;Legendarni Sportowcy;łatwe;Jaki słynny jamajski sprinter wielokrotnie bił rekordy świata i zyskał miano najszybszego człowieka na ziemi?;Usain Bolt;Carl Lewis;Tyson Gay;Justin Gatlin
Sport;Legendarni Sportowcy;łatwe;Kto był nazywany 'Królem Piłki Nożnej' i trzykrotnie wygrał dla Brazylii mistrzostwo świata?;Pelé;Diego Maradona;Lionel Messi;Ronaldo
Sport;Legendarni Sportowcy;łatwe;Kto nosił przydomek 'Latający Fin' i wygrywał zawody w skokach narciarskich w latach 80.?;Matti Nykänen;Janne Ahonen;Toni Nieminen;Mika Myllylä
Sport;Legendarni Sportowcy;łatwe;Który kanadyjski gracz hokeja na lodzie uznawany jest za najwybitniejszego w historii ligi NHL?;Wayne Gretzky;Mario Lemieux;Gordie Howe;Sidney Crosby
Sport;Legendarni Sportowcy;łatwe;Który legendarny, jamajski sprinter pobił absolutne rekordy świata na 100 i 200 metrów?;Usain Bolt;Carl Lewis;Tyson Gay;Asafa Powell
Sport;Legendarni Sportowcy;łatwe;W jakiej dziedzinie sportu zasłynęła wybitna, polska noblistka sportowa, Irena Szewińska?;W lekkoatletyce;W gimnastyce;W strzelectwie;W pływaniu
Sport;Lekkoatletyka;trudne;Ile wynosi rekord świata w biegu na 100 metrów mężczyzn, ustanowiony przez Usaina Bolta w Berlinie w 2009 roku?;9,58 s;9,63 s;9,72 s;9,69 s
Sport;Lekkoatletyka;trudne;Jak nazywa się unikalna technika skoku wzwyż (plecami do poprzeczki), którą spopularyzował złoty medalista z 1968 roku, Dick Fosbury?;Fosbury Flop;Western Roll;Straddle;Scissors kick
Sport;Lekkoatletyka;trudne;Jaki jest oficjalny, dokładny dystans biegu maratońskiego, ustalony podczas igrzysk w Londynie w 1908 roku?;42,195 km;42,000 km;40,000 km;41,195 km
Sport;Lekkoatletyka;trudne;Kto ustanowił aktualny rekord świata w biegu na 100 metrów, uzyskując rewelacyjny wynik 9,58 sekundy?;Usain Bolt;Asafa Powell;Yohan Blake;Tyson Gay
Sport;Lekkoatletyka;trudne;W jakiej konkurencji rzutowej polska gwiazda Anita Włodarczyk wielokrotnie biła rekordy świata i zdobywała złoto?;W rzucie młotem;W rzucie oszczepem;W pchnięciu kulą;W rzucie dyskiem
Sport;Lekkoatletyka;trudne;W jakiej technicznej konkurencji lekkoatletycznej specjalizował się Robert Korzeniowski, zdobywając 4 złote medale olimpijskie?;W chodzie sportowym;W maratonie;W trójskoku;W biegu przez płotki
Sport;Lekkoatletyka;łatwe;Jakie prestiżowe, sprinterskie konkurencje wielokrotnie zdominował fenomenalny Usain Bolt?;Biegi na 100 m i 200 m;Skok w dal;Trójskok i skok wzwyż;Biegi przez płotki
Sport;Lekkoatletyka;łatwe;Jaką niesamowitą, precyzyjną długość w kilometrach ma koronny bieg maratoński?;42,195 km;40,000 km;45,500 km;21,097 km
Sport;Lekkoatletyka;łatwe;Który polski lekkoatleta został aż pięciokrotnym mistrzem świata na stadionie w rzucie młotem?;Paweł Fajdek;Wojciech Nowicki;Piotr Lisek;Tomasz Majewski
Sport;Lekkoatletyka;łatwe;W jakiej ciężkiej dyscyplinie rzutowej Anita Włodarczyk sięgnęła po seryjne mistrzostwa i rekordy?;W rzucie młotem;W pchnięciu kulą;W rzucie oszczepem;W rzucie dyskiem
Sport;Lekkoatletyka;łatwe;Z ilu różnych dyscyplin (konkurencji) składa się lekkoatletyczny dziesięciobój mężczyzn?;Z dziesięciu;Z pięciu;Z siedmiu;Z dwunastu
Sport;Lekkoatletyka;łatwe;Z ilu składowych, urozmaiconych konkurencji składa się niezwykle wyczerpujący dziesięciobój?;Z dziesięciu;Z siedmiu;Z pięciu;Z dwunastu
Sport;Piłka Nożna - Ekstraklasa;trudne;Jak nazywa się stadion, na którym swoje mecze domowe rozgrywa drużyna Lecha Poznań?;Stadion Miejski;Stadion Wojska Polskiego;Stadion Śląski;Polsat Plus Arena
Sport;Piłka Nożna - Ekstraklasa;trudne;Jaki popularny wielkopolski klub piłkarski nosi na stadionach przydomek "Kolejorz"?;Lech Poznań;Wisła Kraków;Górnik Zabrze;Śląsk Wrocław
Sport;Piłka Nożna - Ekstraklasa;trudne;Kto był najskuteczniejszym strzelcem (królem strzelców) w historii Ekstraklasy w jednym sezonie, zdobywając aż 37 bramek?;Henryk Reyman;Ernest Pohl;Tomasz Frankowski;Nemanja Nikolić
Sport;Piłka Nożna - Ekstraklasa;trudne;Kto jest absolutnym, historycznym rekordzistą w liczbie strzelonych goli w Ekstraklasie (274 bramki)?;Ernst Pohl;Lucjan Brychczy;Tomasz Frankowski;Gerard Cieślik
Sport;Piłka Nożna - Ekstraklasa;trudne;Który klub jako jedyny w historii polskiej Ekstraklasy wywalczył tytuł mistrzowski w roku, w którym był beniaminkiem (1989)?;Ruch Chorzów;Górnik Zabrze;Lech Poznań;Widzew Łódź
Sport;Piłka Nożna - Ekstraklasa;trudne;Który klub wywalczył pierwszy w historii tytuł Mistrza Polski w piłce nożnej, sięgając po ten laur w 1921 roku?;Cracovia;Wisła Kraków;Ruch Chorzów;Legia Warszawa
Sport;Piłka Nożna - Ekstraklasa;łatwe;Jak potocznie w Polsce określa się bezpardonowe mecze derbowe między Wisłą Kraków a Cracovią?;Święta Wojna;Wielkie Derby Śląska;Bitwa o Małopolskę;Derby Królów
Sport;Piłka Nożna - Ekstraklasa;łatwe;Jaki legendarny polski klub ma w swoim herbie charakterystyczną czarną 'eLkę'?;Legia Warszawa;Lech Poznań;ŁKS Łódź;Lechia Gdańsk
Sport;Piłka Nożna - Ekstraklasa;łatwe;Jaki zasłużony klub piłkarski z Warszawy jest jednym z najbardziej utytułowanych zespołów w Polsce?;Legia Warszawa;Polonia Warszawa;Gwardia Warszawa;Hutnik Warszawa
Sport;Piłka Nożna - Ekstraklasa;łatwe;Jakie polskie miasto reprezentuje drużyna Jagiellonii, która zdobyła mistrza w sezonie 23/24?;Białystok;Lublin;Rzeszów;Olsztyn
Sport;Piłka Nożna - Ekstraklasa;łatwe;Która ekipa polskiej Ekstraklasy rozgrywa swoje domowe mecze na stadionie przy ulicy Bułgarskiej?;Lech Poznań;Wisła Kraków;Jagiellonia Białystok;Śląsk Wrocław
Sport;Piłka Nożna - Ekstraklasa;łatwe;Który zasłużony klub z Górnego Śląska sięgał po mistrzostwo Polski aż 14 razy (stan na 2023 r.)?;Górnik Zabrze;Pogoń Szczecin;Zagłębie Lubin;Korona Kielce
Sport;Piłka Nożna - Reprezentacja;trudne;Kto strzelił "zwycięskiego remisu" bramkę na Wembley w 1973 roku?;Jan Domarski;Grzegorz Lato;Kazimierz Deyna;Robert Gadocha
Sport;Piłka Nożna - Reprezentacja;trudne;Który trener poprowadził Polskę do ćwierćfinału Euro 2016?;Adam Nawałka;Leo Beenhakker;Franciszek Smuda;Jerzy Brzęczek
Sport;Piłka Nożna - Reprezentacja;trudne;Z jakim krajem Polska wygrała mecz o 3. miejsce na Mundialu w 1982 roku?;Z Francją;Z Brazylią;Z Włochami;Z RFN
Sport;Piłka Nożna - Reprezentacja;łatwe;Jaki przydomek nosiła drużyna Kazimierza Górskiego, która zajęła 3. miejsce na MŚ 1974?;Orły Górskiego;Złota Jedenastka;Rycerze Wiosny;Biało-Czerwoni
Sport;Piłka Nożna - Reprezentacja;łatwe;Kto jest najlepszym strzelcem w historii reprezentacji Polski?;Robert Lewandowski;Grzegorz Lato;Zbigniew Boniek;Włodzimierz Lubański
Sport;Reprezentacja Polski;trudne;Jaki polski piłkarz zdobył prestiżowy tytuł króla strzelców podczas Mistrzostw Świata w Niemczech w 1974 roku?;Grzegorz Lato;Andrzej Szarmach;Kazimierz Deyna;Zbigniew Boniek
Sport;Reprezentacja Polski;trudne;Kto był selekcjonerem reprezentacji Polski podczas Euro 2016, gdy nasza drużyna dotarła do ćwierćfinału?;Adam Nawałka;Leo Beenhakker;Franciszek Smuda;Waldemar Fornalik
Sport;Reprezentacja Polski;trudne;Kto strzelił pamiętną bramkę na Wembley w 1973 roku, która dała Polsce remis 1:1 i awans na Mistrzostwa Świata?;Jan Domarski;Grzegorz Lato;Kazimierz Deyna;Robert Gadocha
Sport;Reprezentacja Polski;trudne;Który legendarny trener poprowadził piłkarską reprezentację Polski do historycznego 3. miejsca na Mundialu w 1974 r.?;Kazimierz Górski;Antoni Piechniczek;Jacek Gmoch;Andrzej Strejlau
Sport;Reprezentacja Polski;trudne;Który polski piłkarz strzelił historycznego hat-tricka w meczu z Belgią na Mistrzostwach Świata 1982 roku w Hiszpanii?;Zbigniew Boniek;Andrzej Szarmach;Włodzimierz Lubański;Grzegorz Lato
Sport;Reprezentacja Polski;trudne;Z jakim krajem Polska wygrała 3:2 w meczu o 3. miejsce podczas Mistrzostw Świata w Hiszpanii w 1982 roku?;Z Francją;Z Brazylią;Z Włochami;Z RFN
Sport;Reprezentacja Polski;łatwe;Jaki wybitny polski bramkarz widowiskowo obronił karnego Lionela Messiego na Mundialu 2022?;Wojciech Szczęsny;Łukasz Fabiański;Artur Boruc;Jerzy Dudek
Sport;Reprezentacja Polski;łatwe;Jaki wybitny polski napastnik od wielu lat nosi opaskę kapitana piłkarskiej reprezentacji Polski?;Robert Lewandowski;Wojciech Szczęsny;Piotr Zieliński;Kamil Glik
Sport;Reprezentacja Polski;łatwe;Jakie najwyższe historyczne miejsce zajęli Polacy na mundialach (1974 oraz 1982 r.)?;Trzecie miejsce;Drugie miejsce;Czwarte miejsce;Zwycięstwo (Pierwsze)
Sport;Reprezentacja Polski;łatwe;Kto z dumą nosi tytuł absolutnie najlepszego strzelca w historii piłkarskiej reprezentacji Polski?;Robert Lewandowski;Włodzimierz Lubański;Grzegorz Lato;Zbigniew Boniek
Sport;Reprezentacja Polski;łatwe;Który 'trener tysiąclecia' poprowadził reprezentację do słynnego remisu na Wembley w 1973 roku?;Kazimierz Górski;Antoni Piechniczek;Jacek Gmoch;Adam Nawałka
Sport;Reprezentacja Polski;łatwe;Z jakim państwem Polska zorganizowała piłkarskie Mistrzostwa Europy w 2012 roku?;Z Ukrainą;Z Niemcami;Z Czechami;Ze Słowacją
Sport;Siatkówka - Sukcesy Polaków;trudne;Jak nazywa się legendarny trener zwany "katem", który poprowadził Polaków do złota IO w Montrealu (1976) i MŚ w Meksyku (1974)?;Hubert Jerzy Wagner;Raul Lozano;Stephane Antiga;Vital Heynen
Sport;Siatkówka - Sukcesy Polaków;trudne;Który polski atakujący został wybrany najbardziej wartościowym graczem (MVP) Mistrzostw Świata w 2018 roku?;Bartosz Kurek;Wilfredo Leon;Michał Kubiak;Piotr Nowakowski
Sport;Siatkówka - Sukcesy Polaków;trudne;Który polski siatkarz, legenda reprezentacji, jako jedyny brał udział w zdobyciu wszystkich trzech złotych medali MŚ (1974, 2014, 2018)?;Mariusz Wlazły (Błąd - nikt);Paweł Zagumny;Krzysztof Ignaczak;Żaden (brak takiego gracza)
Sport;Siatkówka - Sukcesy Polaków;trudne;W jakim państwie odbyły się Mistrzostwa Świata w siatkówce w 2014 roku, które Polacy wygrali na własnym terenie?;W Polsce;W Bułgarii;We Włoszech;W Japonii
Sport;Siatkówka - Sukcesy Polaków;trudne;W którym roku Polska zdobyła swój pierwszy w historii złoty medal Mistrzostw Świata w siatkówce mężczyzn?;1974;1976;1968;1982
Sport;Siatkówka - Sukcesy Polaków;trudne;W którym roku polscy siatkarze zdobyli swój zupełnie pierwszy, historyczny złoty medal Mistrzostw Świata (w Meksyku)?;W 1974 roku;W 2014 roku;W 2018 roku;W 1976 roku
Sport;Siatkówka - Sukcesy Polaków;łatwe;Ile razy w swej historii męska reprezentacja Polski siatkarzy sięgnęła po Mistrzostwo Świata?;Trzy razy (1974, 2014, 2018);Dwa razy (2014, 2018);Tylko raz (2014);Cztery razy
Sport;Siatkówka - Sukcesy Polaków;łatwe;Ile wygranych setów potrzebuje drużyna siatkarska, aby odnieść końcowe zwycięstwo w oficjalnym meczu?;Trzech;Dwóch;Czterech;Pięciu
Sport;Siatkówka - Sukcesy Polaków;łatwe;Jaki niesamowity trener zdobył z polskimi siatkarzami złoty medal Igrzysk Olimpijskich w 1976 r.?;Hubert Wagner;Andrzej Niemczyk;Ireneusz Mazur;Waldemar Wspaniały
Sport;Siatkówka - Sukcesy Polaków;łatwe;Jaki polski męski klub wygrał siatkarską Ligę Mistrzów trzy lata z rzędu (2021, 2022, 2023)?;ZAKSA Kędzierzyn-Koźle;Jastrzębski Węgiel;Skra Bełchatów;Asseco Resovia Rzeszów
Sport;Siatkówka - Sukcesy Polaków;łatwe;Który francuski szkoleniowiec poprowadził Polaków do wielkiego mistrzostwa świata w 2014 r.?;Stéphane Antiga;Vital Heynen;Nikola Grbić;Raul Lozano
Sport;Siatkówka - Sukcesy Polaków;łatwe;W jakim państwie urodził się potężny przyjmujący polskiej kadry, Wilfredo León?;Na Kubie;W Brazylii;W Argentynie;We Włoszech
Sport;Skoki Narciarskie;trudne;Gdzie znajduje się największa skocznia mamucia świata (Vikersundbakken)?;W Norwegii;W Słowenii;W Niemczech;W Austrii
Sport;Skoki Narciarskie;trudne;Ile razy Adam Małysz triumfował w klasyfikacji generalnej Pucharu Świata w skokach narciarskich?;4 razy;3 razy;5 razy;2 razy
Sport;Skoki Narciarskie;trudne;Ile razy Adam Małysz zdobył Kryształową Kulę za triumf w klasyfikacji generalnej Pucharu Świata?;4 razy;3 razy;5 razy;2 razy
Sport;Skoki Narciarskie;trudne;Ile złotych medali olimpijskich (indywidualnie) zdobył Kamil Stoch?;3;2;4;1
Sport;Skoki Narciarskie;trudne;Kto jako pierwszy skoczek w historii wygrał wszystkie 4 konkursy TCS w jednym sezonie?;Sven Hannawald;Kamil Stoch;Adam Małysz;Ryoyu Kobayashi
Sport;Skoki Narciarskie;trudne;Kto jako pierwszy skoczek w historii wygrał wszystkie cztery konkursy w ramach jednej edycji Turnieju Czterech Skoczni?;Sven Hannawald;Kamil Stoch;Ryoyu Kobayashi;Adam Małysz
Sport;Skoki Narciarskie;trudne;Który polski skoczek nieoczekiwanie zdobył złoty medal olimpijski w Sapporo w 1972 roku?;Wojciech Fortuna;Stanisław Marusarz;Piotr Fijas;Stanisław Bobak
Sport;Skoki Narciarskie;trudne;Na jakiej skoczni (w jakiej miejscowości) Kamil Stoch oddał swój rekordowy skok na odległość 251,5 metra w 2017 roku?;W Planicy;W Vikersund;W Oberstdorfie;W Bad Mitterndorf
Sport;Skoki Narciarskie;trudne;W jakim prestiżowym cyklu skoczkowie rywalizują na przełomie roku m.in. na skoczni w Oberstdorfie i Innsbrucku?;Turniej Czterech Skoczni;Raw Air;Letnie Grand Prix;Puchar Kontynentalny
Sport;Skoki Narciarskie;łatwe;Gdzie odbywa się co roku noworoczny konkurs w ramach Turnieju Czterech Skoczni?;W Garmisch-Partenkirchen;W Oberstdorfie;W Innsbrucku;W Bischofshofen
Sport;Skoki Narciarskie;łatwe;Jak nazywa się polski skoczek, który zdobył 4 Kryształowe Kule i pochodzi z Wisły?;Adam Małysz;Kamil Stoch;Piotr Żyła;Dawid Kubacki
Sport;Skoki Narciarskie;łatwe;Jaki legendarny polski skoczek swoimi ogromnymi sukcesami zapoczątkował w naszym kraju słynną "Małyszomanię"?;Adam Małysz;Kamil Stoch;Piotr Żyła;Dawid Kubacki
Sport;Skoki Narciarskie;łatwe;Jaki polski skoczek, słynący z poczucia humoru, został najstarszym mistrzem świata w 2023 r.?;Piotr Żyła;Dawid Kubacki;Stefan Hula;Kamil Stoch
Sport;Skoki Narciarskie;łatwe;Jaki skoczek z Polski był w stanie wygrać wszystkie cztery konkursy jednego Turnieju Czterech Skoczni?;Kamil Stoch;Adam Małysz;Dawid Kubacki;Maciej Kot
Sport;Skoki Narciarskie;łatwe;Który fenomenalny polski skoczek zyskał status legendy i zrodził zjawisko nazwane od swego imienia?;Adam Małysz;Kamil Stoch;Piotr Żyła;Dawid Kubacki
Sport;Skoki Narciarskie;łatwe;W jakiej zimowej stolicy Polski umiejscowiona jest słynna skocznia narciarska, Wielka Krokiew?;W Zakopanem;W Wiśle;W Szczyrku;W Karpaczu
Sport;Skoki Narciarskie;łatwe;W jakim bawarskim miasteczku w Niemczech zazwyczaj rusza coroczny Turniej Czterech Skoczni?;W Oberstdorfie;W Garmisch-Partenkirchen;W Innsbrucku;W Bischofshofen
Sport;Sporty Motorowe;trudne;Ile razy legendarny Sébastien Loeb zdobył tytuł Mistrza Świata Rajdów Samochodowych (WRC) z rzędu?;9 razy;7 razy;8 razy;6 razy
Sport;Sporty Motorowe;trudne;Jak brzmi nazwa niezwykle prestiżowego, morderczego wyścigu 24-godzinnego dla aut sportowych odbywającego się we Francji?;24h Le Mans;Grand Prix Monako;Rajd Korsyki;Bol d'Or
Sport;Sporty Motorowe;trudne;Jak nazywa się prestiżowy wyścig wytrzymałościowy w USA, odbywający się na Florydzie, będący częścią tzw. Potrójnej Korony Endurance?;24h Daytona;12h Sebring;Indianapolis 500;Petit Le Mans
Sport;Sporty Motorowe;trudne;Jaki słynny polski kierowca i zawodnik wygrał w 2015 roku Rajd Dakar w bardzo trudnej kategorii quadów?;Rafał Sonik;Krzysztof Hołowczyc;Kuba Przygoński;Adam Małysz
Sport;Sporty Motorowe;trudne;Kto jako jedyny kierowca w historii zdobył "Potrójną Koronę Motorsportu" (wygrana w GP Monako, Indy 500 i 24h Le Mans)?;Graham Hill;Jim Clark;Mario Andretti;Fernando Alonso
Sport;Sporty Motorowe;trudne;W jakiej dyscyplinie motorsportu 6-krotnym mistrzem świata (w cyklu Grand Prix) jest polski zawodnik Bartosz Zmarzlik?;W żużlu;W rajdach WRC;W rallycrossie;W kartingu
Sport;Sporty Motorowe;łatwe;Czym charakteryzuje się żużel, dyscyplina od lat ciesząca się w Polsce ogromną popularnością?;Brakiem hamulców w motocyklach;Jazdą na motocyklach trójkołowych;Wyścigami po lodzie w lecie;Skokami na motocyklach crossowych
Sport;Sporty Motorowe;łatwe;Jak nazywała się rajdowa, ryzykowna super-kategoria z lat 80., którą wkrótce zdelegalizowano?;Grupa B;Grupa A;Klasa WRC;Formula Rally
Sport;Sporty Motorowe;łatwe;Kto jest najbardziej utytułowanym Polakiem w morderczym Rajdzie Dakar, jeżdżącym na quadach?;Rafał Sonik;Krzysztof Hołowczyc;Adam Małysz;Jakub Przygoński
Sport;Sporty Motorowe;łatwe;W jakim europejskim mieście od prawie wieku odbywa się piekielnie trudny, 24-godzinny wyścig?;W Le Mans;W Monako;W Spa;Na Nürburgringu
Sport;Sporty Motorowe;łatwe;W jakim rajdzie terenowym, potocznie zwanym najtrudniejszym na świecie, startują samochody, motocykle i ciężarówki?;Rajd Dakar;Rajd Safari;Rajd Monte Carlo;Rajd Akropolu
Sport;Sporty Zimowe;trudne;Ile złotych medali olimpijskich zdobył łącznie Kamil Stoch w swojej dotychczasowej karierze?;3;2;4;1
Sport;Sporty Zimowe;trudne;Jaka dyscyplina sportów zimowych jest unikalnym połączeniem biegów narciarskich oraz strzelania z karabinka małokalibrowego?;Biathlon;Kombinacja norweska;Narciarstwo alpejskie;Skeleton
Sport;Sporty Zimowe;trudne;Jaka polska multimedalistka stoczyła na trasach biegowych wiele niezapomnianych pojedynków z Marit Bjørgen?;Justyna Kowalczyk;Sylwia Jaśkowiec;Weronika Nowakowska;Krystyna Pałka
Sport;Sporty Zimowe;trudne;Który kraj zdobył łącznie najwięcej medali w historii Zimowych Igrzysk Olimpijskich, nieprzerwanie dominując w tej klasyfikacji?;Norwegia;Stany Zjednoczone;Austria;Niemcy
Sport;Sporty Zimowe;trudne;W jakiej technicznej konkurencji narciarstwa alpejskiego specjalizuje się Maryna Gąsienica-Daniel?;W slalomie gigancie;W zjeździe;W supergigancie;W kombinacji
Sport;Sporty Zimowe;trudne;W jakim sporcie zimowym zawodnik zjeżdża rynną lodową głową w dół, leżąc na specjalnych saniach?;W skeletonie;W bobslejach;W saneczkarstwie;W snowboardzie
Sport;Sporty Zimowe;łatwe;Jaka legendarna biegaczka narciarska z Polski stoczyła zacięte pojedynki z Marit Bjørgen?;Justyna Kowalczyk;Katarzyna Bachleda-Curuś;Monika Skinder;Weronika Nowakowska
Sport;Sporty Zimowe;łatwe;W jakiej ciężkiej dyscyplinie Zbigniew Bródka zdobył złoto olimpijskie w Soczi (2014)?;W łyżwiarstwie szybkim;W narciarstwie alpejskim;W bobslejach;W short tracku
Sport;Sporty Zimowe;łatwe;W jakiej zimowej dyscyplinie sportowcy kręcą salta w konkurencji zwanej 'halfpipe'?;W snowboardzie;W narciarstwie biegowym;W skeletonie;W curlingu
Sport;Sporty Zimowe;łatwe;W jakim nietypowym sporcie na lodzie 'szczotkuje się lód' przed wypuszczonym kamieniem?;W curlingu;W hokeju;W skeletonie;W łyżwiarstwie figurowym
Sport;Sporty Zimowe;łatwe;W jakim sporcie rywalizujące zespoły szczotkują lód, aby umieścić w tarczy ciężkie, granitowe kamienie?;W curlingu;W hokeju;W łyżwiarstwie figurowym;W bobslejach
Sport;Sporty Zimowe;łatwe;Z jakiej broni precyzyjnie strzelają zawodnicy podczas rywalizacji w biathlonie?;Z karabinka małokalibrowego;Z pistoletu laserowego;Z łuku sportowego;Z wiatrówki
Sport;Stadiony i Obiekty;trudne;Jak nazywa się ikoniczny stadion w Rio de Janeiro, który gościł finały mistrzostw świata w 1950 i 2014 roku?;Maracanã;Estádio da Luz;La Bombonera;San Siro
Sport;Stadiony i Obiekty;trudne;Jak nazywa się słynny stadion w Londynie, który jest domową areną reprezentacji Anglii i miejscem finałów krajowych pucharów?;Wembley;Emirates;Stamford Bridge;Tottenham Hotspur Stadium
Sport;Stadiony i Obiekty;trudne;Jaką nazwę nosi największy pod względem pojemności stadion piłkarski w Europie (ponad 99 tys. miejsc)?;Camp Nou;Wembley;Santiago Bernabéu;Signal Iduna Park
Sport;Stadiony i Obiekty;trudne;W jakim hiszpańskim mieście turyści i kibice mogą odwiedzić gigantyczny stadion Camp Nou?;W Barcelonie;W Madrycie;W Walencji;W Sewilli
Sport;Stadiony i Obiekty;trudne;W którym polskim mieście znajduje się "Kocioł Czarownic", czyli legendarny Stadion Śląski?;W Chorzowie;W Katowicach;W Gliwicach;W Sosnowcu
Sport;Stadiony i Obiekty;trudne;W którym roku oddano do użytku Stadion Narodowy w Warszawie, który stał się gospodarzem EURO 2012?;2012;2010;2011;2013
Sport;Stadiony i Obiekty;łatwe;Gdzie usytuowana jest bardzo znana na świecie skocznia narciarska im. Adama Małysza?;W Wiśle;W Zakopanem;W Szczyrku;W Karpaczu
Sport;Stadiony i Obiekty;łatwe;Jak nazywa się potężny, legendarny stadion, na którym swoje mecze rozgrywa FC Barcelona?;Camp Nou;Santiago Bernabéu;San Siro;Allianz Arena
Sport;Stadiony i Obiekty;łatwe;Jaka nowoczesna, ogromna arena sportowa, wybudowana na mistrzostwa Euro 2012, znajduje się w Warszawie?;Stadion Narodowy;Stadion Śląski;Ergo Arena;Hala Torwar
Sport;Stadiony i Obiekty;łatwe;Który słynny, przebudowany obiekt piłkarski w Londynie nazywany jest 'Świątynią Futbolu'?;Wembley;Old Trafford;Anfield;Stamford Bridge
Sport;Stadiony i Obiekty;łatwe;Na jakim obiekcie w Warszawie, od 2012 roku domowe mecze gra polska reprezentacja piłkarska?;Na Stadionie Narodowym;Na Stadionie Wojska Polskiego;Na Stadionie Śląskim;W hali Torwar
Sport;Stadiony i Obiekty;łatwe;W jakim mieście znajduje się historyczny kocioł polskiego sportu, tzw. 'Stadion Śląski'?;W Chorzowie;W Katowicach;W Gliwicach;W Zabrzu
Sport;Tenis i Iga Świątek;trudne;Ile razy Iga Świątek wygrała wielkoszlemowy turniej Roland Garros do końca 2024 roku?;4;3;2;5
Sport;Tenis i Iga Świątek;trudne;Ile turniejów wielkoszlemowych składa się na tzw. Wielkiego Szlema?;4;3;5;6
Sport;Tenis i Iga Świątek;trudne;Ile tytułów Wielkiego Szlema zdobyła Iga Świątek do końca 2024 roku, wliczając sukcesy na kortach mączki i twardych?;5;3;4;6
Sport;Tenis i Iga Świątek;trudne;Jak nazywa się najstarszy, prestiżowy wielkoszlemowy turniej tenisowy, który rozgrywany jest na kortach trawiastych?;Wimbledon;Roland Garros;US Open;Australian Open
Sport;Tenis i Iga Świątek;trudne;Jak nazywa się nawierzchnia, na której rozgrywany jest turniej Roland Garros?;Mączka ceglana;Trawa;Hard (twarda);Beton
Sport;Tenis i Iga Świątek;trudne;Jak nazywa się oficjalny puchar przyznawany zwyciężczyniom gry pojedynczej kobiet w turnieju wielkoszlemowym Wimbledon?;Rosewater Dish;Suzanne Lenglen Cup;Daphne Akhurst Memorial Cup;US Open Trophy
Sport;Tenis i Iga Świątek;trudne;Jaką potoczną i turniejową nazwę noszą francuskie korty ziemne, na których Iga Świątek zdobywa najwięcej tytułów?;Roland Garros;Flushing Meadows;Melbourne Park;All England Club
Sport;Tenis i Iga Świątek;trudne;Która tenisistka była liderką rankingu WTA przez rekordowe 377 tygodni, co jest najlepszym wynikiem w historii?;Steffi Graf;Serena Williams;Martina Navratilova;Chris Evert
Sport;Tenis i Iga Świątek;trudne;Który turniej wielkoszlemowy Iga Świątek wygrała jako pierwszy w swojej karierze?;Roland Garros;Wimbledon;US Open;Australian Open
Sport;Tenis i Iga Świątek;łatwe;Jak nazywa się polska tenisistka, która w 2022 roku została liderką rankingu WTA?;Iga Świątek;Agnieszka Radwańska;Magda Linette;Magdalena Fręch
Sport;Tenis i Iga Świątek;łatwe;Jak nazywa się stan w gemie tenisowym oznaczający wynik '40-40', wymagający zdobycia przewagi?;Równowaga (deuce);Tie-break;Match point;Break point
Sport;Tenis i Iga Świątek;łatwe;Jak nazywa się wielkoszlemowy turniej rozgrywany na kortach trawiastych w Londynie?;Wimbledon;Roland Garros;US Open;Australian Open
Sport;Tenis i Iga Świątek;łatwe;Jaka wybitna polska tenisistka zdominowała światowe rankingi WTA na początku trzeciej dekady XXI wieku?;Iga Świątek;Agnieszka Radwańska;Magda Linette;Urszula Radwańska
Sport;Tenis i Iga Świątek;łatwe;Jaki wyjątkowy brytyjski turniej tenisowy jako jedyny rozgrywany jest w całości na naturalnej trawie?;Wimbledon;US Open;Australian Open;Roland Garros
Sport;Tenis i Iga Świątek;łatwe;Jakiego neonowego koloru piłkami tradycyjnie rozgrywa się współczesne turnieje tenisowe (od lat 80.)?;Żółtymi (optic yellow);Białymi;Jasnozielonymi;Pomarańczowymi
Sport;Tenis i Iga Świątek;łatwe;W którym turnieju wielkoszlemowym, granym na paryskiej mączce, króluje od lat Iga Świątek?;Roland Garros (French Open);Wimbledon;US Open;Australian Open
Sport;Tenis i Iga Świątek;łatwe;Z jaką znakomitą rywalką Agnieszka Radwańska stoczyła heroiczny, przegrany finał Wimbledonu (2012)?;Z Sereną Williams;Z Marią Szarapową;Z Venus Williams;Z Angelique Kerber
Sport;Zasady i Przepisy Gier;trudne;Co oznacza termin "Ippon" w judo, kończący walkę przed czasem?;Pełny punkt;Pół punktu;Kara dla zawodnika;Ostrzeżenie
Sport;Zasady i Przepisy Gier;trudne;Ile punktów karnych traci zawodnik w snookerze, jeśli popełni faul na najważniejszej, czarnej bili?;Siedem;Pięć;Cztery;Sześć
Sport;Zasady i Przepisy Gier;trudne;Ile punktów wart jest przyłożenie (try) w rugby union, będące podstawowym sposobem zdobywania punktów w tej dyscyplinie?;5;3;4;6
Sport;Zasady i Przepisy Gier;trudne;Ile wynosi czas na wyprowadzenie akcji rzutowej (shot clock) w profesjonalnej koszykówce FIBA?;24 sekundy;30 sekund;35 sekund;20 sekund
Sport;Zasady i Przepisy Gier;trudne;Z ilu dokładnie kręgli składa się na torze standardowe, pełne ustawienie w popularnej grze w bowling?;Z dziesięciu;Z dziewięciu;Z dwunastu;Z piętnastu
Sport;Zasady i Przepisy Gier;trudne;Z ilu jardów od bramki dyktowany jest rzut karny w oficjalnym meczu piłki nożnej (zgodnie z przepisami IFAB)?;12 jardów;10 jardów;11 jardów;15 jardów
Sport;Zasady i Przepisy Gier;łatwe;Co oznacza potoczne pojęcie 'spalony' w przepisach gry w piłkę nożną?;Nieprzepisową pozycję napastnika;Strzał poza linię bramkową;Zagranie piłki ręką w polu karnym;Zbyt wczesne rozpoczęcie meczu
Sport;Zasady i Przepisy Gier;łatwe;Czym skutkuje otrzymanie drugiej żółtej kartki w jednym meczu piłki nożnej przez zawodnika?;Czerwoną kartką i usunięciem;Pięciominutową karą na ławce;Rzutem karnym dla rywala;Naganną uwagą sędziego
Sport;Zasady i Przepisy Gier;łatwe;Do ilu punktów zazwyczaj toczy się pełny, standardowy set w profesjonalnej siatkówce?;Do 25 punktów;Do 21 punktów;Do 15 punktów;Do 30 punktów
Sport;Zasady i Przepisy Gier;łatwe;Ile punktów przyznaje się za każdy celny rzut wolny po faulu w koszykówce?;Jeden punkt;Dwa punkty;Pół punktu;Trzy punkty
Sport;Zasady i Przepisy Gier;łatwe;Ilu maksymalnie graczy z jednej drużyny piłkarskiej może przebywać na boisku w trakcie meczu?;Jedenastu;Dziesięciu;Dwunastu;Sześciu
Sport;Zasady i Przepisy Gier;łatwe;Jaka jest natychmiastowa konsekwencja pokazania piłkarzowi czerwonej kartki przez sędziego w piłce nożnej?;Usunięcie z boiska;5-minutowa kara;Rzut karny;Zmiana na rezerwowego
Sport;Boks i MMA (KSW);łatwe;Jak nazywa się największa polska organizacja MMA, organizująca gale sportów walki od 2004 roku?;KSW;UFC;Bellator;Fame MMA
Sport;Boks i MMA (KSW);trudne;Jak nazywa się amerykańska organizacja MMA, największa na świecie?;UFC;KSW;Bellator;PFL
Sport;Boks i MMA (KSW);trudne;Jak nazywa się polski bokser, mistrz świata wagi ciężkiej, znany z pojedynków z braćmi Klitschko?;Andrzej Gołota;Dariusz Michalczewski;Tomasz Adamek;Mariusz Wach
Sport;Boks i MMA (KSW);bardzo trudne;Jak nazywa się polski zawodnik MMA, wielokrotny mistrz KSW w wadze półciężkiej, uznawany za jednego z najlepszych w historii organizacji?;Mamed Chalidow;Karol Bedorf;Marcin Różalski;Michał Materla
Sport;Boks i MMA (KSW);bardzo trudne;Jak nazywa się polski bokser, były mistrz świata organizacji IBF i WBC w kategorii junior ciężkiej?;Tomasz Adamek;Andrzej Gołota;Dariusz Michalczewski;Mariusz Wach
Sport;Formuła 1 i Robert Kubica;łatwe;Jak nazywa się polski kierowca wyścigowy, jedyny Polak, który startował w Formule 1?;Robert Kubica;Robert Lewandowski;Adam Małysz;Michał Kwiatkowski
Sport;Formuła 1 i Robert Kubica;trudne;W którym roku Robert Kubica odniósł swoje jedyne zwycięstwo w wyścigu Formuły 1, Grand Prix Kanady?;2008;2006;2010;2007
Sport;Formuła 1 i Robert Kubica;trudne;Podczas jakiego rodzaju wydarzenia w 2011 roku Robert Kubica doznał poważnych obrażeń, które wykluczyły go z Formuły 1 na wiele lat?;Rajd samochodowy;Testy F1;Grand Prix;Trening przedsezonowy
Sport;Formuła 1 i Robert Kubica;bardzo trudne;W jakim zespole Formuły 1 Robert Kubica zadebiutował w 2006 roku?;BMW Sauber;Renault;Williams;Sauber
Sport;Formuła 1 i Robert Kubica;bardzo trudne;Do jakiego zespołu Robert Kubica wrócił jako kierowca testowy/rezerwowy w 2019 roku, po latach nieobecności w F1?;Williams;Renault;BMW Sauber;Alfa Romeo
Sport;Igrzyska Olimpijskie;łatwe;Co ile lat odbywają się letnie Igrzyska Olimpijskie?;4;2;3;5
Sport;Igrzyska Olimpijskie;trudne;W którym mieście odbyły się letnie Igrzyska Olimpijskie w 2016 roku?;Rio de Janeiro;Londyn;Tokio;Pekin
Sport;Igrzyska Olimpijskie;trudne;Ile kółek znajduje się na fladze olimpijskiej, symbolizujących pięć kontynentów?;5;4;6;7
Sport;Igrzyska Olimpijskie;bardzo trudne;W którym roku odbyły się pierwsze nowożytne Igrzyska Olimpijskie w Atenach?;1896;1900;1892;1904
Sport;Igrzyska Olimpijskie;bardzo trudne;Jak nazywa się polska lekkoatletka, zdobywczyni złotego medalu olimpijskiego w rzucie dyskiem w Amsterdamie w 1928 roku, pierwsza polska mistrzyni olimpijska?;Halina Konopacka;Irena Szewińska;Stanisława Walasiewicz;Maria Kwaśniewska
Sport;Kolarstwo i Tour de Pologne;łatwe;Jak nazywa się najbardziej prestiżowy wyścig kolarski świata, odbywający się corocznie we Francji?;Tour de France;Giro d'Italia;Vuelta a España;Tour de Pologne
Sport;Kolarstwo i Tour de Pologne;trudne;Jak nazywa się najstarszy i najważniejszy polski wyścig kolarski, organizowany od 1928 roku?;Tour de Pologne;Wyścig Pokoju;Memoriał Kazimierza Górskiego;Szlakiem Grodów Piastowskich
Sport;Kolarstwo i Tour de Pologne;trudne;Jaki kolor koszulki nosi lider klasyfikacji generalnej Tour de France?;Żółty;Zielony;Kropkowany;Biały
Sport;Kolarstwo i Tour de Pologne;bardzo trudne;Jak nazywa się słynny górski etap Tour de France w Alpach, znany z 21 zakrętów?;Alpe d'Huez;Mont Ventoux;Col du Tourmalet;Col du Galibier
Sport;Kolarstwo i Tour de Pologne;bardzo trudne;Jak nazywał się wyścig kolarski organizowany w czasach PRL, o charakterze międzynarodowym, łączący kraje bloku wschodniego?;Wyścig Pokoju;Tour de Pologne;Memoriał Górskiego;Szlakiem Grodów Piastowskich
Sport;Koszykówka i NBA;łatwe;Jak nazywa się najważniejsza liga koszykówki zawodowej na świecie, z siedzibą w USA?;NBA;EuroLeague;NCAA;WNBA
Sport;Koszykówka i NBA;trudne;Jak nazywa się amerykański koszykarz, uznawany za jednego z najlepszych w historii, gwiazda Chicago Bulls w latach 90.?;Michael Jordan;LeBron James;Kobe Bryant;Magic Johnson
Sport;Koszykówka i NBA;trudne;Jak nazywa się polski koszykarz, który grał w NBA dla Toronto Raptors i innych zespołów?;Marcin Gortat;Maciej Lampe;Adam Waczyński;Mateusz Ponitka
Sport;Koszykówka i NBA;bardzo trudne;Jak nazywa się nagroda przyznawana najbardziej wartościowemu zawodnikowi sezonu zasadniczego NBA?;NBA MVP;NBA Finals MVP;Rookie of the Year;Defensive Player of the Year
Sport;Koszykówka i NBA;bardzo trudne;Ile tytułów mistrzowskich NBA zdobył Michael Jordan w swojej karierze z Chicago Bulls?;6;5;7;4
Sport;Legendarni Sportowcy;łatwe;Jak nazywa się jamajski sprinter, wielokrotny mistrz olimpijski, rekordzista świata w biegu na 100 i 200 metrów?;Usain Bolt;Carl Lewis;Justin Gatlin;Tyson Gay
Sport;Legendarni Sportowcy;trudne;Jak nazywa się amerykański pływak, zdobywca rekordowej liczby 23 złotych medali olimpijskich?;Michael Phelps;Mark Spitz;Ryan Lochte;Ian Thorpe
Sport;Legendarni Sportowcy;trudne;Jak nazywa się argentyński piłkarz, kapitan reprezentacji, mistrz świata z 2022 roku w Katarze?;Lionel Messi;Diego Maradona;Pelé;Zinedine Zidane
Sport;Legendarni Sportowcy;bardzo trudne;Jak nazywał się polski lekkoatleta, złoty medalista olimpijski w biegu na 10 000 m w Berlinie w 1936 roku, zamordowany przez Niemców podczas II wojny światowej?;Janusz Kusociński;Stanisław Petkiewicz;Feliks Stamm;Marian Woronin
Sport;Legendarni Sportowcy;bardzo trudne;Jak nazywa się etiopski biegacz, który zdobył złoty medal olimpijski w maratonie w Rzymie w 1960 roku, biegnąc boso?;Abebe Bikila;Emil Zátopek;Haile Gebrselassie;Kenenisa Bekele
Sport;Lekkoatletyka;łatwe;Jak nazywa się dyscyplina lekkoatletyczna polegająca na skoku przez poprzeczkę umieszczoną na dwóch słupkach, z rozbiegu?;Skok wzwyż;Skok w dal;Skok o tyczce;Trójskok
Sport;Lekkoatletyka;trudne;Jak nazywa się dyscyplina lekkoatletyczna, w której zawodnik rzuca metalowym przedmiotem w kształcie soczewki na jak największą odległość?;Rzut dyskiem;Rzut oszczepem;Pchnięcie kulą;Rzut młotem
Sport;Lekkoatletyka;trudne;Ile wynosi dystans maratonu?;42,195 km;40 km;45 km;21,0975 km
Sport;Lekkoatletyka;bardzo trudne;Jaki jest rekord świata w biegu na 100 metrów mężczyzn, ustanowiony przez Usaina Bolta w 2009 roku?;9,58 sekundy;9,69 sekundy;9,79 sekundy;9,49 sekundy
Sport;Lekkoatletyka;bardzo trudne;Jak nazywa się polski lekkoatleta, wielokrotny mistrz świata i Europy w skoku o tyczce, srebrny medalista olimpijski?;Piotr Lisek;Paweł Wojciechowski;Adam Kszczot;Marcin Lewandowski
Sport;Piłka Nożna - Ekstraklasa;łatwe;Jak nazywa się najwyższa klasa rozgrywkowa polskiej piłki nożnej mężczyzn?;Ekstraklasa;I liga;II liga;Puchar Polski
Sport;Piłka Nożna - Ekstraklasa;trudne;Który klub pochodzi z Chorzowa i jest jednym z najbardziej utytułowanych w historii polskiej ligi?;Ruch Chorzów;Górnik Zabrze;Legia Warszawa;Wisła Kraków
Sport;Piłka Nożna - Ekstraklasa;trudne;Jak nazywa się warszawski klub piłkarski, wielokrotny mistrz Polski, grający na Stadionie Wojska Polskiego?;Legia Warszawa;Polonia Warszawa;Górnik Zabrze;Wisła Kraków
Sport;Piłka Nożna - Ekstraklasa;bardzo trudne;W którym roku odbył się pierwszy sezon rozgrywek pod nazwą "Ekstraklasa", po zmianie nazwy z I ligi?;2005;2000;2008;1998
Sport;Piłka Nożna - Ekstraklasa;bardzo trudne;Jak nazywa się najstarszy klub piłkarski w Polsce, założony w 1906 roku w Krakowie?;Cracovia;Wisła Kraków;Ruch Chorzów;Pogoń Lwów
Sport;Piłka Nożna - Reprezentacja;łatwe;Jak nazywa się najbardziej prestiżowy międzynarodowy turniej piłkarski, rozgrywany co 4 lata między reprezentacjami narodowymi?;Mistrzostwa Świata w Piłce Nożnej;Liga Mistrzów;Puchar Konfederacji;Euro
Sport;Piłka Nożna - Reprezentacja;trudne;Który kraj zdobył najwięcej tytułów Mistrza Świata w piłce nożnej, pięć tytułów?;Brazylia;Niemcy;Włochy;Argentyna
Sport;Piłka Nożna - Reprezentacja;trudne;W którym kraju odbyły się Mistrzostwa Świata w piłce nożnej w 2022 roku?;Katar;Rosja;Brazylia;Zjednoczone Emiraty Arabskie
Sport;Piłka Nożna - Reprezentacja;bardzo trudne;Który piłkarz strzelił najwięcej bramek w historii Mistrzostw Świata (jak dotąd)?;Miroslav Klose;Ronaldo Nazário;Gerd Müller;Pelé
Sport;Piłka Nożna - Reprezentacja;bardzo trudne;W którym roku odbyły się pierwsze Mistrzostwa Świata w piłce nożnej, rozegrane w Urugwaju?;1930;1934;1926;1938
Sport;Reprezentacja Polski;łatwe;Jakie jest największe dotychczasowe miejsce reprezentacji Polski w piłce nożnej na Mistrzostwach Świata?;III miejsce;Finał;II miejsce;Ćwierćfinał
Sport;Reprezentacja Polski;trudne;Kto jest najlepszym strzelcem w historii reprezentacji Polski w piłce nożnej?;Robert Lewandowski;Włodzimierz Lubański;Grzegorz Lato;Kazimierz Deyna
Sport;Reprezentacja Polski;trudne;Kto był najlepszym strzelcem reprezentacji Polski na Mistrzostwach Świata w 1974 roku, gdzie Polska zajęła 3. miejsce?;Grzegorz Lato;Kazimierz Deyna;Włodzimierz Lubański;Jan Tomaszewski
Sport;Reprezentacja Polski;bardzo trudne;Jak nazywał się bramkarz reprezentacji Polski z MŚ 1974, nazwany przez Anglików "błaznem", który obronił kluczowe strzały w eliminacjach?;Jan Tomaszewski;Józef Młynarczyk;Grzegorz Lato;Kazimierz Deyna
Sport;Reprezentacja Polski;bardzo trudne;Kto był selekcjonerem reprezentacji Polski podczas Mistrzostw Świata 1974 i zdobycia brązowego medalu?;Kazimierz Górski;Antoni Piechniczek;Jacek Gmoch;Adam Nawałka
Sport;Siatkówka - Sukcesy Polaków;łatwe;Jak nazywa się dyscyplina sportowa, w której dwie sześcioosobowe drużyny przerzucają piłkę przez siatkę?;Siatkówka;Koszykówka;Piłka ręczna;Tenis
Sport;Siatkówka - Sukcesy Polaków;trudne;W którym roku polscy siatkarze zdobyli złoty medal Mistrzostw Świata w Katowicach po raz pierwszy w erze nowożytnej?;2014;2006;2018;1974
Sport;Siatkówka - Sukcesy Polaków;trudne;Który polski siatkarz był kapitanem reprezentacji i MVP finału Mistrzostw Świata w 2018 roku?;Bartosz Kurek;Michał Kubiak;Mariusz Wlazły;Piotr Nowakowski
Sport;Siatkówka - Sukcesy Polaków;bardzo trudne;W którym roku Polska zdobyła swój pierwszy tytuł mistrza świata w siatkówce mężczyzn, w erze PRL?;1974;1978;1966;1982
Sport;Siatkówka - Sukcesy Polaków;bardzo trudne;Kto był trenerem reprezentacji Polski w siatkówce mężczyzn podczas zdobycia mistrzostwa świata w 1974 roku w Meksyku?;Hubert Wagner;Andrzej Niemczyk;Waldemar Baszanowski;Antoni Piechniczek
Sport;Skoki Narciarskie;łatwe;Jak nazywa się polski skoczek narciarski, dwukrotny mistrz olimpijski i wielokrotny mistrz świata, jedna z ikon polskiego sportu?;Adam Małysz;Kamil Stoch;Piotr Żyła;Dawid Kubacki
Sport;Skoki Narciarskie;trudne;Który polski skoczek narciarski zdobył dwa złote medale olimpijskie w Soczi w 2014 roku?;Kamil Stoch;Adam Małysz;Piotr Żyła;Dawid Kubacki
Sport;Skoki Narciarskie;trudne;Jak nazywa się cykl czterech konkursów skoków narciarskich rozgrywanych na przełomie roku w Niemczech i Austrii?;Turniej Czterech Skoczni;Puchar Świata;Raw Air;Willingen Five
Sport;Skoki Narciarskie;bardzo trudne;Jak nazywa się skocznia mamucia w Planicy w Słowenii, na której padają rekordy świata w długości skoku?;Letalnica;Kulm;Vikersundbakken;Copper Peak
Sport;Skoki Narciarskie;bardzo trudne;Jak nazywa się polski skoczek narciarski, mistrz świata w lotach narciarskich z 2016 roku, znany z charakterystycznego stylu skoku?;Piotr Żyła;Kamil Stoch;Dawid Kubacki;Maciej Kot
Sport;Sporty Motorowe;łatwe;Jak nazywa się dyscyplina sportowa polegająca na wyścigach motocykli po owalnym torze żużlowym?;Żużel;Motocross;Enduro;Rajdy samochodowe
Sport;Sporty Motorowe;trudne;Jak nazywa się najbardziej prestiżowy indywidualny turniej żużlowy, rozgrywany cyklicznie od 1936 roku?;Indywidualne Mistrzostwa Świata na Żużlu;Speedway Euro Championship;World Team Cup;Ekstraliga
Sport;Sporty Motorowe;trudne;Jak nazywa się jeden z najbardziej utytułowanych polskich żużlowców, wielokrotny wicemistrz świata z przełomu XX i XXI wieku?;Tomasz Gollob;Bartosz Zmarzlik;Jarosław Hampel;Grzegorz Walasek
Sport;Sporty Motorowe;bardzo trudne;Jak nazywa się polski żużlowiec, mistrz świata na żużlu w latach 2019, 2020, 2021 i 2023?;Bartosz Zmarzlik;Tomasz Gollob;Jarosław Hampel;Maciej Janowski
Sport;Sporty Motorowe;bardzo trudne;Jak nazywa się słynny rajd samochodowo-terenowy przez pustynię, obecnie rozgrywany głównie w Arabii Saudyjskiej?;Rajd Dakar;Rajd Safari;Rajd Monte Carlo;Baja 1000
Sport;Sporty Zimowe;łatwe;Jak nazywa się dyscyplina sportowa polegająca na zjeździe na nartach po oznaczonej trasie ze slalomowymi bramkami?;Narciarstwo alpejskie;Biegi narciarskie;Skoki narciarskie;Snowboard
Sport;Sporty Zimowe;trudne;Jak nazywa się dyscyplina łącząca biegi narciarskie ze strzelaniem z karabinka?;Biathlon;Kombinacja norweska;Narciarstwo dowolne;Skeleton
Sport;Sporty Zimowe;trudne;Jak nazywa się dyscyplina zimowa polegająca na zjeździe saniami jednoosobowymi twarzą do dołu po lodowym torze?;Skeleton;Bobsleje;Saneczkarstwo;Curling
Sport;Sporty Zimowe;bardzo trudne;Jak nazywa się dyscyplina łącząca skoki narciarskie z biegiem narciarskim?;Kombinacja norweska;Biathlon;Narciarstwo dowolne;Skeleton
Sport;Sporty Zimowe;bardzo trudne;Jak nazywa się polska biegaczka narciarska, dwukrotna mistrzyni olimpijska, jedna z czołowych zawodniczek w historii polskiego narciarstwa biegowego?;Justyna Kowalczyk;Kornelia Marek;Sylwia Jaśkowiec;Weronika Kaleta
Sport;Stadiony i Obiekty;łatwe;Jak nazywa się narodowy stadion Polski, zbudowany na Mistrzostwa Europy w Piłce Nożnej w 2012 roku, w Warszawie?;Stadion Narodowy;Stadion Śląski;Stadion Wojska Polskiego;Stadion Miejski we Wrocławiu
Sport;Stadiony i Obiekty;trudne;Jak nazywa się największy pod względem pojemności stadion piłkarski świata, znajdujący się w Korei Północnej?;Stadion Rungrado 1 Maja;Camp Nou;Wembley;Maracana
Sport;Stadiony i Obiekty;trudne;Jak nazywa się słynny brazylijski stadion w Rio de Janeiro, miejsce finału Mistrzostw Świata 1950 i 2014?;Maracana;Camp Nou;Santiago Bernabéu;Wembley
Sport;Stadiony i Obiekty;bardzo trudne;Jak nazywa się stadion w Chorzowie, największy stadion w Polsce pod względem pojemności, zwany "Kotłem Czarownic"?;Stadion Śląski;Stadion Narodowy;Stadion Miejski w Poznaniu;Stadion GKS Katowice
Sport;Stadiony i Obiekty;bardzo trudne;Jak nazywa się stadion Realu Madryt, jeden z najbardziej rozpoznawalnych stadionów piłkarskich świata?;Santiago Bernabéu;Camp Nou;Wembley;Allianz Arena
Sport;Tenis i Iga Świątek;łatwe;Jak nazywa się polska tenisistka, wielokrotna liderka rankingu WTA i mistrzyni Wielkiego Szlema?;Iga Świątek;Agnieszka Radwańska;Magda Linette;Magdalena Fręch
Sport;Tenis i Iga Świątek;trudne;Ile tytułów wielkoszlemowych w grze pojedynczej zdobyła dotąd Iga Świątek?;5;3;4;6
Sport;Tenis i Iga Świątek;trudne;Na jakim turnieju wielkoszlemowym Iga Świątek odniosła swój pierwszy triumf w 2020 roku?;Roland Garros;Wimbledon;US Open;Australian Open
Sport;Tenis i Iga Świątek;bardzo trudne;Jak nazywa się polska tenisistka, była liderka rankingu WTA, finalistka Wimbledonu w 2012 roku, poprzedniczka Igi Świątek jako najlepsza polska tenisistka?;Agnieszka Radwańska;Magda Linette;Urszula Radwańska;Magdalena Fręch
Sport;Tenis i Iga Świątek;bardzo trudne;Kto był pierwszym trenerem Igi Świątek, z którym zdobyła tytuł mistrzyni Roland Garros w 2020 roku?;Piotr Sierzputowski;Tomasz Wiktorowski;Wim Fissette;Darren Cahill
Sport;Zasady i Przepisy Gier;łatwe;Ilu zawodników jednej drużyny znajduje się na boisku podczas meczu piłki nożnej?;11;10;12;9
Sport;Zasady i Przepisy Gier;trudne;Ile setów trzeba wygrać, aby zwyciężyć w meczu siatkówki (do najlepszego z pięciu)?;3;2;4;5
Sport;Zasady i Przepisy Gier;trudne;Jak nazywa się przepis w piłce nożnej, uniemożliwiający napastnikowi otrzymanie podania, gdy jest bliżej bramki przeciwnika niż przedostatni obrońca?;Spalony;Faul;Rzut wolny;Rzut rożny
Sport;Zasady i Przepisy Gier;bardzo trudne;Ile punktów potrzeba do wygrania seta w siatkówce, przy różnicy co najmniej dwóch punktów, z wyjątkiem seta piątego?;25;21;15;30
Sport;Zasady i Przepisy Gier;bardzo trudne;Ile sekund ma drużyna NBA na oddanie rzutu na kosz od momentu przejęcia piłki?;24 sekundy;3 sekundy;8 sekund;5 sekund
Sport;Boks i MMA (KSW);łatwe;Ile rund liczy sobie profesjonalna walka bokserska o pas mistrzowski na najwyższym poziomie?;12 rund;10 rund;15 rund;8 rund
Sport;Boks i MMA (KSW);trudne;Jak nazywa się dźwignia stawu łokciowego, jedna z najpopularniejszych technik poddania w MMA, polegająca na wyprostowaniu ręki przeciwnika wbrew jej naturalnemu zgięciu?;kluczka na ramię (armbar);duszenie trójkątne;dźwignia na kolano;chwyt zapaśniczy
Sport;Boks i MMA (KSW);trudne;W jakim amerykańskim mieście odbyła się historyczna, pierwsza gala UFC (UFC 1) w 1993 roku?;Denver;Las Vegas;Nowy Jork;Los Angeles
Sport;Boks i MMA (KSW);bardzo trudne;Jaki pseudonim nosi polski zawodnik MMA Mateusz Gamrot, walczący w wadze lekkiej organizacji UFC?;Gamer;Pudzian;Baszkir;Kaman
Sport;Boks i MMA (KSW);bardzo trudne;W którym roku odbyła się pierwsza, przegrana przez dyskwalifikację walka Andrzeja Gołoty z Riddickiem Bowe o pas mistrzowski wagi ciężkiej?;1996;1994;1998;2000
Sport;Formuła 1 i Robert Kubica;łatwe;W jakim kraju, znanym z kasyn, rozgrywany jest jeden z najbardziej prestiżowych wyścigów Formuły 1 - Grand Prix Monako?;Monako;Francja;Włochy;Szwajcaria
Sport;Formuła 1 i Robert Kubica;trudne;Ile punktów zdobywa zwycięzca wyścigu Grand Prix według obecnego systemu punktacji Formuły 1?;25;20;30;10
Sport;Formuła 1 i Robert Kubica;trudne;Jak nazywa się węgierski tor wyścigowy niedaleko Budapesztu, na którym co roku odbywa się Grand Prix Węgier?;Hungaroring;Monza;Silverstone;Spa-Francorchamps
Sport;Formuła 1 i Robert Kubica;bardzo trudne;Ile okrążeń liczy tradycyjnie Grand Prix Kanady, rozgrywane na torze imienia Gillesa Villeneuve'a w Montrealu?;70 okrążeń;58 okrążeń;78 okrążeń;52 okrążenia
Sport;Formuła 1 i Robert Kubica;bardzo trudne;Z jakim numerem startowym Robert Kubica ścigał się po powrocie do Formuły 1 w zespole Williams w 2019 roku?;88;8;44;77
Sport;Igrzyska Olimpijskie;łatwe;Jak nazywa się ogień, zapalany tradycyjnie w greckiej Olimpii i przenoszony sztafetą do miasta-gospodarza igrzysk?;znicz olimpijski;pochodnia zwycięstwa;ogień heroiczny;płomień olimpiady
Sport;Igrzyska Olimpijskie;trudne;W którym mieście odbyły się Letnie Igrzyska Olimpijskie w 2020 roku, przełożone z powodu pandemii na rok 2021?;Tokio;Pekin;Londyn;Rio de Janeiro
Sport;Igrzyska Olimpijskie;trudne;W którym mieście odbyły się Letnie Igrzyska Olimpijskie w 2024 roku?;Paryż;Los Angeles;Rzym;Madryt
Sport;Igrzyska Olimpijskie;bardzo trudne;Podczas których igrzysk olimpijskich po raz pierwszy w historii zorganizowano sztafetę ze zniczem olimpijskim, niesionym aż z Olimpii?;Berlin 1936;Ateny 1896;Paryż 1924;Londyn 1948
Sport;Igrzyska Olimpijskie;bardzo trudne;Ile dyscyplin sportowych znalazło się w programie pierwszych nowożytnych igrzysk olimpijskich w Atenach w 1896 roku?;9;5;14;20
Sport;Kolarstwo i Tour de Pologne;łatwe;Jaki kolor ma koszulka przyznawana liderowi klasyfikacji punktowej (najlepszemu sprinterowi) podczas Tour de France?;zielona;żółta;biała;czerwona
Sport;Kolarstwo i Tour de Pologne;trudne;Jak nazywa się słynny, jednodniowy wyścig kolarski rozgrywany na brukowanych drogach północnej Francji, zwany "Piekłem Północy"?;Paryż-Roubaix;Mediolan-San Remo;Liège-Bastogne-Liège;Tour de Flandre
Sport;Kolarstwo i Tour de Pologne;trudne;Jak nazywa się najbardziej prestiżowy, trzytygodniowy wyścig kolarski rozgrywany co roku we Włoszech?;Giro d'Italia;Vuelta a España;Critérium du Dauphiné;Tirreno-Adriatico
Sport;Kolarstwo i Tour de Pologne;bardzo trudne;Który polski kolarz, dziś dyrektor Tour de Pologne, zdobył srebrny medal olimpijski w wyścigu ze startu wspólnego w Los Angeles w 1984 roku?;Czesław Lang;Ryszard Szurkowski;Zbigniew Spruch;Zenon Jaskuła
Sport;Kolarstwo i Tour de Pologne;bardzo trudne;Ile różnych koszulek liderskich (klasyfikacyjnych) przyznaje się łącznie podczas wyścigu Tour de France?;4;3;5;6
Sport;Koszykówka i NBA;łatwe;Ile punktów wart jest trafiony rzut osobisty (wolny) w koszykówce?;1 punkt;2 punkty;3 punkty;0,5 punktu
Sport;Koszykówka i NBA;trudne;Ile minut trwa jeden mecz NBA w regulaminowym czasie gry (4 kwarty), nie licząc dogrywek?;48 minut;40 minut;45 minut;60 minut
Sport;Koszykówka i NBA;trudne;Który zespół NBA, obok Boston Celtics, jest współrekordzistą pod względem liczby zdobytych tytułów mistrzowskich?;Los Angeles Lakers;Chicago Bulls;Golden State Warriors;San Antonio Spurs
Sport;Koszykówka i NBA;bardzo trudne;W którym roku odbył się pierwszy sezon profesjonalnej ligi koszykówki w USA, działającej wówczas pod nazwą BAA?;1946;1936;1954;1960
Sport;Koszykówka i NBA;bardzo trudne;Który koszykarz zdobył rekordowe 100 punktów w jednym meczu NBA w 1962 roku?;Wilt Chamberlain;Kareem Abdul-Jabbar;Bill Russell;Elgin Baylor
Sport;Legendarni Sportowcy;łatwe;Jak nazywa się portugalski piłkarz, wielokrotny zdobywca Złotej Piłki i wieloletni kapitan reprezentacji Portugalii?;Cristiano Ronaldo;Luís Figo;Eusébio;Nani
Sport;Legendarni Sportowcy;trudne;Jak nazywał się amerykański koszykarz, zwany "Czarną Mambą", który całą karierę w NBA spędził w Los Angeles Lakers?;Kobe Bryant;Magic Johnson;Shaquille O'Neal;LeBron James
Sport;Legendarni Sportowcy;trudne;Jak nazywał się brazylijski kierowca Formuły 1, trzykrotny mistrz świata, który zginął tragicznie podczas Grand Prix San Marino w 1994 roku?;Ayrton Senna;Nelson Piquet;Emerson Fittipaldi;Rubens Barrichello
Sport;Legendarni Sportowcy;bardzo trudne;Jak nazywał się fiński długodystansowiec z lat 20. XX wieku, dziewięciokrotny mistrz olimpijski w biegach?;Paavo Nurmi;Hannes Kolehmainen;Lasse Virén;Ville Ritola
Sport;Legendarni Sportowcy;bardzo trudne;Jak nazywał się węgierski piłkarz, kapitan legendarnej "Złotej Drużyny" lat 50., strzelec bramki w przegranym finale MŚ 1954?;Ferenc Puskás;Sándor Kocsis;Nándor Hidegkuti;Zoltán Czibor
Sport;Lekkoatletyka;łatwe;Ile płotków pokonuje zawodnik podczas biegu na 110 metrów przez płotki (konkurencja mężczyzn)?;10;8;12;6
Sport;Lekkoatletyka;trudne;Jak nazywa się konkurencja lekkoatletyczna, w której zawodnik rzuca specjalnym, wydłużonym przyrządem przypominającym włócznię?;rzut oszczepem;rzut dyskiem;pchnięcie kulą;rzut młotem
Sport;Lekkoatletyka;trudne;Z jakiej greckiej miejscowości, według legendy, posłaniec Filippides przybiegł do Aten, co dało początek biegowi maratońskiemu?;z Maratonu;ze Sparty;z Olimpii;z Delf
Sport;Lekkoatletyka;bardzo trudne;Jak nazywał się czeski biegacz, który podczas Igrzysk Olimpijskich w Helsinkach w 1952 roku zdobył 3 złote medale (5000 m, 10 000 m i maraton)?;Emil Zátopek;Ron Clarke;Vladimir Kuts;Miruts Yifter
Sport;Lekkoatletyka;bardzo trudne;Ile centymetrów wysokości mają oficjalne płotki w biegu na 110 m przez płotki mężczyzn?;106,7 cm;100 cm;91,4 cm;114 cm
Sport;Piłka Nożna - Ekstraklasa;łatwe;Ile drużyn zazwyczaj bierze udział w jednym sezonie rozgrywek polskiej Ekstraklasy?;18;16;20;14
Sport;Piłka Nożna - Ekstraklasa;trudne;Jaki klub piłkarski z Wrocławia zdobył mistrzostwo Polski w sezonie 2011/2012?;Śląsk Wrocław;Zagłębie Lubin;Miedź Legnica;Górnik Zabrze
Sport;Piłka Nożna - Ekstraklasa;trudne;Który warszawski klub piłkarski jest tradycyjnym rywalem Legii Warszawa w tzw. "warszawskich derbach"?;Polonia Warszawa;Gwardia Warszawa;Okęcie Warszawa;Hutnik Warszawa
Sport;Piłka Nożna - Ekstraklasa;bardzo trudne;W którym roku klub Widzew Łódź zdobył swoje jak dotąd ostatnie mistrzostwo Polski?;1997;1990;2002;1985
Sport;Piłka Nożna - Ekstraklasa;bardzo trudne;Ile tytułów mistrza Polski zdobyła w swojej historii Wisła Kraków (stan po sezonie 2010/2011)?;13;9;16;11
Sport;Piłka Nożna - Reprezentacja;łatwe;Ile reprezentacji narodowych weźmie udział w finałowym turnieju Mistrzostw Świata w piłce nożnej od 2026 roku, po rozszerzeniu formatu?;48;32;40;64
Sport;Piłka Nożna - Reprezentacja;trudne;Który kraj był gospodarzem Mistrzostw Świata w piłce nożnej w 2018 roku?;Rosja;Brazylia;Katar;RPA
Sport;Piłka Nożna - Reprezentacja;trudne;W jakim mieście odbył się finał Mistrzostw Świata w piłce nożnej w 2018 roku?;Moskwa;Petersburg;Kazań;Soczi
Sport;Piłka Nożna - Reprezentacja;bardzo trudne;Jak nazywał się bramkarz reprezentacji Brazylii, obwiniany za porażkę w finale Mistrzostw Świata 1950 (tzw. "Maracanaço")?;Moacir Barbosa;Gilmar;Taffarel;Félix
Sport;Piłka Nożna - Reprezentacja;bardzo trudne;Ile bramek strzelił Grzegorz Lato podczas Mistrzostw Świata w 1974 roku, zostając królem strzelców turnieju?;7;5;9;6
Sport;Reprezentacja Polski;łatwe;W jakim polskim mieście urodził się wieloletni kapitan reprezentacji Polski, Robert Lewandowski?;Warszawa;Leszno;Łódź;Radom
Sport;Reprezentacja Polski;trudne;W którym roku reprezentacja Polski awansowała po raz pierwszy do finałów Mistrzostw Europy (Euro)?;2008;2004;2012;2000
Sport;Reprezentacja Polski;trudne;Który polski piłkarz zdobył Złotego Buta (nagrodę dla najlepszego strzelca lig europejskich) w sezonie 2020/2021?;Robert Lewandowski;Krzysztof Piątek;Arkadiusz Milik;Kamil Grosicki
Sport;Reprezentacja Polski;bardzo trudne;Kto strzelił zwycięskiego gola dla Polski w meczu z Rosją podczas Euro 2012?;Jakub Błaszczykowski;Robert Lewandowski;Jakub Rzeźniczak;Ludovic Obraniak
Sport;Reprezentacja Polski;bardzo trudne;Kto był selekcjonerem reprezentacji Polski na Mistrzostwach Świata w Niemczech w 2006 roku?;Paweł Janas;Leo Beenhakker;Jerzy Engel;Franciszek Smuda
Sport;Siatkówka - Sukcesy Polaków;łatwe;Ilu zawodników jednej drużyny siatkarskiej przebywa jednocześnie na boisku podczas gry?;6;5;7;4
Sport;Siatkówka - Sukcesy Polaków;trudne;Jak nazywa się zawodnik wyspecjalizowany w przyjęciu zagrywki i obronie, który nie ma prawa atakować piłki powyżej górnej taśmy siatki?;libero;rozgrywający;przyjmujący;atakujący
Sport;Siatkówka - Sukcesy Polaków;trudne;Ile maksymalnie zawodników może liczyć skład meczowy drużyny siatkarskiej (nie licząc dodatkowego libero)?;12;10;14;15
Sport;Siatkówka - Sukcesy Polaków;bardzo trudne;Kto był trenerem reprezentacji Polski w siatkówce mężczyzn, gdy zdobyła brązowy medal Igrzysk Olimpijskich w Tokio (2021)?;Vital Heynen;Stephane Antiga;Ferdinando De Giorgi;Andrea Anastasi
Sport;Siatkówka - Sukcesy Polaków;bardzo trudne;Jak nazywa się zagrywka siatkarska wykonywana z wyskoku, silnym, płaskim uderzeniem piłki, upodabniająca serwis do ataku?;zagrywka w wyskoku (jump serve);zagrywka z dołu;zagrywka górna z miejsca;zagrywka boczna
Sport;Skoki Narciarskie;łatwe;Na jakiej sztucznej nawierzchni (rodzaj maty) trenują skoczkowie narciarscy latem, gdy nie ma naturalnego śniegu?;igielit (maty z tworzywa sztucznego);guma piankowa;trawa syntetyczna;folia silikonowa
Sport;Skoki Narciarskie;trudne;Ilu zawodników startuje w konkursie drużynowym skoków narciarskich w ramach jednej reprezentacji narodowej?;4;3;5;6
Sport;Skoki Narciarskie;trudne;Jak nazywa się charakterystyczne ustawienie nart w locie, przypominające literę V, stosowane przez współczesnych skoczków narciarskich?;styl V;styl klasyczny;styl równoległy;styl Daescher
Sport;Skoki Narciarskie;bardzo trudne;W którym roku fiński skoczek Matti Nykänen zdobył komplet trzech złotych medali olimpijskich w Calgary?;1988;1984;1992;1980
Sport;Skoki Narciarskie;bardzo trudne;Jak nazywał się szwedzki skoczek narciarski, uznawany za twórcę nowoczesnego stylu V, triumfator klasyfikacji generalnej Pucharu Świata w sezonie 1988/89?;Jan Boklöv;Jens Weissflog;Andreas Felder;Ernst Vettori
Sport;Sporty Motorowe;łatwe;W jakim kraju rozgrywany jest słynny, owalny wyścig samochodowy Indianapolis 500?;USA;Wielka Brytania;Niemcy;Włochy
Sport;Sporty Motorowe;trudne;Jak nazywa się niemiecka seria wyścigowa samochodów turystycznych, w której ścigał się m.in. Robert Kubica?;DTM;WTCC;NASCAR;IndyCar
Sport;Sporty Motorowe;trudne;Z ilu okrążeń składa się pojedynczy bieg żużlowy na standardowym torze o długości ok. 400 metrów?;4;6;8;3
Sport;Sporty Motorowe;bardzo trudne;W którym roku po raz pierwszy rozegrano wyścig Indianapolis 500?;1911;1901;1923;1935
Sport;Sporty Motorowe;bardzo trudne;Jak nazywa się doroczny turniej żużlowych reprezentacji narodowych, następca dawnego World Team Cup, rozgrywany od 1960 roku?;Speedway of Nations;Speedway Grand Prix;World Cup Speedway;European Team Championship
Sport;Sporty Zimowe;łatwe;W jakiej dyscyplinie zimowej zawodnicy ścigają się na desce, wykonując zjazdy i akrobacje na specjalnie przygotowanym stoku lub torze?;snowboard;narciarstwo alpejskie;saneczkarstwo;biathlon
Sport;Sporty Zimowe;trudne;Jak nazywa się dyscyplina łyżwiarska polegająca na wykonywaniu skoków, piruetów i układów choreograficznych do muzyki?;łyżwiarstwo figurowe;łyżwiarstwo szybkie;short track;curling
Sport;Sporty Zimowe;trudne;Ile osób liczy skład drużyny bobslejowej w konkurencji tzw. "czwórek"?;4;2;3;5
Sport;Sporty Zimowe;bardzo trudne;Który kraj zajął pierwsze miejsce w klasyfikacji medalowej Zimowych Igrzysk Olimpijskich w Pekinie w 2022 roku?;Norwegia;Niemcy;Chiny;Stany Zjednoczone
Sport;Sporty Zimowe;bardzo trudne;Jak nazywał się austriacki narciarz alpejski, który jako pierwszy w historii zdobył komplet trzech złotych medali olimpijskich, na igrzyskach w Cortina d'Ampezzo w 1956 roku?;Toni Sailer;Karl Schranz;Franz Klammer;Hermann Maier
Sport;Stadiony i Obiekty;łatwe;W jakim angielskim mieście znajduje się słynny stadion Old Trafford, domowa arena klubu Manchester United?;Manchester;Liverpool;Londyn;Birmingham
Sport;Stadiony i Obiekty;trudne;Jak nazywa się stadion w Monachium, domowa arena Bayernu Monachium, znana z charakterystycznej, podświetlanej elewacji?;Allianz Arena;Signal Iduna Park;Veltins-Arena;Olympiastadion
Sport;Stadiony i Obiekty;trudne;Jak nazywa się historyczny stadion olimpijski w Berlinie, gospodarz Igrzysk Olimpijskich z 1936 roku?;Olympiastadion Berlin;Signal Iduna Park;Allianz Arena;Waldstadion
Sport;Stadiony i Obiekty;bardzo trudne;W którym roku otwarto barceloński stadion Camp Nou?;1957;1947;1965;1972
Sport;Stadiony i Obiekty;bardzo trudne;Jaką w przybliżeniu pojemność (w tysiącach miejsc) miał pierwotnie, w momencie otwarcia w 1989 roku, ogromny stadion Rungrado w Pjongjangu?;ok. 150 tysięcy;ok. 100 tysięcy;ok. 200 tysięcy;ok. 80 tysięcy
Sport;Tenis i Iga Świątek;łatwe;Do ilu wygranych setów rozgrywany jest standardowo mecz kobiet w turniejach Wielkiego Szlema?;2;3;1;4
Sport;Tenis i Iga Świątek;trudne;Jak nazywa się wielkoszlemowy turniej tenisowy rozgrywany co roku w Nowym Jorku, na kortach twardych?;US Open;Australian Open;Wimbledon;Roland Garros
Sport;Tenis i Iga Świątek;trudne;Jak nazywa się turniej wielkoszlemowy rozgrywany na początku roku w Melbourne, na kortach twardych?;Australian Open;US Open;Wimbledon;Roland Garros
Sport;Tenis i Iga Świątek;bardzo trudne;Ile lat miała Iga Świątek, gdy w 2020 roku wygrała swój pierwszy tytuł wielkoszlemowy w Roland Garros?;19 lat;17 lat;21 lat;23 lata
Sport;Tenis i Iga Świątek;bardzo trudne;Jak nazywa się trofeum przyznawane zwycięzcy turnieju mężczyzn w Roland Garros?;Puchar Muszkieterów;Puchar Davisa;Talerz Rosewater;Puchar Federacji
Sport;Zasady i Przepisy Gier;łatwe;Ile minut trwa regulaminowy mecz piłki nożnej (dwie połowy, bez doliczonego czasu)?;90 minut;80 minut;100 minut;60 minut
Sport;Zasady i Przepisy Gier;trudne;Po ilu faulach osobistych zawodnik zostaje wykluczony z dalszej gry w meczu NBA?;6 faulach;5 faulach;4 faulach;7 faulach
Sport;Zasady i Przepisy Gier;trudne;Jak nazywa się kara w piłce ręcznej, polegająca na czasowym wykluczeniu zawodnika z boiska na 2 minuty?;kara dwóch minut (wykluczenie);czerwona kartka;żółta kartka;dyskwalifikacja na mecz
Sport;Zasady i Przepisy Gier;bardzo trudne;Ilu zawodników jednej drużyny znajduje się na boisku podczas meczu rugby union?;15;13;11;7
Sport;Zasady i Przepisy Gier;bardzo trudne;Ilu zawodników jednej drużyny hokeja na lodzie przebywa jednocześnie na lodowisku, nie licząc bramkarza?;5;6;4;3
