Społeczeństwo i Prawo;Dokumenty Osobiste;trudne;Ile cyfr posiada polski Powszechny Elektroniczny System Ewidencji Ludności (PESEL)?;11;9;10;13
Społeczeństwo i Prawo;Dokumenty Osobiste;trudne;Ile wynosi maksymalny termin ważności paszportu tymczasowego wydawanego w wyjątkowych sytuacjach losowych?;12 miesięcy;6 miesięcy;3 miesiące;1 miesiąc
Społeczeństwo i Prawo;Dokumenty Osobiste;trudne;Jak nazywa się unikalny, 11-cyfrowy numer identyfikacyjny nadawany w Polsce osobom fizycznym?;PESEL;NIP;REGON;KRS
Społeczeństwo i Prawo;Dokumenty Osobiste;trudne;Na jaki okres ważności wydawany jest paszport pełnoletniemu obywatelowi Rzeczypospolitej Polskiej?;10 lat;5 lat;15 lat;8 lat
Społeczeństwo i Prawo;Dokumenty Osobiste;trudne;Od jakiego wieku można w Polsce w pełni samodzielnie wnioskować o wydanie dowodu osobistego?;Od 18 lat;Od 16 lat;Od 15 lat;Od 21 lat
Społeczeństwo i Prawo;Dokumenty Osobiste;trudne;Przez ile lat jest zazwyczaj ważny standardowy dowód osobisty wydany osobie pełnoletniej w Polsce?;10 lat;5 lat;15 lat;Bezterminowo
Społeczeństwo i Prawo;Dokumenty Osobiste;łatwe;Co oznacza w całej Unii Europejskiej dokument EKUZ, przydatny podczas wakacyjnych urazów i chorób?;Europejska Karta Ubezpieczenia Zdrowotnego;Europejski Kod Ubezpieczeń Zwrotnych;Elektroniczna Karta Urzędu Zdrowia;Ewidencja Krajowych Usług Zdrowotnych
Społeczeństwo i Prawo;Dokumenty Osobiste;łatwe;Co upoważnia i certyfikuje dorosłego Polaka do legalnego prowadzenia samochodu po drogach publicznych?;Prawo jazdy;Dowód rejestracyjny;Karta pojazdu;Ubezpieczenie OC
Społeczeństwo i Prawo;Dokumenty Osobiste;łatwe;Jaki dokument książeczkowy jest bezwzględnie wymagany, by wyjechać z Polski np. do USA czy Australii?;Paszport;Dowód osobisty;Karta EKUZ;Wiza turystyczna (tylko wiza)
Społeczeństwo i Prawo;Dokumenty Osobiste;łatwe;Jaki dokument potwierdza tożsamość i obywatelstwo polskie na terenie kraju?;Dowód osobisty;Prawo jazdy;Legitymacja szkolna;Paszport
Społeczeństwo i Prawo;Dokumenty Osobiste;łatwe;Jaki polski dokument urzędowy uczeń polskiej szkoły pokazuje w PKP, by otrzymać zniżkę na pociąg?;Legitymację szkolną;Paszport tymczasowy;Zaświadczenie ze szkoły;Akt urodzenia
Społeczeństwo i Prawo;Dokumenty Osobiste;łatwe;Od którego roku życia obywatel Polski może całkowicie samodzielnie wyrobić pełnoprawny dowód osobisty?;Od 18. roku życia;Od 16. roku życia;Od 15. roku życia;Od 21. roku życia
Społeczeństwo i Prawo;Edukacja i Szkolnictwo;trudne;Do jakiego wieku nauka w Polsce jest obowiązkowa (choć niekoniecznie w szkole) według Konstytucji?;Do 18 lat;Do 16 lat;Do 15 lat;Do 21 lat
Społeczeństwo i Prawo;Edukacja i Szkolnictwo;trudne;Jak nazywa się najwyższy stopień naukowy, który można uzyskać w Polsce (nadawany przez uczelnię lub instytut PAN)?;Doktor habilitowany;Doktor;Profesor;Magister inżynier
Społeczeństwo i Prawo;Edukacja i Szkolnictwo;trudne;Kto sprawuje nadzór pedagogiczny nad szkołami i placówkami oświatowymi na terenie danego województwa?;Kurator oświaty;Wojewoda;Marszałek województwa;Starosta
Społeczeństwo i Prawo;Edukacja i Szkolnictwo;trudne;Który artykuł Konstytucji RP gwarantuje każdemu prawo do nauki oraz stanowi o bezpłatności nauki w szkołach publicznych?;Artykuł 70;Artykuł 65;Artykuł 48;Artykuł 72
Społeczeństwo i Prawo;Edukacja i Szkolnictwo;trudne;Który organ administracji rządowej sprawuje nadzór pedagogiczny nad szkołami w danym województwie?;Kurator oświaty;Wojewoda;Starosta;Marszałek województwa
Społeczeństwo i Prawo;Edukacja i Szkolnictwo;trudne;W którym roku w Polsce wprowadzono reformę, która ostatecznie zlikwidowała gimnazja i przywróciła 8-letnie szkoły podstawowe?;2017;2015;2019;2014
Społeczeństwo i Prawo;Edukacja i Szkolnictwo;łatwe;Do którego roku życia na terenie państwa polskiego każde dziecko, ze względu na wiek, jest objęte powszechnym obowiązkiem nauki?;Do 18. roku życia;Do 15. roku życia;Do 21. roku życia;Do 16. roku życia
Społeczeństwo i Prawo;Edukacja i Szkolnictwo;łatwe;Jak brzmi skrót nazwy ministerstwa w Polsce, które opiekuje się szkołami od przedszkola po licea?;MEN (Ministerstwo Edukacji Narodowej);MON (Ministerstwo Obrony Narodowej);NFZ (Narodowy Fundusz Zdrowia);ZHP (Związek Harcerstwa Polskiego)
Społeczeństwo i Prawo;Edukacja i Szkolnictwo;łatwe;Jak potocznie nazywa się egzamin kończący naukę w szkole średniej, dający wstęp na studia?;Matura;Egzamin ósmoklasisty;Kolokwium;Obrona
Społeczeństwo i Prawo;Edukacja i Szkolnictwo;łatwe;Jak tytułowany jest uroczyście najważniejszy urzędnik, najwyższy przełożony pracowników i studentów danej wyższej uczelni?;Jego Magnificencja Rektor;Dziekan Wydziału;Dyrektor Uczelni;Promotor
Społeczeństwo i Prawo;Edukacja i Szkolnictwo;łatwe;Jaki tradycyjnie i ogólnopolski egzamin, nazywany 'egzaminem dojrzałości', otwiera w Polsce drogę na studia?;Matura;Egzamin ósmoklasisty;Egzamin zawodowy;Obrona pracy
Społeczeństwo i Prawo;Edukacja i Szkolnictwo;łatwe;Jaką potoczną i tradycyjną nazwę nosi książeczka studenta, będąca przed laty dowodem wpisu do sesji i zdania egzaminów?;Indeks;Dziennik;Paszport;Dzienniczek ucznia
Społeczeństwo i Prawo;Instytucje Państwowe;trudne;Jak nazywa się organ stojący na straży wolności słowa w radiu i telewizji?;KRRiT;UOKiK;UKE;Rada Mediów Narodowych
Społeczeństwo i Prawo;Instytucje Państwowe;trudne;Jaka instytucja w Polsce zajmuje się m.in. gromadzeniem i zarządzaniem składkami na ubezpieczenia społeczne oraz wypłatą emerytur?;ZUS;KRUS;NBP;KNF
Społeczeństwo i Prawo;Instytucje Państwowe;trudne;Jaka jest długość kadencji Prezesa Najwyższej Izby Kontroli (NIK)?;6 lat;4 lata;5 lat;8 lat
Społeczeństwo i Prawo;Instytucje Państwowe;trudne;Jaki jest najwyższy polski organ kontroli państwowej, który bezpośrednio podlega Sejmowi?;Najwyższa Izba Kontroli (NIK);Centralne Biuro Antykorupcyjne;Agencja Bezpieczeństwa Wew.;KRRiT
Społeczeństwo i Prawo;Instytucje Państwowe;trudne;Jaki organ w Polsce ma wyłączne prawo inicjatywy ustawodawczej w zakresie ustawy budżetowej?;Rada Ministrów;Prezydent RP;Senat;Grupa 15 posłów
Społeczeństwo i Prawo;Instytucje Państwowe;trudne;Kto sprawuje nadzór nad działalnością rządu i administracji państwowej?;Najwyższa Izba Kontroli (NIK);Sąd Najwyższy;Rzecznik Praw Obywatelskich;IPN
Społeczeństwo i Prawo;Instytucje Państwowe;trudne;Kto według polskiego prawa bezpośrednio powołuje Rzecznika Praw Obywatelskich?;Sejm za zgodą Senatu;Prezydent RP;Trybunał Konstytucyjny;Rada Ministrów
Społeczeństwo i Prawo;Instytucje Państwowe;trudne;Która instytucja w Polsce zajmuje się emisją pieniądza?;Narodowy Bank Polski (NBP);ZUS;Ministerstwo Finansów;KNF
Społeczeństwo i Prawo;Instytucje Państwowe;trudne;Która służba mundurowa w Polsce jest odpowiedzialna za ochronę najważniejszych osób w państwie (np. Prezydenta i Premiera)?;SOP;BOR;GROM;Żandarmeria Wojskowa
Społeczeństwo i Prawo;Instytucje Państwowe;łatwe;Co bada powołany w Polsce IPN, zajmujący się w głównej mierze archiwami komunistycznymi?;Instytut Pamięci Narodowej bada zbrodnie nazistowskie i komunistyczne;Instytut Podatków Narodowych bada korupcję;Instytucja Policji Narodowej tropi przestępców;Instytut Polskich Nauk gromadzi wiedzę o kraju
Społeczeństwo i Prawo;Instytucje Państwowe;łatwe;Jak nazywa się organ władzy ustawodawczej w Polsce, składający się z 460 posłów?;Sejm;Senat;Rząd;Trybunał
Społeczeństwo i Prawo;Instytucje Państwowe;łatwe;Jaka instytucja pełni funkcję polskiego banku centralnego, emitującego m.in. banknoty?;Narodowy Bank Polski (NBP);PKO BP;Bank Gospodarstwa Krajowego;KNF
Społeczeństwo i Prawo;Instytucje Państwowe;łatwe;Jaka państwowa organizacja zajmuje się zbieraniem ankiet i prowadzeniem spisów (np. spisu powszechnego)?;GUS (Główny Urząd Statystyczny);CBOS;NIK;ZUS
Społeczeństwo i Prawo;Instytucje Państwowe;łatwe;Jaka publiczna instytucja pobiera w Polsce z Twojej pensji ogromne składki m.in na twoją emeryturę?;ZUS (Zakład Ubezpieczeń Społecznych);NFZ (Narodowy Fundusz Zdrowia);GUS (Główny Urząd Statystyczny);US (Urząd Skarbowy)
Społeczeństwo i Prawo;Instytucje Państwowe;łatwe;Kto jest głową państwa w Rzeczypospolitej Polskiej?;Prezydent;Premier;Marszałek Sejmu;Prezes Rady Ministrów
Społeczeństwo i Prawo;Instytucje Państwowe;łatwe;Która instytucja to naczelny organ kontroli państwowej w Polsce, dbający m.in o przejrzystość finansów?;Najwyższa Izba Kontroli (NIK);Urząd Ochrony Konkurencji i Konsumentów;Sąd Najwyższy;Centralne Biuro Antykorupcyjne
Społeczeństwo i Prawo;Instytucje Państwowe;łatwe;Z kim placówki medyczne podpisują kontrakty, by polscy pacjenci mogli leczyć się państwowo i bez opłat?;Z Narodowym Funduszem Zdrowia (NFZ);Z Ministerstwem Zdrowia;Z Zakładem Ubezpieczeń Społecznych;Z Głównym Inspektoratem Sanitarnym
Społeczeństwo i Prawo;Konstytucja RP;trudne;Ile lat trwa kadencja Senatu w Polsce?;4 lata;5 lat;6 lat;2 lata
Społeczeństwo i Prawo;Konstytucja RP;trudne;Ilu sędziów wchodzi w skład Trybunału Konstytucyjnego, wybieranych przez Sejm na 9-letnią kadencję?;15;12;9;20
Społeczeństwo i Prawo;Konstytucja RP;trudne;Ilu sędziów zasiada w Trybunale Konstytucyjnym?;15;12;9;20
Społeczeństwo i Prawo;Konstytucja RP;trudne;Jak potocznie nazywa się ustawę z 1992 roku, która regulowała ustrój przed obecną Konstytucją?;Mała Konstytucja;Konstytucja kwietniowa;Nowela grudniowa;Konstytucja solidarnościowa
Społeczeństwo i Prawo;Konstytucja RP;trudne;Jaką większością głosów Sejm uchwala zmianę Konstytucji Rzeczypospolitej Polskiej?;Co najmniej 2/3 głosów w obecności co najmniej połowy ustawowej liczby posłów;Bezwzględną większością głosów w obecności co najmniej połowy ustawowej liczby posłów;Co najmniej 3/4 głosów w obecności co najmniej dwóch trzecich ustawowej liczby posłów;Zwykłą większością głosów przy obecności dowolnej liczby posłów
Społeczeństwo i Prawo;Konstytucja RP;trudne;Przez kogo wybierany jest Prezydent Rzeczypospolitej Polskiej?;Przez naród w wyborach powszechnych;Przez Sejm i Senat;Przez Rząd;Przez Trybunał Stanu
Społeczeństwo i Prawo;Konstytucja RP;trudne;W jakim terminie od ogłoszenia wyników wyborów musi odbyć się pierwsze posiedzenie nowo wybranego Sejmu?;30 dni;14 dni;60 dni;7 dni
Społeczeństwo i Prawo;Konstytucja RP;trudne;Z ilu rozdziałów składa się obecnie obowiązująca Konstytucja RP z 1997 roku?;13;10;15;20
Społeczeństwo i Prawo;Konstytucja RP;trudne;Zgodnie z polską Konstytucją, kto jest najwyższym zwierzchnikiem Sił Zbrojnych Rzeczypospolitej Polskiej?;Prezydent RP;Minister Obrony Narodowej;Premier;Szef Sztabu Generalnego
Społeczeństwo i Prawo;Konstytucja RP;łatwe;Ilu dokładnie posłów zgodnie z Konstytucją zasiada zawsze w polskim Sejmie?;460 posłów;100 posłów;300 posłów;560 posłów
Społeczeństwo i Prawo;Konstytucja RP;łatwe;Jak nazywa się najwyższy akt prawny w państwie, nazywany 'ustawą zasadniczą'?;Konstytucja;Kodeks Karny;Ustawa Sejmowa;Dekret
Społeczeństwo i Prawo;Konstytucja RP;łatwe;Jak określa się uroczysty, poetycki i ważny wstęp do Konstytucji, wyjaśniający jej powody powstania?;Preambuła;Epilog;Inwokacja;Postulat
Społeczeństwo i Prawo;Konstytucja RP;łatwe;Jaki jest najważniejszy akt prawny w Polsce?;Konstytucja;Ustawa;Rozporządzenie;Kodeks karny
Społeczeństwo i Prawo;Konstytucja RP;łatwe;Kiedy obchodzimy święto upamiętniające pierwszą polską konstytucję z 1791 roku?;3 maja;11 listopada;15 sierpnia;1 maja
Społeczeństwo i Prawo;Konstytucja RP;łatwe;Na jakim fundamentalnym podziale opiera się ustrój państwa polskiego według Konstytucji?;Na trójpodziale władzy;Na władzy absolutnej;Na systemie dwupartyjnym;Na dwupodziale władzy
Społeczeństwo i Prawo;Konstytucja RP;łatwe;W którym roku uchwalono i przyjęto obecnie obowiązującą Konstytucję Rzeczypospolitej Polskiej?;W 1997 roku;W 1989 roku;W 1992 roku;W 2004 roku
Społeczeństwo i Prawo;Konstytucja RP;łatwe;W którym roku uchwalono obowiązującą obecnie Konstytucję Rzeczypospolitej Polskiej?;W 1997 roku;W 1989 roku;W 1992 roku;W 2004 roku
Społeczeństwo i Prawo;Media i Dziennikarstwo;trudne;Jak nazywa się konstytucyjny organ stojący na straży wolności słowa i prawa do informacji w radiu i telewizji?;KRRiT;Rada Mediów Narodowych;UOKiK;UKE
Społeczeństwo i Prawo;Media i Dziennikarstwo;trudne;Jaki organ w Polsce stoi na straży wolności słowa, prawa do informacji i interesu publicznego w rtv?;KRRiT;UOKiK;UKE;Rada Etyki Mediów
Społeczeństwo i Prawo;Media i Dziennikarstwo;trudne;Jakim terminem określa się rzetelne i bezstronne przekazywanie informacji, będące kluczowym obowiązkiem etycznym dziennikarza?;Obiektywizm;Subiektywizm;Sensacjonalizm;Pluralizm
Społeczeństwo i Prawo;Media i Dziennikarstwo;trudne;Kto w 1944 roku założył w Lublinie Polską Agencję Prasową (pierwotnie jako Polpress)?;Stefan Staszewski;Jerzy Borejsza;Julia Brystygierowa;Jakub Berman
Społeczeństwo i Prawo;Media i Dziennikarstwo;trudne;Która polska agencja jest jedyną oficjalną, państwową agencją prasową?;Polska Agencja Prasowa (PAP);Katolicka Agencja Inf. (KAI);Informacyjna Agencja Radiowa;Reuters
Społeczeństwo i Prawo;Media i Dziennikarstwo;trudne;Który organ państwowy w Polsce jest uprawniony do przyznawania koncesji na nadawanie programów radiowych i telewizyjnych?;Krajowa Rada Radiofonii i Telewizji;Urząd Komunikacji Elektronicznej;Ministerstwo Kultury i Dziedzictwa Narodowego;Urząd Ochrony Konkurencji i Konsumentów
Społeczeństwo i Prawo;Media i Dziennikarstwo;łatwe;Czym w prasie i portalach internetowych jest tzw. 'clickbait'?;Sensacyjnym nagłówkiem zmuszającym do kliknięcia;Rzetelnym felietonem naukowym;Wywiadem z politykiem;Płatną zaporą za czytanie (paywallem)
Społeczeństwo i Prawo;Media i Dziennikarstwo;łatwe;Jak z języka angielskiego nazywa się fabrykowane, kłamliwe wiadomości w internecie, mające siać zamęt?;Fake news;Clickbait;Spam;Trolling
Społeczeństwo i Prawo;Media i Dziennikarstwo;łatwe;Jaka krajowa rada w Polsce dba od lat o ład, wolność słowa i etykę w telewizji oraz radiu?;Krajowa Rada Radiofonii i Telewizji (KRRiT);Rada Mediów Narodowych;Urząd Ochrony Konkurencji;Sąd Najwyższy
Społeczeństwo i Prawo;Media i Dziennikarstwo;łatwe;Jaka polska stacja telewizyjna ma status nadawcy publicznego, finansowanego m.in. z abonamentu?;TVP;TVN;Polsat;TV Puls
Społeczeństwo i Prawo;Media i Dziennikarstwo;łatwe;Jaką 'władzą' powszechnie i nieformalnie nazywa się opiniotwórcze media w każdym demokratycznym państwie?;Czwartą władzą;Pierwszą władzą;Drugą władzą;Piątą władzą
Społeczeństwo i Prawo;Media i Dziennikarstwo;łatwe;Rozwinięciem jakiej znanej nazwy informacyjnej jest polski skrót PAP?;Polska Agencja Prasowa;Polski Autorytet Prasowy;Państwowa Agencja Publikacyjna;Publiczny Aparat Przekazu
Społeczeństwo i Prawo;Organizacje Międzynarodowe;trudne;Do jakiego wojskowego sojuszu obronnego, założonego w 1949 r., oficjalnie należy Polska?;Do NATO;Do Układu Warszawskiego;Do OBWE;Do SEATO
Społeczeństwo i Prawo;Organizacje Międzynarodowe;trudne;Ile państw założycielskich podpisało Kartę Narodów Zjednoczonych w San Francisco w 1945 roku?;51;44;49;57
Społeczeństwo i Prawo;Organizacje Międzynarodowe;trudne;Ilu stałych członków (posiadających prawo weta) wchodzi w skład Rady Bezpieczeństwa ONZ?;5;10;15;7
Społeczeństwo i Prawo;Organizacje Międzynarodowe;trudne;Jak nazywa się organizacja wyspecjalizowana ONZ zajmująca się współpracą w dziedzinie kultury, sztuki i nauki?;UNESCO;UNICEF;WHO;Interpol
Społeczeństwo i Prawo;Organizacje Międzynarodowe;trudne;Która z wyspecjalizowanych organizacji ONZ skupia się na problemach dzieci na całym świecie?;UNICEF;UNESCO;WHO;FAO
Społeczeństwo i Prawo;Organizacje Międzynarodowe;trudne;W jakim mieście znajduje się główna kwatera polityczna i wojskowa sojuszu NATO?;W Brukseli;W Waszyngtonie;W Londynie;W Paryżu
Społeczeństwo i Prawo;Organizacje Międzynarodowe;łatwe;Co jest nadrzędnym celem Funduszu Narodów Zjednoczonych na rzecz Dzieci (UNICEF)?;Pomoc i ochrona dzieci (m.in po wojnach i klęskach);Edukacja uniwersytecka dorosłych;Walka z piractwem morskim;Emisja ogólnoświatowej waluty
Społeczeństwo i Prawo;Organizacje Międzynarodowe;łatwe;Jaki główny cel na świecie posiada Organizacja Narodów Zjednoczonych (ONZ)?;Utrzymanie pokoju i bezpieczeństwa;Darmowy handel dobrami luksusowymi;Odkrycia w kosmosie;Eksploracja Oceanów
Społeczeństwo i Prawo;Organizacje Międzynarodowe;łatwe;Która agenda ONZ zajmuje się wspieraniem nauki oraz dodawaniem cudów świata na słynną listę dziedzictwa?;UNESCO;UNICEF;NATO;Interpol
Społeczeństwo i Prawo;Organizacje Międzynarodowe;łatwe;Który sojusz militarny i polityczny powołano na podstawie Paktu Północnoatlantyckiego, do którego należy Polska?;NATO;Układ Warszawski;ONZ;WHO
Społeczeństwo i Prawo;Organizacje Międzynarodowe;łatwe;O co na poziomie globalnym i światowym dba znana wszystkim powszechnie organizacja WHO?;O zdrowie publiczne i walkę z pandemiami;O ochronę zwierząt wymarłych;O rolnictwo i rynki zbytu;O zabytki wpisane na listę
Społeczeństwo i Prawo;Organizacje Międzynarodowe;łatwe;Z jakiego miasta koordynowane są działania ONZ, gdzie znajduje się główna siedziba organizacji?;Z Nowego Jorku;Z Genewy;Z Brukseli;Z Hagi
Społeczeństwo i Prawo;Podatki i Finanse;trudne;Do jakiego dnia pracodawca ma obowiązek wysłać pracownikowi informację podatkową PIT-11 za rok ubiegły?;Do końca lutego;Do 30 kwietnia;Do 31 stycznia;Do 15 marca
Społeczeństwo i Prawo;Podatki i Finanse;trudne;Jak nazywa się pośredni podatek konsumpcyjny doliczany do wartości towarów i usług (tzw. podatek od wartości dodanej)?;VAT;CIT;PIT;Akcyza
Społeczeństwo i Prawo;Podatki i Finanse;trudne;Jaka jest podstawowa (standardowa) stawka podatku od towarów i usług (VAT) obowiązująca w Polsce?;23%;20%;22%;25%
Społeczeństwo i Prawo;Podatki i Finanse;trudne;Jaki skrót oznacza stawkę oprocentowania kredytów na polskim rynku międzybankowym, od której zależy wysokość rat wielu kredytów?;WIBOR;LIBOR;EURIBOR;WIG20
Społeczeństwo i Prawo;Podatki i Finanse;trudne;Jakie ciało przy NBP jest odpowiedzialne za ustalanie oficjalnych stóp procentowych w Polsce?;Rada Polityki Pieniężnej;Komisja Nadzoru Finansowego;Zarząd NBP;Ministerstwo Finansów
Społeczeństwo i Prawo;Podatki i Finanse;trudne;Jaką nazwę nosi podatek nakładany na wybrane wyroby konsumpcyjne w celu ograniczenia ich spożycia (np. alkohol, paliwa)?;Akcyza;Cło;Podatek Belki;Podatek katastralny
Społeczeństwo i Prawo;Podatki i Finanse;łatwe;Co oznacza w Polsce powszechny skrót PIT w odniesieniu do corocznego rozliczania się z urzędem?;Podatek dochodowy od osób fizycznych;Podatek od towarów i usług;Podatek od nieruchomości;Państwowy Instytut Transakcji
Społeczeństwo i Prawo;Podatki i Finanse;łatwe;Jak nazywa się pośredni podatek nałożony w sklepie na każdy produkt i usługę w Polsce?;Podatek VAT;Podatek PIT;Podatek CIT;Podatek akcyzowy
Społeczeństwo i Prawo;Podatki i Finanse;łatwe;Jak w Polsce określamy popularnie podatek dochodowy od osób fizycznych?;PIT;CIT;VAT;Akcyza
Społeczeństwo i Prawo;Podatki i Finanse;łatwe;Jakim terminem makroekonomicznym w gospodarce nazywamy ogólny, stały wzrost cen towarów na rynku?;Inflacją;Deflacją;Hossą;Recesją
Społeczeństwo i Prawo;Podatki i Finanse;łatwe;Która państwowa instytucja w Polsce odpowiada za emisję naszych banknotów oraz bilonu?;Narodowy Bank Polski (NBP);Mennica Polska;Ministerstwo Finansów;Polska Wytwórnia Papierów Wartościowych
Społeczeństwo i Prawo;Podatki i Finanse;łatwe;Na jakie szkodliwe lub luksusowe towary nałożony jest w Polsce wysoki, specjalny podatek zwany akcyzą?;Na alkohol, papierosy i paliwa;Na leki i wyroby medyczne;Na książki i gazety;Na chleb i nabiał
Społeczeństwo i Prawo;Prawa Człowieka;trudne;Gdzie znajduje się siedziba Międzynarodowego Trybunału Sprawiedliwości, głównego organu sądowego ONZ?;W Hadze;W Genewie;W Strasburgu;W Luksemburgu
Społeczeństwo i Prawo;Prawa Człowieka;trudne;Jak nazywa się polski organ państwowy, którego zadaniem jest ochrona wolności i praw człowieka określonych w Konstytucji?;Rzecznik Praw Obywatelskich;Rzecznik Praw Dziecka;Rzecznik Praw Pacjenta;Prezes UODO
Społeczeństwo i Prawo;Prawa Człowieka;trudne;Kto jako pierwsza osoba (i pierwsza kobieta) sprawował w Polsce urząd Rzecznika Praw Obywatelskich?;Ewa Łętowska;Irena Lipowicz;Adam Bodnar;Janusz Kochanowski
Społeczeństwo i Prawo;Prawa Człowieka;trudne;W jakim francuskim mieście znajduje się siedziba Europejskiego Trybunału Praw Człowieka?;W Strasburgu;W Paryżu;W Lyonie;W Marsylii
Społeczeństwo i Prawo;Prawa Człowieka;trudne;W którym roku Zgromadzenie Ogólne ONZ przyjęło Powszechną Deklarację Praw Człowieka?;1948;1945;1950;1966
Społeczeństwo i Prawo;Prawa Człowieka;trudne;W którym roku Zgromadzenie Ogólne ONZ uchwaliło Powszechną Deklarację Praw Człowieka?;1948;1945;1950;1953
Społeczeństwo i Prawo;Prawa Człowieka;łatwe;Jak nazywa się wielka międzynarodowa organizacja pozarządowa, słynąca z obrony więźniów sumienia?;Amnesty International;Greenpeace;Czerwony Krzyż;UNICEF
Społeczeństwo i Prawo;Prawa Człowieka;łatwe;Jaki przełomowy dokument dotyczący praw człowieka został uchwalony przez ONZ w 1948 roku?;Powszechna Deklaracja Praw;Europejska Konwencja Praw;Karta Praw Podstawowych;Magna Charta Libertatum
Społeczeństwo i Prawo;Prawa Człowieka;łatwe;Jaki przełomowy dokument przyjęło Zgromadzenie Ogólne ONZ w 1948 r. w Paryżu w odpowiedzi na II Wojnę?;Powszechną Deklarację Praw Człowieka;Deklarację Niepodległości;Deklarację Praw Dziecka;Konwencję Genewską
Społeczeństwo i Prawo;Prawa Człowieka;łatwe;Jakie fundamentalne prawo każdego z nas widnieje na samym szczycie we wszystkich umowach międzynarodowych?;Prawo do życia;Prawo do własności;Prawo do pracy;Prawo do rozrywki
Społeczeństwo i Prawo;Prawa Człowieka;łatwe;Skrót z jakiej nazwy organu działającego w Polsce, broniącego wolności obywatela przed państwem, to RPO?;Rzecznik Praw Obywatelskich;Rada Praw Osądzonych;Rejonowy Prokurator Okręgowy;Rzecznik Praw Ojca
Społeczeństwo i Prawo;Prawa Człowieka;łatwe;W jakim znanym francuskim mieście we wschodniej części kraju mieści się Europejski Trybunał Praw Człowieka?;W Strasburgu;W Paryżu;W Lyonie;W Marsylii
Społeczeństwo i Prawo;Prawo Karne i Sądowe;trudne;Co oznacza łacińska zasada nullum crimen sine lege stosowana w prawie karnym?;Nie ma przestępstwa bez ustawy;Nie ma kary bez winy;Nikt nie jest winny, dopóki nie udowodniono mu winy;Prawo nie działa wstecz
Społeczeństwo i Prawo;Prawo Karne i Sądowe;trudne;Jak nazywa się osoba, która udziela profesjonalnej pomocy prawnej, a jej zawód polega m.in. na obronie oskarżonego w procesie karnym?;Adwokat;Radca prawny;Notariusz;Prokurator
Społeczeństwo i Prawo;Prawo Karne i Sądowe;trudne;Jaki specjalny organ sądowniczy w Polsce karze najwyższych urzędników za złamanie Konstytucji?;Trybunał Stanu;Trybunał Konstytucyjny;Sąd Najwyższy;Naczelny Sąd Administracyjny
Społeczeństwo i Prawo;Prawo Karne i Sądowe;trudne;Jakim terminem w prawie karnym określa się stan, w którym sprawca czynu nie może być ukarany ze względu na upływ czasu?;Przedawnienie;Abolicja;Amnestia;Ułaskawienie
Społeczeństwo i Prawo;Prawo Karne i Sądowe;trudne;Kto w Polsce sprawuje urząd Prokuratora Generalnego?;Minister Sprawiedliwości;Prezes Sądu Najwyższego;Prezydent RP;Pierwszy Prezes NSA
Społeczeństwo i Prawo;Prawo Karne i Sądowe;trudne;W jakich sądach powszechnych rozpatrywana jest w pierwszej instancji większość standardowych spraw?;W sądach rejonowych;W sądach apelacyjnych;W sądach okręgowych;W Sądzie Najwyższym
Społeczeństwo i Prawo;Prawo Karne i Sądowe;łatwe;Czym w śledztwach policyjnych jest tzw. alibi, przedstawiane przez oskarżonego lub podejrzanego?;Dowodem przebywania w innym miejscu;Fałszywym zeznaniem;Przyznaniem się do winy;Rodzajem wyroku
Społeczeństwo i Prawo;Prawo Karne i Sądowe;łatwe;Jak nazywa się przedstawiciel władzy, który wnosi i popiera akt oskarżenia w sądzie karnym?;Prokurator;Adwokat;Notariusz;Radca prawny
Społeczeństwo i Prawo;Prawo Karne i Sądowe;łatwe;Jak określa się przedstawiciela państwa (zawsze prawnika), który wnosi akt oskarżenia w procesie karnym przed sądem?;Prokurator;Adwokat;Radca prawny;Notariusz
Społeczeństwo i Prawo;Prawo Karne i Sądowe;łatwe;Jaka naczelna, złota zasada w prawie każe nam uważać oskarżonego za niewinnego, zanim zapadnie prawomocny wyrok?;Domniemanie niewinności;Zasada wzajemności;Wolność słowa;Obrona konieczna
Społeczeństwo i Prawo;Prawo Karne i Sądowe;łatwe;Który z podanych organów jest naczelnym i najważniejszym organem instancji sądowej w całej Rzeczypospolitej Polskiej?;Sąd Najwyższy;Sąd Rejonowy;Trybunał Stanu;Sąd Okręgowy
Społeczeństwo i Prawo;Prawo Karne i Sądowe;łatwe;W jakim obszernym zbiorze przepisów znajdziemy dokładną listę przestępstw obowiązujących w Polsce oraz kar?;W Kodeksie Karnym;W Kodeksie Cywilnym;W Konstytucji;W Kodeksie Pracy
Społeczeństwo i Prawo;Rynek Pracy;trudne;Ile dni urlopu wypoczynkowego przysługuje rocznie pracownikowi posiadającemu co najmniej 10-letni staż pracy?;26 dni;20 dni;24 dni;30 dni
Społeczeństwo i Prawo;Rynek Pracy;trudne;Jak nazywa się minimalna kwota wynagrodzenia, którą pracodawca musi wypłacić pracownikowi zatrudnionemu na pełen etat?;Płaca minimalna;Średnia krajowa;Wynagrodzenie netto;Dieta
Społeczeństwo i Prawo;Rynek Pracy;trudne;Jak nazywa się zjawisko polegające na długotrwałym i uporczywym nękaniu lub zastraszaniu pracownika przez przełożonego lub kolegów?;Mobbing;Glass ceiling;Burnout;Outsourcing
Społeczeństwo i Prawo;Rynek Pracy;trudne;Jaka instytucja w Polsce zajmuje się m.in. rejestracją osób bezrobotnych i wypłatą zasiłków na szczeblu powiatowym?;Powiatowy Urząd Pracy;Państwowa Inspekcja Pracy;Urząd Skarbowy;MOPS
Społeczeństwo i Prawo;Rynek Pracy;trudne;Jaki jest ustawowy, maksymalny, standardowy czas pracy w Polsce w ujęciu tygodniowym?;40 godzin;35 godzin;42 godziny;48 godzin
Społeczeństwo i Prawo;Rynek Pracy;trudne;Jaki jest wymiar pełnego urlopu wypoczynkowego dla pracownika ze stażem krótszym niż 10 lat?;20 dni;26 dni;14 dni;24 dni
Społeczeństwo i Prawo;Rynek Pracy;łatwe;Czym w Polsce i Europie są tzw. 'związki zawodowe' w dużych korporacjach i kopalniach?;Organizacjami zrzeszającymi i broniącymi pracowników;Organami władzy sądowniczej;Radami dyrektorów;Klubami rekreacyjnymi
Społeczeństwo i Prawo;Rynek Pracy;łatwe;Ile minimalnie dni bezpłatnego lub płatnego urlopu należy się w Polsce każdemu pracownikowi z rocznym stażem na UoP?;20 lub 26 dni (zależnie od lat pracy/nauki);Tylko 14 dni;10 dni;30 dni
Społeczeństwo i Prawo;Rynek Pracy;łatwe;Jak w ekonomii nazywa się powszechne, negatywne zjawisko braku pracy dla osób mogących ją podjąć?;Bezrobocie;Recesja;Stagflacja;Zastój gospodarczy
Społeczeństwo i Prawo;Rynek Pracy;łatwe;Jaka forma zatrudnienia zapewnia pracownikowi największą ochronę praw i przywileje (np. urlop)?;Umowa o pracę;Umowa zlecenie;Umowa o dzieło;Kontrakt B2B
Społeczeństwo i Prawo;Rynek Pracy;łatwe;Jaki typ umowy daje polskiemu pracownikowi największą ochronę praw i pełne świadczenia urlopowe?;Umowa o pracę;Umowa zlecenie;Umowa o dzieło;Kontrakt B2B
Społeczeństwo i Prawo;Rynek Pracy;łatwe;Która instytucja państwowa czuwa nad przestrzeganiem praw zatrudnionych w zakładach pracy?;Państwowa Inspekcja Pracy (PIP);Zakład Ubezpieczeń Społecznych (ZUS);Urząd Ochrony Konkurencji;Główny Urząd Statystyczny
Społeczeństwo i Prawo;Systemy Polityczne;trudne;Jak nazywa się system polityczny, w którym głowa państwa pełni jednocześnie funkcję szefa rządu i dysponuje szeroką władzą wykonawczą niezależną od parlamentu?;Republika prezydencka;Republika parlamentarna;Monarchia konstytucyjna;Republika półprezydencka
Społeczeństwo i Prawo;Systemy Polityczne;trudne;Jak nazywa się system rządów, w którym władza wykonawcza jest silnie oddzielona od ustawodawczej, a prezydent jest głową państwa i rządu (np. w USA)?;System prezydencki;System parlamentarny;System kanclerski;Monarchia
Społeczeństwo i Prawo;Systemy Polityczne;trudne;Jak określa się ustrój państwa, w którym najwyższe organy władzy wybierane są na określony czas przez ogół obywateli (z łac. res publica)?;Republika;Monarchia;Teokracja;Oligarchia
Społeczeństwo i Prawo;Systemy Polityczne;trudne;Jak określamy ustrój, w którym głową państwa jest król, ale jego władza jest ograniczona np. ustawą?;Monarchia konstytucyjna;Republika;Oligarchia;Dyktatura wojskowa
Społeczeństwo i Prawo;Systemy Polityczne;trudne;Jaki system partyjny, w którym dominują tylko dwa wielkie ugrupowania, jest charakterystyczny dla USA?;System dwupartyjny;System wielopartyjny;System koalicyjny;System hegemoniczny
Społeczeństwo i Prawo;Systemy Polityczne;trudne;Który kraj uchodzi za ojczyznę demokracji parlamentarnej, z najstarszym nieprzerwanie działającym parlamentem?;Wielka Brytania;Francja;USA;Szwajcaria
Społeczeństwo i Prawo;Systemy Polityczne;łatwe;Jak nazywa się państwo, w którym głową państwa jest dożywotni, zazwyczaj dziedziczny król lub cesarz?;Monarchia;Republika;Federacja;Demokracja
Społeczeństwo i Prawo;Systemy Polityczne;łatwe;Jak nazywamy skrajnie opresyjny ustrój (jak u Stalina), w którym państwo kontroluje całkowicie życie obywateli?;Totalitaryzm;Anarchia;Monarchia parlamentarna;Teokracja
Społeczeństwo i Prawo;Systemy Polityczne;łatwe;Jak nazywamy ustrój polityczny, w którym suwerenną władzę sprawuje naród, głównie przez wybory?;Demokracja;Autorytaryzm;Totalitaryzm;Monarchia absolutna
Społeczeństwo i Prawo;Systemy Polityczne;łatwe;Jaki ustrój religijny panuje np. w Watykanie, gdzie najwyższą władzę pełni przywódca duchowy/religijny?;Teokracja;Republika;Plutokracja;Oligarchia
Społeczeństwo i Prawo;Systemy Polityczne;łatwe;W jakim współczesnym systemie politycznym to obywatele mają realny i największy wpływ na władzę w państwie?;W demokracji;W monarchii absolutnej;W totalitaryzmie;W autorytaryzmie
Społeczeństwo i Prawo;Systemy Polityczne;łatwe;Z greckiego, jak dosłownie tłumaczy się słowo 'demokracja'?;Władza ludu;Władza mędrców;Władza najbogatszych;Władza siły
Społeczeństwo i Prawo;Służby Mundurowe;trudne;Jak nazywa się polska służba odpowiedzialna za ochronę lądowych i morskich granic państwowych?;Straż Graniczna;Policja;Wojska Obrony Terytorialnej;Żandarmeria Wojskowa
Społeczeństwo i Prawo;Służby Mundurowe;trudne;Jak nazywa się specjalna jednostka Policji przeznaczona do walki z przestępczością zorganizowaną i terroryzmem (tzw. "polskie FBI")?;CBŚP;BOA;GROM;SKW
Społeczeństwo i Prawo;Służby Mundurowe;trudne;Jaka formacja w Polsce zajmuje się zapobieganiem i wykrywaniem przestępstw godzących w bezpieczeństwo ekonomiczne państwa oraz korupcję?;CBA;ABW;CBŚP;KAS
Społeczeństwo i Prawo;Służby Mundurowe;trudne;Jaka wyspecjalizowana formacja podległa Ministrowi Finansów zajmuje się np. ściganiem przemytu?;Służba Celno-Skarbowa;CBA;ABW;Straż Ochrony Kolei
Społeczeństwo i Prawo;Służby Mundurowe;trudne;Która formacja wojskowa w Polsce została utworzona jako piąty rodzaj sił zbrojnych, oparta na żołnierzach-ochotnikach?;WOT;GROM;Marynarka Wojenna;Wojska Specjalne
Społeczeństwo i Prawo;Służby Mundurowe;trudne;Która polska służba mundurowa podlega ministrowi właściwemu do spraw wewnętrznych i jest odpowiedzialna za ochronę granicy państwowej?;Straż Graniczna;Żandarmeria Wojskowa;Agencja Bezpieczeństwa Wewnętrznego;Służba Ochrony Państwa
Społeczeństwo i Prawo;Służby Mundurowe;łatwe;Jak nazywa się elitarna, polska wojskowa jednostka specjalna, znana na całym świecie z trudnych misji?;GROM;Formoza;BOA;SOP
Społeczeństwo i Prawo;Służby Mundurowe;łatwe;Jaka formacja mundurowa odpowiada w Polsce za codzienne bezpieczeństwo na drogach i łapanie przestępców?;Policja;Straż Pożarna;Żandarmeria Wojskowa;Straż Graniczna
Społeczeństwo i Prawo;Służby Mundurowe;łatwe;Jaki jednolity, darmowy i ogólnoeuropejski numer alarmowy obowiązuje w całej Polsce?;112;911;999;997
Społeczeństwo i Prawo;Służby Mundurowe;łatwe;Jaki jest jednolity ogólnoeuropejski numer alarmowy, pod który można dzwonić w każdej nagłej sytuacji?;112;997;911;999
Społeczeństwo i Prawo;Służby Mundurowe;łatwe;Kto dba o nienaruszalność terytorium RP, kontrolując osoby i towary przejeżdżające z państw trzecich?;Straż Graniczna;Służba Celna;Służba Więzienna;Straż Miejska
Społeczeństwo i Prawo;Służby Mundurowe;łatwe;W jakim charakterystycznym, jaskrawym kolorze tradycyjnie maluje się wozy Państwowej Straży Pożarnej?;W kolorze czerwonym;W kolorze białym;W kolorze żółtym;W kolorze niebieskim
Społeczeństwo i Prawo;Unia Europejska;trudne;Gdzie znajduje się główna siedziba Parlamentu Europejskiego, w której odbywają się sesje plenarne?;W Strasburgu;W Brukseli;W Luksemburgu;W Frankfurcie
Społeczeństwo i Prawo;Unia Europejska;trudne;Ile gwiazdek znajduje się na fladze Unii Europejskiej?;12;15;27;10
Społeczeństwo i Prawo;Unia Europejska;trudne;Ile państw wchodziło w skład Unii Europejskiej bezpośrednio przed wielkim rozszerzeniem w 2004 roku (tzw. UE-15)?;15;12;14;18
Społeczeństwo i Prawo;Unia Europejska;trudne;Jak nazywa się układ umożliwiający podróżowanie między państwami UE bez kontroli granicznej?;Układ z Schengen;Traktat z Maastricht;Traktat z Lizbony;Pakt Północnoatlantycki
Społeczeństwo i Prawo;Unia Europejska;trudne;Który traktat, podpisany w 2007 roku, zreformował strukturę UE i nadał jej osobowość prawną?;Traktat z Lizbony;Traktat z Maastricht;Traktat z Nicei;Traktat Amsterdamski
Społeczeństwo i Prawo;Unia Europejska;trudne;W jakim paśtwie ma swoją siedzibę Trybunał Sprawiedliwości Unii Europejskiej (TSUE)?;W Luksemburgu;We Francji (Strasburg);W Holandii (Haga);W Belgii (Bruksela)
Społeczeństwo i Prawo;Unia Europejska;trudne;W którym roku Polska oficjalnie wstąpiła do Unii Europejskiej?;2004;1999;2007;1992
Społeczeństwo i Prawo;Unia Europejska;trudne;W którym roku Polska oficjalnie złożyła wniosek o członkostwo w Unii Europejskiej (wtedy Wspólnocie Europejskiej)?;1994;1989;2004;1997
Społeczeństwo i Prawo;Unia Europejska;trudne;W którym roku kraje Europy podpisały przełomowy Traktat z Maastricht, formalnie tworząc Unię Europejską?;W 1992 roku;W 1985 roku;W 1999 roku;W 2004 roku
Społeczeństwo i Prawo;Unia Europejska;łatwe;Gdzie znajduje się główna siedziba Komisji Europejskiej?;W Brukseli;W Strasburgu;W Luksemburgu;W Paryżu
Społeczeństwo i Prawo;Unia Europejska;łatwe;Jak nazywa się wspólna waluta większości państw Unii Europejskiej?;Euro;Dolar;Funt;Frank
Społeczeństwo i Prawo;Unia Europejska;łatwe;Jaka wspólna dla wielu krajów UE waluta ułatwia podróżowanie i handel na kontynencie?;Euro;Dolar;Funt;Frank
Społeczeństwo i Prawo;Unia Europejska;łatwe;Jaka wspólna waluta europejska obowiązuje dziś w większości państw członkowskich Unii (Strefa...)?;Euro;Dolar;Funt;Frank
Społeczeństwo i Prawo;Unia Europejska;łatwe;Jakie ciało ustawodawcze Unii wybierane jest w bezpośrednich wyborach co 5 lat przez obywateli państw?;Parlament Europejski;Komisja Europejska;Rada Europejska;Trybunał Sprawiedliwości UE
Społeczeństwo i Prawo;Unia Europejska;łatwe;Jakie porozumienie z 1985 roku znosi na co dzień fizyczne kontrole graniczne w większości Europy?;Układ z Schengen;Traktat Lizboński;Pakt Północnoatlantycki;Traktat Wersalski
Społeczeństwo i Prawo;Unia Europejska;łatwe;Które belgijskie miasto bywa powszechnie i potocznie nazywane nieformalną 'stolicą' Unii Europejskiej?;Bruksela;Brugia;Antwerpia;Genewa
Społeczeństwo i Prawo;Unia Europejska;łatwe;W którym roku Polska formalnie i oficjalnie stała się pełnoprawnym państwem członkowskim Unii Europejskiej?;W 2004 roku;W 1999 roku;W 2007 roku;W 1989 roku
Społeczeństwo i Prawo;Ustrój Samorządowy;trudne;Jak nazywa się jednostka pomocnicza gminy, najczęściej wiejskiej, na której czele stoi sołtys?;Sołectwo;Gromada;Dzielnica;Osiedle
Społeczeństwo i Prawo;Ustrój Samorządowy;trudne;Jak nazywa się organ wykonawczy w powiecie, na którego czele stoi starosta?;Zarząd powiatu;Rada powiatu;Sejmik powiatowy;Urząd miasta
Społeczeństwo i Prawo;Ustrój Samorządowy;trudne;Jak nazywa się przedstawiciel administracji rządowej w województwie, powoływany przez premiera?;Wojewoda;Marszałek województwa;Starosta;Kurator
Społeczeństwo i Prawo;Ustrój Samorządowy;trudne;Jaki organ pełni funkcję stanowiącą (uchwałodawczą) w gminie miejskiej?;Rada Miasta;Prezydent Miasta;Zarząd Miasta;Burmistrz
Społeczeństwo i Prawo;Ustrój Samorządowy;trudne;Jaki organ pełni funkcję stanowiącą i kontrolną na najwyższym szczeblu samorządu – w województwie?;Sejmik województwa;Rada powiatu;Zarząd województwa;Rada gminy
Społeczeństwo i Prawo;Ustrój Samorządowy;trudne;Na jakie trzy szczeble podzielony jest samorząd terytorialny w Polsce zgodnie z Konstytucją RP?;Gmina, powiat i województwo;Gmina, dzielnica i województwo;Sołectwo, gmina i powiat;Gmina, powiat i region
Społeczeństwo i Prawo;Ustrój Samorządowy;łatwe;Jak nazywa się osoba stojąca na czele władzy wykonawczej w typowej polskiej gminie wiejskiej?;Wójt;Burmistrz;Prezydent;Sołtys
Społeczeństwo i Prawo;Ustrój Samorządowy;łatwe;Jaka terytorialna jednostka podziału administracyjnego jest w państwie polskim najniższym i podstawowym szczeblem?;Gmina;Powiat;Województwo;Dzielnica
Społeczeństwo i Prawo;Ustrój Samorządowy;łatwe;Jaki państwowy urzędnik, będący przedstawicielem Rządu (Rady Ministrów) w terenie, sprawuje władzę w województwie?;Wojewoda;Starosta powatowy;Marszałek województwa;Radny wojewódzki
Społeczeństwo i Prawo;Ustrój Samorządowy;łatwe;Kto sprawuje najwyższą władzę wykonawczą, pełniąc rolę bezpośredniego 'szefa' w typowej gminie wiejskiej?;Wójt;Burmistrz;Prezydent Miasta;Starosta
Społeczeństwo i Prawo;Ustrój Samorządowy;łatwe;Kto stoi na samym czele i kieruje miastem powyżej 100 tysięcy mieszkańców (np. Krakowem czy Warszawą)?;Prezydent miasta;Burmistrz miasta;Wójt;Marszałek
Społeczeństwo i Prawo;Ustrój Samorządowy;łatwe;W jakiej instytucji zasiadają radni wybierani przez lokalną społeczność, aby tworzyć lokalne prawo miejskie?;W Radzie Miasta (Radzie Gminy);W Sejmiku Ustawodawczym;W Trybunale Stanu;W Wojewódzkiej Radzie Bezpieczeństwa
Społeczeństwo i Prawo;Wybory i Głosowanie;trudne;Ile wynosi kadencja posła na Sejm oraz senatora w Rzeczypospolitej Polskiej?;4 lata;5 lat;6 lat;2 lata
Społeczeństwo i Prawo;Wybory i Głosowanie;trudne;Jak nazywa się stosowana w Polsce metoda obliczania głosów na mandaty, która faworyzuje większe ugrupowania wyborcze?;Metoda d'Hondta;Metoda Sainte-Laguë;Metoda Hare-Niemeyera;Metoda STV
Społeczeństwo i Prawo;Wybory i Głosowanie;trudne;Jaki jest prawny, minimalny wiek kandydata, który pozwala na start w wyborach na Prezydenta RP?;35 lat;18 lat;21 lat;30 lat
Społeczeństwo i Prawo;Wybory i Głosowanie;trudne;Jaki minimalny próg wyborczy musi przekroczyć samodzielny komitet wyborczy partii politycznej (nie koalicja), aby uzyskać mandaty w wyborach do Sejmu RP?;5%;3%;7%;8%
Społeczeństwo i Prawo;Wybory i Głosowanie;trudne;Jaki organ w Polsce stwierdza oficjalnie ważność wyborów parlamentarnych i prezydenckich?;Sąd Najwyższy;PKW;Trybunał Konstytucyjny;Marszałek Sejmu
Społeczeństwo i Prawo;Wybory i Głosowanie;trudne;Jaki próg wyborczy w skali kraju musi przekroczyć partia polityczna w Polsce, aby wejść do Sejmu?;5 procent;8 procent;3 procent;10 procent
Społeczeństwo i Prawo;Wybory i Głosowanie;łatwe;Jak nazywa się okres przeddzień wyborów, w którym kategorycznie zakazane jest agitowanie na rzecz kandydatów?;Cisza wyborcza;Noc wyborcza;Kwarantanna polityczna;Dzień refleksji
Społeczeństwo i Prawo;Wybory i Głosowanie;łatwe;Jak określa się procentowy stosunek obywateli biorących realny udział w głosowaniu do wszystkich uprawnionych?;Frekwencja wyborcza;Większość bezwzględna;Proporcjonalność;Mobilizacja sondażowa
Społeczeństwo i Prawo;Wybory i Głosowanie;łatwe;Jakie fundamentalne prawo obywatela określa minimalny wiek potrzebny do czynnego udziału w wyborach?;Czynne prawo wyborcze (18 lat);Bierne prawo wyborcze;Prawo prezydenckie;Obywatelski wniosek wyborczy
Społeczeństwo i Prawo;Wybory i Głosowanie;łatwe;Przez ile lat z rzędu w polskim państwie trwa pojedyncza, standardowa kadencja urzędu Prezydenta RP?;5 lat;4 lata;6 lat;7 lat
Społeczeństwo i Prawo;Wybory i Głosowanie;łatwe;W jaki sposób wybierany jest Prezydent RP, jeśli wszyscy uprawnieni Polacy oddają bezpośrednio na niego głos?;W wyborach powszechnych i bezpośrednich;Przez zgromadzenie elektorów;W głosowaniu jawnym sejmu i senatu;Przez radę narodową
Społeczeństwo i Prawo;Wybory i Głosowanie;łatwe;Zgodnie z prawem, co ile lat odbywają się w Polsce wybory na urząd Prezydenta Rzeczypospolitej?;Co 5 lat;Co 4 lata;Co 6 lat;Co 7 lat
Społeczeństwo i Prawo;Władza w Polsce;trudne;Ile senatorów wchodzi w skład Senatu Rzeczypospolitej Polskiej?;100;90;110;120
Społeczeństwo i Prawo;Władza w Polsce;trudne;Ilu senatorów wchodzi w skład Senatu Rzeczypospolitej Polskiej?;100;460;50;150
Społeczeństwo i Prawo;Władza w Polsce;trudne;Jak nazywa się wspólne posiedzenie Sejmu i Senatu, zwoływane np. w celu odebrania przysięgi od nowego Prezydenta?;Zgromadzenie Narodowe;Konwent Seniorów;Rada Gabinetowa;Rada Stanu
Społeczeństwo i Prawo;Władza w Polsce;trudne;Jaka większość w Sejmie jest konieczna, by odrzucić oficjalne weto nałożone przez Prezydenta RP?;Większość 3/5 głosów;Większość zwykła;Większość bezwzględna;Większość 2/3 głosów
Społeczeństwo i Prawo;Władza w Polsce;trudne;Kto w Polsce przewodniczy obradom Sejmu i reprezentuje go na zewnątrz?;Marszałek Sejmu;Premier;Prezydent RP;Prezes Rady Ministrów
Społeczeństwo i Prawo;Władza w Polsce;trudne;Kto w polskim systemie prawnym ma prawo weta wobec ustawy uchwalonej wcześniej przez parlament?;Prezydent RP;Premier;Marszałek Sejmu;Prezes Trybunału Konst.
Społeczeństwo i Prawo;Władza w Polsce;łatwe;Ilu dokładnie senatorów liczy wyższa izba polskiego parlamentu - Senat?;100 senatorów;460 senatorów;50 senatorów;300 senatorów
Społeczeństwo i Prawo;Władza w Polsce;łatwe;Jakie weto wobec przegłosowanej przez sejm ustawy posiada z ramienia konstytucji Prezydent RP?;Weto prezydenckie (ustawodawcze);Weto absolutne;Liberum Veto;Weto ludowe
Społeczeństwo i Prawo;Władza w Polsce;łatwe;Kto kieruje na co dzień pracami całej polskiej Rady Ministrów (Rządu) i koordynuje prace poszczególnych ministrów?;Prezes Rady Ministrów (Premier);Prezydent RP;Marszałek Sejmu;Prezes Najwyższej Izby Kontroli
Społeczeństwo i Prawo;Władza w Polsce;łatwe;Kto w Polsce stanowi Władzę Ustawodawczą i podejmuje decyzje o nowych prawach w kraju?;Sejm i Senat;Prezydent RP;Rada Ministrów i Premier;Sąd Najwyższy
Społeczeństwo i Prawo;Władza w Polsce;łatwe;Kto zgodnie z konstytucją zastępuje Prezydenta RP w razie jego śmierci lub niezdolności do pełnienia urzędu?;Marszałek Sejmu;Premier;Marszałek Senatu;Pierwszy Prezes Sądu Najwyższego
Społeczeństwo i Prawo;Władza w Polsce;łatwe;Z ilu posłów wybieranych w powszechnych wyborach składa się polski Sejm?;460;100;560;300
Społeczeństwo i Prawo;Podatki i Finanse;łatwe;Co to jest podatek VAT?;Podatek od towarów i usług;Podatek od spadków i darowizn;Podatek dochodowy od osób fizycznych;Podatek od posiadania psa
Społeczeństwo i Prawo;Podatki i Finanse;łatwe;Jak nazywa się coroczne rozliczenie podatkowe w Polsce?;PIT;ZUS;NIP;KRS
Społeczeństwo i Prawo;Podatki i Finanse;łatwe;Kto jest podatnikiem w podatku dochodowym?;Osoba uzyskująca dochód;Tylko właściciel firmy;Wyłącznie banki;Państwo polskie
Społeczeństwo i Prawo;Podatki i Finanse;łatwe;Co to jest kwota wolna od podatku?;Suma dochodu, od której nie trzeba płacić podatku dochodowego;Opłata za złożenie deklaracji w urzędzie;Maksymalna stawka podatku VAT;Kara za spóźnienie w płatnościach
Społeczeństwo i Prawo;Podatki i Finanse;trudne;Czym jest podatek progresywny?;Systemem, w którym stawka podatku rośnie wraz z dochodem;Podatkiem o stałej kwocie dla każdego;Podatkiem płaconym tylko od luksusowych aut;Opłatą za korzystanie z dróg publicznych
Społeczeństwo i Prawo;Podatki i Finanse;trudne;Co to jest akcyza?;Podatek nakładany na specyficzne towary (używki, paliwa);Opłata skarbowa za wydanie paszportu;Podatek od nieruchomości gruntowych;Składka na ubezpieczenie zdrowotne
Społeczeństwo i Prawo;Podatki i Finanse;trudne;Która instytucja w Polsce zajmuje się kontrolą skarbową i poborem podatków?;Krajowa Administracja Skarbowa (KAS);Policja Finansowa;Straż Graniczna;Najwyższa Izba Kontroli
Społeczeństwo i Prawo;Podatki i Finanse;trudne;Co oznacza termin "raj podatkowy"?;Państwo lub terytorium o bardzo niskich stawkach podatkowych;Miejsce, gdzie podatki są najwyższe na świecie;Urząd Skarbowy przyjazny klientowi;Program lojalnościowy dla podatników
Społeczeństwo i Prawo;Podatki i Finanse;bardzo trudne;Czym jest "podatek Belki"?;Podatkiem od zysków kapitałowych (np. z lokat lub giełdy);Podatkiem od posiadania nieruchomości;Opłatą za import drewna;Daniną od nadmiarowych zysków firm energetycznych
Społeczeństwo i Prawo;Podatki i Finanse;bardzo trudne;Co oznacza skrót CIT?;Podatek dochodowy od osób prawnych (firm);Certyfikat Inwestycyjny Terminowy;Centralna Informacja Techniczna;Cło Importowe Transportowe
Społeczeństwo i Prawo;Podatki i Finanse;bardzo trudne;Czym jest "mechanizm podzielonej płatności" (split payment)?;Rozdzieleniem płatności na kwotę netto i kwotę VAT na osobne konta;Płaceniem podatku w dwóch ratach rocznych;Podziałem zysku między wspólników;Systemem ulg dla rodzin wielodzietnych
Społeczeństwo i Prawo;Podatki i Finanse;bardzo trudne;Co to jest abolicja podatkowa?;Jednorazowe darowanie zaległych podatków pod pewnymi warunkami;Wprowadzenie nowego, wyższego podatku;Likwidacja urzędów skarbowych;Przymusowe ściągnięcie długu z konta
Społeczeństwo i Prawo;Podatki i Finanse;łatwe;Co to jest "podatek od darowizny"?;Opłata od otrzymanego nieodpłatnie majątku;Podatek od zakupu chleba;Składka na cele charytatywne;Dobrowolny datek na rzecz urzędu
Społeczeństwo i Prawo;Podatki i Finanse;trudne;Jaka jest podstawowa stawka VAT w Polsce?;23%;19%;8%;5%
Społeczeństwo i Prawo;Podatki i Finanse;bardzo trudne;Czym jest "ulga termomodernizacyjna"?;Możliwością odliczenia od podatku wydatków na ocieplenie domu;Zwolnieniem z podatku dla producentów ubrań;Dotacją na zakup klimatyzacji;Ulgiem dla firm działających w ciepłych krajach
Społeczeństwo i Prawo;Podatki i Finanse;łatwe;Co to jest podatek VAT?;Podatek od towarów i usług;Podatek od spadków i darowizn;Podatek dochodowy od osób fizycznych;Podatek od posiadania psa
Społeczeństwo i Prawo;Podatki i Finanse;łatwe;Jak nazywa się coroczne rozliczenie podatkowe w Polsce?;PIT;ZUS;NIP;KRS
Społeczeństwo i Prawo;Podatki i Finanse;łatwe;Kto jest podatnikiem w podatku dochodowym?;Osoba uzyskująca dochód;Tylko właściciel firmy;Wyłącznie banki;Państwo polskie
Społeczeństwo i Prawo;Podatki i Finanse;łatwe;Co to jest kwota wolna od podatku?;Suma dochodu, od której nie trzeba płacić podatku dochodowego;Opłata za złożenie deklaracji w urzędzie;Maksymalna stawka podatku VAT;Kara za spóźnienie w płatnościach
Społeczeństwo i Prawo;Podatki i Finanse;trudne;Czym jest podatek progresywny?;Systemem, w którym stawka podatku rośnie wraz z dochodem;Podatkiem o stałej kwocie dla każdego;Podatkiem płaconym tylko od luksusowych aut;Opłatą za korzystanie z dróg publicznych
Społeczeństwo i Prawo;Podatki i Finanse;trudne;Co to jest akcyza?;Podatek nakładany na specyficzne towary (używki, paliwa);Opłata skarbowa za wydanie paszportu;Podatek od nieruchomości gruntowych;Składka na ubezpieczenie zdrowotne
Społeczeństwo i Prawo;Podatki i Finanse;trudne;Która instytucja w Polsce zajmuje się kontrolą skarbową i poborem podatków?;Krajowa Administracja Skarbowa (KAS);Policja Finansowa;Straż Graniczna;Najwyższa Izba Kontroli
Społeczeństwo i Prawo;Podatki i Finanse;trudne;Co oznacza termin "raj podatkowy"?;Państwo lub terytorium o bardzo niskich stawkach podatkowych;Miejsce, gdzie podatki są najwyższe na świecie;Urząd Skarbowy przyjazny klientowi;Program lojalnościowy dla podatników
Społeczeństwo i Prawo;Podatki i Finanse;bardzo trudne;Czym jest "podatek Belki"?;Podatkiem od zysków kapitałowych (np. z lokat lub giełdy);Podatkiem od posiadania nieruchomości;Opłatą za import drewna;Daniną od nadmiarowych zysków firm energetycznych
Społeczeństwo i Prawo;Podatki i Finanse;bardzo trudne;Co oznacza skrót CIT?;Podatek dochodowy od osób prawnych (firm);Certyfikat Inwestycyjny Terminowy;Centralna Informacja Techniczna;Cło Importowe Transportowe
Społeczeństwo i Prawo;Podatki i Finanse;bardzo trudne;Czym jest "mechanizm podzielonej płatności" (split payment)?;Rozdzieleniem płatności na kwotę netto i kwotę VAT na osobne konta;Płaceniem podatku w dwóch ratach rocznych;Podziałem zysku między wspólników;Systemem ulg dla rodzin wielodzietnych
Społeczeństwo i Prawo;Podatki i Finanse;bardzo trudne;Co to jest abolicja podatkowa?;Jednorazowe darowanie zaległych podatków pod pewnymi warunkami;Wprowadzenie nowego, wyższego podatku;Likwidacja urzędów skarbowych;Przymusowe ściągnięcie długu z konta
Społeczeństwo i Prawo;Podatki i Finanse;łatwe;Co to jest "podatek od darowizny"?;Opłata od otrzymanego nieodpłatnie majątku;Podatek od zakupu chleba;Składka na cele charytatywne;Dobrowolny datek na rzecz urzędu
Społeczeństwo i Prawo;Podatki i Finanse;trudne;Jaka jest podstawowa stawka VAT w Polsce?;23%;19%;8%;5%
Społeczeństwo i Prawo;Podatki i Finanse;bardzo trudne;Czym jest "ulga termomodernizacyjna"?;Możliwością odliczenia od podatku wydatków na ocieplenie domu;Zwolnieniem z podatku dla producentów ubrań;Dotacją na zakup klimatyzacji;Ulgiem dla firm działających w ciepłych krajach
Społeczeństwo i Prawo;Dokumenty Osobiste;łatwe;Jak nazywa się podstawowy dokument tożsamości obywatela Polski, potwierdzający jego dane osobowe i obywatelstwo?;Dowód osobisty;Paszport;PESEL;Prawo jazdy
Społeczeństwo i Prawo;Dokumenty Osobiste;trudne;Jak nazywa się jedenastocyfrowy numer identyfikacyjny nadawany każdemu obywatelowi Polski, zawierający m.in. datę urodzenia?;PESEL;NIP;REGON;NIP-7
Społeczeństwo i Prawo;Dokumenty Osobiste;trudne;Jak nazywa się dokument uprawniający do przekraczania granic państwowych, wydawany na określony czas?;Paszport;Dowód osobisty;Wiza;Karta pobytu
Społeczeństwo i Prawo;Dokumenty Osobiste;bardzo trudne;Ile lat ważności ma standardowo polski dowód osobisty wydawany osobie dorosłej?;10 lat;5 lat;15 lat;Bezterminowo
Społeczeństwo i Prawo;Dokumenty Osobiste;bardzo trudne;Jak nazywa się numer nadawany przedsiębiorcy lub osobie prowadzącej działalność gospodarczą do celów podatkowych?;NIP;REGON;PESEL;KRS
Społeczeństwo i Prawo;Edukacja i Szkolnictwo;łatwe;Ile lat trwa obecnie nauka w polskiej szkole podstawowej?;8 lat;6 lat;7 lat;9 lat
Społeczeństwo i Prawo;Edukacja i Szkolnictwo;trudne;Jak nazywa się egzamin kończący naukę w polskim liceum lub technikum, warunkujący przyjęcie na studia?;Matura;Egzamin ósmoklasisty;Egzamin gimnazjalny;Egzamin zawodowy
Społeczeństwo i Prawo;Edukacja i Szkolnictwo;trudne;Jak nazywa się instytucja odpowiedzialna za organizację egzaminów zewnętrznych w Polsce, w tym matury?;Centralna Komisja Egzaminacyjna;Ministerstwo Edukacji Narodowej;Kuratorium Oświaty;Ośrodek Rozwoju Edukacji
Społeczeństwo i Prawo;Edukacja i Szkolnictwo;bardzo trudne;W którym roku w Polsce zaczęto wygaszać gimnazja w ramach reformy edukacji?;2017;2015;2019;2012
Społeczeństwo i Prawo;Edukacja i Szkolnictwo;bardzo trudne;Jak nazywa się system punktowy stosowany na wyższych uczelniach w ramach europejskiego systemu transferu osiągnięć?;ECTS;GPA;IB;PISA
Społeczeństwo i Prawo;Instytucje Państwowe;łatwe;Jak nazywa się organ władzy wykonawczej w Polsce, kierowany przez Prezesa Rady Ministrów?;Rada Ministrów;Sejm;Senat;Sąd Najwyższy
Społeczeństwo i Prawo;Instytucje Państwowe;trudne;Jak nazywa się izba niższa polskiego parlamentu, licząca 460 posłów?;Sejm;Senat;Rada Ministrów;Trybunał Konstytucyjny
Społeczeństwo i Prawo;Instytucje Państwowe;trudne;Jak nazywa się najwyższy organ sądowniczy w Polsce, orzekający m.in. w sprawach kasacyjnych?;Sąd Najwyższy;Trybunał Konstytucyjny;Naczelny Sąd Administracyjny;Trybunał Stanu
Społeczeństwo i Prawo;Instytucje Państwowe;bardzo trudne;Jak nazywa się organ kontrolujący zgodność ustaw z Konstytucją RP?;Trybunał Konstytucyjny;Sąd Najwyższy;Naczelny Sąd Administracyjny;Trybunał Stanu
Społeczeństwo i Prawo;Instytucje Państwowe;bardzo trudne;Jak nazywa się organ orzekający o odpowiedzialności konstytucyjnej najwyższych urzędników państwowych w Polsce, w tym Prezydenta?;Trybunał Stanu;Trybunał Konstytucyjny;Sąd Najwyższy;Sejm
Społeczeństwo i Prawo;Konstytucja RP;łatwe;W którym roku uchwalono obecnie obowiązującą Konstytucję Rzeczypospolitej Polskiej?;1997;1989;1993;1999
Społeczeństwo i Prawo;Konstytucja RP;trudne;Ile lat trwa kadencja Prezydenta RP według Konstytucji z 1997 roku?;5 lat;4 lata;6 lat;7 lat
Społeczeństwo i Prawo;Konstytucja RP;trudne;Jak nazywa się rozdział Konstytucji RP poświęcony podstawowym prawom i wolnościom obywateli?;Wolności, prawa i obowiązki człowieka i obywatela;Rzeczpospolita;Źródła prawa;Organy władzy publicznej
Społeczeństwo i Prawo;Konstytucja RP;bardzo trudne;Jaka większość głosów w Sejmie jest wymagana do zmiany Konstytucji RP?;Dwie trzecie głosów;Zwykła większość;Trzy piąte;Trzy czwarte
Społeczeństwo i Prawo;Konstytucja RP;bardzo trudne;W którym roku odbyło się referendum zatwierdzające obecną Konstytucję RP?;1997;1996;1998;1993
Społeczeństwo i Prawo;Media i Dziennikarstwo;łatwe;Jak nazywa się publiczna telewizja w Polsce, finansowana m.in. z abonamentu?;Telewizja Polska;Polsat;TVN;Canal+
Społeczeństwo i Prawo;Media i Dziennikarstwo;trudne;Jak nazywa się zawód polegający na zbieraniu, opracowywaniu i publikowaniu informacji dla mediów?;Dziennikarz;Redaktor;Reporter;Publicysta
Społeczeństwo i Prawo;Media i Dziennikarstwo;trudne;Jak nazywa się największy pod względem nakładu polski dziennik ogólnokrajowy w ostatnich latach?;Fakt;Gazeta Wyborcza;Rzeczpospolita;Super Express
Społeczeństwo i Prawo;Media i Dziennikarstwo;bardzo trudne;Jak nazywa się zasada dziennikarska nakazująca przedstawienie różnych punktów widzenia w sporze, bez faworyzowania żadnej ze stron?;Obiektywizm dziennikarski;Sensacjonalizm;Tabloidyzacja;Agenda-setting
Społeczeństwo i Prawo;Media i Dziennikarstwo;bardzo trudne;Jak nazywa się teoria medioznawcza mówiąca, że media nie mówią ludziom, co mają myśleć, ale o czym mają myśleć, poprzez dobór tematów?;Teoria ustalania agendy;Teoria kultywacji;Teoria dwustopniowego przepływu informacji;Teoria uses and gratifications
Społeczeństwo i Prawo;Organizacje Międzynarodowe;łatwe;Jak nazywa się organizacja międzynarodowa zrzeszająca prawie wszystkie państwa świata, powstała w 1945 roku w celu utrzymania pokoju?;Organizacja Narodów Zjednoczonych;NATO;Unia Europejska;Rada Europy
Społeczeństwo i Prawo;Organizacje Międzynarodowe;trudne;Jak nazywa się organizacja zajmująca się ochroną zdrowia publicznego na świecie, agenda ONZ?;Światowa Organizacja Zdrowia;UNICEF;UNESCO;Czerwony Krzyż
Społeczeństwo i Prawo;Organizacje Międzynarodowe;trudne;Jak nazywa się organizacja pozarządowa zajmująca się pomocą humanitarną, założona w Genewie w 1863 roku?;Międzynarodowy Czerwony Krzyż;Lekarze bez Granic;UNICEF;Caritas
Społeczeństwo i Prawo;Organizacje Międzynarodowe;bardzo trudne;Jak nazywa się organizacja międzynarodowa zrzeszająca kraje eksportujące ropę naftową, założona w 1960 roku w Bagdadzie?;OPEC;NATO;G7;OECD
Społeczeństwo i Prawo;Organizacje Międzynarodowe;bardzo trudne;Ilu stałych członków z prawem weta ma Rada Bezpieczeństwa ONZ?;5;4;6;10
Społeczeństwo i Prawo;Podatki i Finanse;łatwe;Jak nazywa się podatek płacony od zakupu towarów i usług, wliczony w ich cenę?;VAT;PIT;CIT;Akcyza
Społeczeństwo i Prawo;Podatki i Finanse;trudne;Jak nazywa się podatek dochodowy płacony przez osoby fizyczne w Polsce?;PIT;VAT;CIT;Akcyza
Społeczeństwo i Prawo;Podatki i Finanse;trudne;Jak nazywa się polski urząd odpowiedzialny za pobór podatków i kontrolę skarbową?;Krajowa Administracja Skarbowa;NBP;ZUS;GUS
Społeczeństwo i Prawo;Podatki i Finanse;bardzo trudne;Jaka jest standardowa, podstawowa stawka VAT obowiązująca w Polsce?;23%;22%;20%;25%
Społeczeństwo i Prawo;Podatki i Finanse;bardzo trudne;Jak nazywa się instytucja centralna odpowiedzialna za politykę pieniężną w Polsce, emitująca złotego?;Narodowy Bank Polski;Ministerstwo Finansów;Komisja Nadzoru Finansowego;Bankowy Fundusz Gwarancyjny
Społeczeństwo i Prawo;Prawa Człowieka;łatwe;Jak nazywa się dokument ONZ z 1948 roku, uznawany za fundament międzynarodowej ochrony praw człowieka?;Powszechna Deklaracja Praw Człowieka;Karta Narodów Zjednoczonych;Europejska Konwencja Praw Człowieka;Konstytucja RP
Społeczeństwo i Prawo;Prawa Człowieka;trudne;Jak nazywa się europejski trybunał orzekający w sprawach naruszeń praw człowieka, z siedzibą w Strasburgu?;Europejski Trybunał Praw Człowieka;Trybunał Sprawiedliwości UE;Międzynarodowy Trybunał Karny;Trybunał Konstytucyjny
Społeczeństwo i Prawo;Prawa Człowieka;trudne;Jak nazywa się konwencja Rady Europy z 1950 roku chroniąca podstawowe prawa i wolności obywateli państw członkowskich?;Europejska Konwencja Praw Człowieka;Powszechna Deklaracja Praw Człowieka;Karta Praw Podstawowych UE;Konwencja Genewska
Społeczeństwo i Prawo;Prawa Człowieka;bardzo trudne;Jak nazywa się sąd międzynarodowy z siedzibą w Hadze, sądzący jednostki za zbrodnie wojenne, ludobójstwo i zbrodnie przeciwko ludzkości?;Międzynarodowy Trybunał Karny;Międzynarodowy Trybunał Sprawiedliwości;Europejski Trybunał Praw Człowieka;Trybunał Norymberski
Społeczeństwo i Prawo;Prawa Człowieka;bardzo trudne;W którym roku uchwalono Powszechną Deklarację Praw Człowieka przez Zgromadzenie Ogólne ONZ?;1948;1945;1950;1966
Społeczeństwo i Prawo;Prawo Karne i Sądowe;łatwe;Jak nazywa się gałąź prawa regulująca odpowiedzialność za przestępstwa i wykroczenia?;Prawo karne;Prawo cywilne;Prawo administracyjne;Prawo pracy
Społeczeństwo i Prawo;Prawo Karne i Sądowe;trudne;Jak nazywa się zasada prawa karnego mówiąca, że oskarżonego uważa się za niewinnego, dopóki wina nie zostanie mu udowodniona?;Domniemanie niewinności;Zasada legalizmu;Nullum crimen sine lege;Ne bis in idem
Społeczeństwo i Prawo;Prawo Karne i Sądowe;trudne;Jak nazywa się osoba oskarżająca w imieniu państwa w procesie karnym w Polsce?;Prokurator;Adwokat;Sędzia;Kurator
Społeczeństwo i Prawo;Prawo Karne i Sądowe;bardzo trudne;Jak nazywa się łacińska zasada prawa karnego mówiąca, że nie ma przestępstwa bez ustawy, która by je przewidywała?;Nullum crimen sine lege;Ne bis in idem;In dubio pro reo;Lex retro non agit
Społeczeństwo i Prawo;Prawo Karne i Sądowe;bardzo trudne;Jak nazywa się zasada zakazująca dwukrotnego sądzenia i karania tej samej osoby za ten sam czyn?;Ne bis in idem;Nullum crimen sine lege;In dubio pro reo;Lex retro non agit
Społeczeństwo i Prawo;Rynek Pracy;łatwe;Jak nazywa się dokument regulujący warunki zatrudnienia pracownika przez pracodawcę?;Umowa o pracę;Umowa zlecenie;Umowa o dzieło;Kontrakt B2B
Społeczeństwo i Prawo;Rynek Pracy;trudne;Jak nazywa się instytucja państwowa zajmująca się pośrednictwem pracy i wsparciem dla bezrobotnych w Polsce?;Urząd Pracy;ZUS;Państwowa Inspekcja Pracy;GUS
Społeczeństwo i Prawo;Rynek Pracy;trudne;Jak nazywa się wskaźnik procentowy określający udział osób bezrobotnych w ogólnej liczbie osób aktywnych zawodowo?;Stopa bezrobocia;Wskaźnik zatrudnienia;Wskaźnik aktywności zawodowej;Wskaźnik zależności demograficznej
Społeczeństwo i Prawo;Rynek Pracy;bardzo trudne;Jak nazywa się instytucja kontrolująca przestrzeganie przepisów prawa pracy przez pracodawców w Polsce?;Państwowa Inspekcja Pracy;ZUS;Urząd Pracy;GUS
Społeczeństwo i Prawo;Rynek Pracy;bardzo trudne;Jak nazywa się minimalne wynagrodzenie za pracę ustalane corocznie przez rząd, poniżej którego pracodawca nie może wynagradzać pracownika na pełnym etacie?;Płaca minimalna;Płaca godziwa;Kwota wolna od podatku;Zasiłek dla bezrobotnych
Społeczeństwo i Prawo;Systemy Polityczne;łatwe;Jak nazywa się system polityczny, w którym władza pochodzi od narodu wyrażanego poprzez wybory?;Demokracja;Monarchia;Dyktatura;Oligarchia
Społeczeństwo i Prawo;Systemy Polityczne;trudne;Jak nazywa się system rządów, w którym głową państwa jest dziedziczny monarcha, ale władzę wykonawczą sprawuje wybieralny rząd, np. w Wielkiej Brytanii?;Monarchia konstytucyjna;Monarchia absolutna;Republika parlamentarna;Republika prezydencka
Społeczeństwo i Prawo;Systemy Polityczne;trudne;Jak nazywa się system polityczny Polski, w którym władza wykonawcza jest podzielona między prezydenta a rząd z premierem na czele?;System parlamentarno-gabinetowy;System prezydencki;System kanclerski;System dyrektorialny
Społeczeństwo i Prawo;Systemy Polityczne;bardzo trudne;Jak nazywa się system rządów, w którym prezydent łączy funkcję głowy państwa i szefa rządu, a nie ma odrębnego stanowiska premiera, np. w USA?;System prezydencki;System parlamentarny;System semi-prezydencki;System kanclerski
Społeczeństwo i Prawo;Systemy Polityczne;bardzo trudne;Jak nazywa się system polityczny Szwajcarii, w którym władzę wykonawczą sprawuje kolegialna, siedmioosobowa Rada Federalna?;System dyrektorialny;System prezydencki;System parlamentarny;System kanclerski
Społeczeństwo i Prawo;Służby Mundurowe;łatwe;Jak nazywa się formacja odpowiedzialna za ochronę porządku publicznego i ściganie przestępców w Polsce?;Policja;Straż Graniczna;Żandarmeria Wojskowa;Straż Miejska
Społeczeństwo i Prawo;Służby Mundurowe;trudne;Jak nazywa się formacja wojskowa odpowiedzialna za utrzymanie dyscypliny i porządku w Wojsku Polskim?;Żandarmeria Wojskowa;Policja;Straż Graniczna;Biuro Ochrony Rządu
Społeczeństwo i Prawo;Służby Mundurowe;trudne;Jak nazywa się formacja odpowiedzialna za ochronę granicy państwowej Polski?;Straż Graniczna;Policja;Żandarmeria Wojskowa;Służba Celno-Skarbowa
Społeczeństwo i Prawo;Służby Mundurowe;bardzo trudne;Jak nazywa się polska służba specjalna odpowiedzialna za ochronę bezpieczeństwa wewnętrznego państwa?;Agencja Bezpieczeństwa Wewnętrznego;Agencja Wywiadu;Służba Kontrwywiadu Wojskowego;CBA
Społeczeństwo i Prawo;Służby Mundurowe;bardzo trudne;Jak nazywa się formacja odpowiedzialna za ochronę najważniejszych osób w państwie w Polsce, następczyni Biura Ochrony Rządu?;Służba Ochrony Państwa;Biuro Ochrony Rządu;ABW;Żandarmeria Wojskowa
Społeczeństwo i Prawo;Unia Europejska;łatwe;Ile państw obecnie liczy Unia Europejska?;27;28;25;30
Społeczeństwo i Prawo;Unia Europejska;trudne;W którym mieście znajduje się główna siedziba Parlamentu Europejskiego?;Strasburg;Bruksela;Luksemburg;Haga
Społeczeństwo i Prawo;Unia Europejska;trudne;Jak nazywa się organ wykonawczy Unii Europejskiej, odpowiedzialny za proponowanie prawodawstwa?;Komisja Europejska;Rada Unii Europejskiej;Parlament Europejski;Rada Europejska
Społeczeństwo i Prawo;Unia Europejska;bardzo trudne;Jak nazywa się artykuł Traktatu o UE opisujący procedurę formalnego wyjścia państwa członkowskiego z Unii Europejskiej?;Artykuł 50;Artykuł 7;Artykuł 49;Artykuł 13
Społeczeństwo i Prawo;Unia Europejska;bardzo trudne;Kto był pierwszym stałym Przewodniczącym Rady Europejskiej, obejmując funkcję w 2009 roku po wejściu w życie Traktatu z Lizbony?;Herman Van Rompuy;Donald Tusk;Charles Michel;José Manuel Barroso
Społeczeństwo i Prawo;Ustrój Samorządowy;łatwe;Jak nazywa się najmniejsza jednostka podziału administracyjnego w Polsce?;Gmina;Powiat;Województwo;Sołectwo
Społeczeństwo i Prawo;Ustrój Samorządowy;trudne;Ile szczebli samorządu terytorialnego funkcjonuje w Polsce od reformy z 1999 roku?;3;2;4;5
Społeczeństwo i Prawo;Ustrój Samorządowy;trudne;Jak nazywa się organ wykonawczy gminy, wybierany w wyborach bezpośrednich?;Wójt, burmistrz lub prezydent miasta;Starosta;Marszałek województwa;Wojewoda
Społeczeństwo i Prawo;Ustrój Samorządowy;bardzo trudne;Jak nazywa się przedstawiciel rządu centralnego w województwie, nadzorujący administrację rządową w terenie?;Wojewoda;Marszałek województwa;Starosta;Wójt
Społeczeństwo i Prawo;Ustrój Samorządowy;bardzo trudne;Ile jest obecnie województw w Polsce, od reformy administracyjnej z 1999 roku?;16;49;12;18
Społeczeństwo i Prawo;Wybory i Głosowanie;łatwe;Jak nazywa się system, w którym obywatele wybierają swoich przedstawicieli w głosowaniu powszechnym?;Demokracja przedstawicielska;Demokracja bezpośrednia;Technokracja;Monarchia
Społeczeństwo i Prawo;Wybory i Głosowanie;trudne;Ile lat musi mieć obywatel Polski, aby móc głosować w wyborach parlamentarnych?;18 lat;16 lat;21 lat;20 lat
Społeczeństwo i Prawo;Wybory i Głosowanie;trudne;Jak nazywa się system wyborczy, w którym mandaty są przydzielane proporcjonalnie do liczby głosów oddanych na daną listę?;System proporcjonalny;System większościowy;System mieszany;System JOW
Społeczeństwo i Prawo;Wybory i Głosowanie;bardzo trudne;Jaki próg procentowy głosów musi przekroczyć pojedyncza partia, by wejść do Sejmu?;5%;3%;8%;10%
Społeczeństwo i Prawo;Wybory i Głosowanie;bardzo trudne;Jak nazywa się metoda przeliczania głosów na mandaty stosowana w polskich wyborach parlamentarnych, faworyzująca większe komitety?;Metoda d'Hondta;Metoda Sainte-Laguë;Metoda Hare'a-Niemeyera;Metoda Imperiali
Społeczeństwo i Prawo;Władza w Polsce;łatwe;Kto jest głową państwa w Polsce, wybieranym w wyborach powszechnych na 5-letnią kadencję?;Prezydent RP;Premier;Marszałek Sejmu;Marszałek Senatu
Społeczeństwo i Prawo;Władza w Polsce;trudne;Jak nazywa się stanowisko szefa rządu w Polsce?;Prezes Rady Ministrów;Prezydent;Marszałek Sejmu;Wicepremier
Społeczeństwo i Prawo;Władza w Polsce;trudne;Kto pełni funkcję zastępcy prezydenta w razie jego niemożności sprawowania urzędu, zgodnie z Konstytucją RP?;Marszałek Sejmu;Marszałek Senatu;Premier;Prezes Sądu Najwyższego
Społeczeństwo i Prawo;Władza w Polsce;bardzo trudne;Ile podpisów obywateli potrzeba do zgłoszenia kandydata na prezydenta RP?;100 000;50 000;500 000;15 000
Społeczeństwo i Prawo;Władza w Polsce;bardzo trudne;Jak nazywa się procedura, za pomocą której Sejm może odwołać rząd, wyrażając wotum nieufności wobec Rady Ministrów?;Konstruktywne wotum nieufności;Wotum zaufania;Interpelacja poselska;Immunitet parlamentarny
Społeczeństwo i Prawo;Dokumenty Osobiste;łatwe;Jakim elementem technicznym wyposażony jest polski dowód osobisty od 2019 roku, umożliwiającym m.in. podpis elektroniczny?;warstwa elektroniczna (czip);hologram bezpieczeństwa;kod kreskowy;pasek magnetyczny
Społeczeństwo i Prawo;Dokumenty Osobiste;trudne;Ile lat ważności ma polski dowód osobisty wydawany dziecku, które nie ukończyło 5. roku życia?;5 lat;10 lat;3 lata;7 lat
Społeczeństwo i Prawo;Dokumenty Osobiste;trudne;Jak nazywa się dodatkowy dokument, obok prawa jazdy, wymagany od zawodowych kierowców wykonujących przewóz osób lub rzeczy?;Karta kwalifikacji kierowcy;Świadectwo kwalifikacji zawodowej;Certyfikat przewoźnika drogowego;Licencja transportowa
Społeczeństwo i Prawo;Dokumenty Osobiste;bardzo trudne;Z ilu znaków (liter i cyfr łącznie) składa się seria i numer polskiego dowodu osobistego?;9 znaków;8 znaków;10 znaków;7 znaków
Społeczeństwo i Prawo;Dokumenty Osobiste;bardzo trudne;Od którego roku w Polsce wydawane są dowody osobiste z warstwą elektroniczną (tzw. e-dowody)?;2019;2015;2021;2017
Społeczeństwo i Prawo;Edukacja i Szkolnictwo;łatwe;Ile klas liczy obecnie polskie liceum ogólnokształcące, po reformie z 2019 roku?;4 klasy;3 klasy;5 klas;2 klasy
Społeczeństwo i Prawo;Edukacja i Szkolnictwo;trudne;Jak nazywa się stopień naukowy pośredni między doktoratem a tytułem profesora, uzyskiwany na podstawie tzw. kolokwium habilitacyjnego?;doktor habilitowany;profesor nadzwyczajny;docent;magister
Społeczeństwo i Prawo;Edukacja i Szkolnictwo;trudne;Ile procent punktów trzeba uzyskać z każdego obowiązkowego przedmiotu, aby zdać egzamin maturalny?;30%;40%;25%;50%
Społeczeństwo i Prawo;Edukacja i Szkolnictwo;bardzo trudne;W którym roku w Polsce po raz pierwszy przeprowadzono maturę w obecnej, ujednoliconej formie pisemnej?;2005;2002;2008;1999
Społeczeństwo i Prawo;Edukacja i Szkolnictwo;bardzo trudne;Jak nazywa się pierwszy, podstawowy stopień naukowy nadawany po publicznej obronie pracy doktorskiej?;doktor;licencjat;magister;bakałarz
Społeczeństwo i Prawo;Instytucje Państwowe;łatwe;Jak nazywa się izba wyższa polskiego parlamentu, obok Sejmu?;Senat;Trybunał Stanu;Rada Ministrów;Zgromadzenie Narodowe
Społeczeństwo i Prawo;Instytucje Państwowe;trudne;Jak nazywa się polski urząd zajmujący się ochroną danych osobowych, powstały po wejściu w życie unijnego rozporządzenia RODO?;Urząd Ochrony Danych Osobowych (UODO);Generalny Inspektor Ochrony Danych Osobowych;Krajowa Rada Radiofonii i Telewizji;Urząd Komunikacji Elektronicznej
Społeczeństwo i Prawo;Instytucje Państwowe;trudne;Jaka polska instytucja nadzoruje rynek finansowy, w tym banki, ubezpieczycieli i giełdę?;Komisja Nadzoru Finansowego (KNF);Narodowy Bank Polski;Ministerstwo Finansów;Bankowy Fundusz Gwarancyjny
Społeczeństwo i Prawo;Instytucje Państwowe;bardzo trudne;Ile lat trwa kadencja Prezesa Narodowego Banku Polskiego?;6 lat;4 lata;5 lat;8 lat
Społeczeństwo i Prawo;Instytucje Państwowe;bardzo trudne;Jak nazywa się urząd obsługujący Prezydenta RP w sprawach bezpieczeństwa i obronności państwa, kierowany przez Szefa BBN?;Biuro Bezpieczeństwa Narodowego;Rada Bezpieczeństwa Narodowego;Sztab Generalny Wojska Polskiego;Kancelaria Prezydenta
Społeczeństwo i Prawo;Konstytucja RP;łatwe;Jaka jest pełna, formalna nazwa najważniejszego aktu prawnego regulującego ustrój Polski, uchwalonego w 1997 roku?;Konstytucja Rzeczypospolitej Polskiej;Ustawa Zasadnicza Rzeczypospolitej;Statut Rzeczypospolitej Polskiej;Karta Praw Rzeczypospolitej
Społeczeństwo i Prawo;Konstytucja RP;trudne;Który artykuł Konstytucji RP stanowi, że Rzeczpospolita Polska jest demokratycznym państwem prawnym?;Artykuł 2;Artykuł 1;Artykuł 4;Artykuł 10
Społeczeństwo i Prawo;Konstytucja RP;trudne;Ile podpisów obywateli jest wymaganych do złożenia w Sejmie obywatelskiego projektu ustawy?;100 000;50 000;500 000;200 000
Społeczeństwo i Prawo;Konstytucja RP;bardzo trudne;Jaki był orientacyjny procent głosów "za" w referendum zatwierdzającym Konstytucję RP w 1997 roku?;ok. 53%;ok. 65%;ok. 45%;ok. 75%
Społeczeństwo i Prawo;Konstytucja RP;bardzo trudne;W którym dniu maja 1997 roku odbyło się referendum konstytucyjne w Polsce?;25 maja;3 maja;17 maja;1 czerwca
Społeczeństwo i Prawo;Media i Dziennikarstwo;łatwe;Jak nazywa się osoba prowadząca program informacyjny lub publicystyczny w telewizji bądź radiu?;prezenter (prowadzący);redaktor naczelny;korespondent;fotoreporter
Społeczeństwo i Prawo;Media i Dziennikarstwo;trudne;Jak nazywa się rodzaj dziennikarstwa polegający na długotrwałym badaniu i ujawnianiu nadużyć, korupcji lub przestępstw?;dziennikarstwo śledcze;dziennikarstwo obywatelskie;dziennikarstwo interwencyjne;publicystyka
Społeczeństwo i Prawo;Media i Dziennikarstwo;trudne;Jak nazywa się prawo dziennikarza do nieujawniania danych osoby, która w zaufaniu przekazała mu informacje?;tajemnica dziennikarska;tajemnica zawodowa adwokata;klauzula poufności;immunitet dziennikarski
Społeczeństwo i Prawo;Media i Dziennikarstwo;bardzo trudne;Jak nazywał się pierwszy periodyk informacyjny wydawany w Polsce, uznawany za początek prasy polskiej, publikowany od 1661 roku?;"Merkuriusz Polski";"Monitor";"Kurier Polski";"Gazeta Warszawska"
Społeczeństwo i Prawo;Media i Dziennikarstwo;bardzo trudne;Kto był pierwszym redaktorem naczelnym "Gazety Wyborczej" od momentu jej powstania w 1989 roku?;Adam Michnik;Jerzy Turowicz;Helena Łuczywo;Jacek Kuroń
Społeczeństwo i Prawo;Organizacje Międzynarodowe;łatwe;Jak nazywa się światowa organizacja zajmująca się regulowaniem handlu międzynarodowego, z siedzibą w Genewie?;Światowa Organizacja Handlu (WTO);Międzynarodowy Fundusz Walutowy;Bank Światowy;Organizacja Współpracy Gospodarczej i Rozwoju
Społeczeństwo i Prawo;Organizacje Międzynarodowe;trudne;Jak nazywa się organizacja zrzeszająca część krajów byłego ZSRR, utworzona po jego rozpadzie w 1991 roku?;Wspólnota Niepodległych Państw (WNP);Układ Warszawski;Rada Wzajemnej Pomocy Gospodarczej;Unia Eurazjatycka
Społeczeństwo i Prawo;Organizacje Międzynarodowe;trudne;Ile państw członkowskich liczy obecnie Organizacja Narodów Zjednoczonych?;193;180;205;175
Społeczeństwo i Prawo;Organizacje Międzynarodowe;bardzo trudne;Jak nazywał się sekretarz generalny ONZ pochodzący z Korei Południowej, pełniący tę funkcję w latach 2007-2016?;Ban Ki-moon;Kofi Annan;António Guterres;Boutros Boutros-Ghali
Społeczeństwo i Prawo;Organizacje Międzynarodowe;bardzo trudne;W którym mieście podpisano w 1949 roku traktat założycielski NATO?;Waszyngton;Nowy Jork;Bruksela;Londyn
Społeczeństwo i Prawo;Podatki i Finanse;łatwe;W jakiej instytucji rozlicza się i płaci podatki lokalne oraz roczny PIT w Polsce?;Urząd Skarbowy;Zakład Ubezpieczeń Społecznych;Narodowy Bank Polski;Główny Urząd Statystyczny
Społeczeństwo i Prawo;Podatki i Finanse;trudne;Powyżej jakiego rocznego progu dochodowego zaczyna obowiązywać wyższa, 32% stawka podatku PIT?;120 000 zł;85 528 zł;100 000 zł;150 000 zł
Społeczeństwo i Prawo;Podatki i Finanse;trudne;Jak potocznie nazywa się ulga podatkowa zwalniająca z podatku PIT rodziców wychowujących co najmniej czworo dzieci?;ulga dla rodzin 4+;ulga na dziecko;ulga rehabilitacyjna;ulga termomodernizacyjna
Społeczeństwo i Prawo;Podatki i Finanse;bardzo trudne;W którym roku w Polsce wprowadzono opcjonalny, liniowy 19% podatek dochodowy dla przedsiębiorców?;2004;2000;2008;1999
Społeczeństwo i Prawo;Podatki i Finanse;bardzo trudne;Jak brzmi skrót nazwy struktury administracji skarbowej, funkcjonującej w Polsce od 2017 roku, łączącej urzędy skarbowe, celne i kontrolę skarbową?;KAS;PIP;GIODO;UOKiK
Społeczeństwo i Prawo;Prawa Człowieka;łatwe;Ilu artykułów liczy Powszechna Deklaracja Praw Człowieka, uchwalona przez ONZ w 1948 roku?;30 artykułów;20 artykułów;40 artykułów;25 artykułów
Społeczeństwo i Prawo;Prawa Człowieka;trudne;Który artykuł Europejskiej Konwencji Praw Człowieka wprowadza bezwzględny zakaz stosowania tortur oraz nieludzkiego traktowania?;Artykuł 3;Artykuł 2;Artykuł 5;Artykuł 8
Społeczeństwo i Prawo;Prawa Człowieka;trudne;Jak nazywa się fundamentalna zasada praw człowieka zakazująca nierównego traktowania ze względu na rasę, płeć czy religię?;zasada niedyskryminacji (równości);zasada proporcjonalności;zasada subsydiarności;zasada legalizmu
Społeczeństwo i Prawo;Prawa Człowieka;bardzo trudne;W którym roku Polska ratyfikowała Europejską Konwencję Praw Człowieka, uznając jurysdykcję Europejskiego Trybunału Praw Człowieka?;1993;1989;1997;2000
Społeczeństwo i Prawo;Prawa Człowieka;bardzo trudne;Jak nazywa się średniowieczny angielski dokument z 1215 roku, uznawany za jeden z pierwowzorów współczesnych praw człowieka, ograniczający władzę monarchy?;Wielka Karta Swobód (Magna Carta);Bill of Rights;Deklaracja Praw Człowieka i Obywatela;Petycja o Prawo
Społeczeństwo i Prawo;Prawo Karne i Sądowe;łatwe;Jak nazywa się miejsce na sali sądowej, w którym podczas rozprawy zasiada oskarżony?;ława oskarżonych;mównica sądowa;stół sędziowski;boks świadka
Społeczeństwo i Prawo;Prawo Karne i Sądowe;trudne;Jaka najsurowsza kara, mimo formalnego istnienia w przeszłości, nie jest wykonywana w Polsce od moratorium wprowadzonego w 1988 roku?;kara śmierci;kara dożywotniego więzienia;kara chłosty;konfiskata majątku
Społeczeństwo i Prawo;Prawo Karne i Sądowe;trudne;Ile lat pozbawienia wolności może maksymalnie, jako karę terminową (bez dożywocia), orzec obecnie polski sąd?;30 lat;25 lat;15 lat;40 lat
Społeczeństwo i Prawo;Prawo Karne i Sądowe;bardzo trudne;Jak nazywa się instytucja prawa karnego, pozwalająca sądowi warunkowo zawiesić wykonanie orzeczonej kary pozbawienia wolności?;warunkowe zawieszenie wykonania kary;warunkowe przedterminowe zwolnienie;ułaskawienie;amnestia
Społeczeństwo i Prawo;Prawo Karne i Sądowe;bardzo trudne;W którym roku uchwalono obecnie obowiązujący Kodeks karny, który formalnie zniósł w Polsce karę śmierci?;1997;1990;2000;1993
Społeczeństwo i Prawo;Rynek Pracy;łatwe;Ile miesięcy trwa standardowo okres wypowiedzenia umowy o pracę na czas nieokreślony, gdy pracownik ma co najmniej 3-letni staż u danego pracodawcy?;3 miesiące;1 miesiąc;2 tygodnie;6 miesięcy
Społeczeństwo i Prawo;Rynek Pracy;trudne;Ile dni w roku kalendarzowym pracownik może wykorzystać jako tzw. "urlop na żądanie"?;4 dni;2 dni;6 dni;10 dni
Społeczeństwo i Prawo;Rynek Pracy;trudne;Jak nazywa się świadczenie wypłacane rodzicowi w okresie opieki nad nowo narodzonym dzieckiem?;zasiłek macierzyński;zasiłek chorobowy;zasiłek opiekuńczy;zasiłek rodzinny
Społeczeństwo i Prawo;Rynek Pracy;bardzo trudne;Ile tygodni podstawowego urlopu macierzyńskiego przysługuje w Polsce przy urodzeniu jednego dziecka?;20 tygodni;16 tygodni;26 tygodni;12 tygodni
Społeczeństwo i Prawo;Rynek Pracy;bardzo trudne;Jak nazywa się trójstronna instytucja dialogu społecznego w Polsce, skupiająca przedstawicieli rządu, pracodawców i związków zawodowych?;Rada Dialogu Społecznego;Komisja Trójstronna;Rada Ochrony Pracy;Krajowa Rada Gospodarcza
Społeczeństwo i Prawo;Systemy Polityczne;łatwe;Jak nazywa się ustrój polityczny, w którym władzę sprawuje wyłącznie jedna partia, nie dopuszczając realnej opozycji?;państwo jednopartyjne;republika federalna;monarchia parlamentarna;konfederacja
Społeczeństwo i Prawo;Systemy Polityczne;trudne;Jak nazywa się system rządów zapoczątkowany we Francji w 1958 roku, łączący silną pozycję prezydenta z rządem odpowiedzialnym przed parlamentem?;system semiprezydencki;system kanclerski;system parlamentarno-gabinetowy;system prezydencki
Społeczeństwo i Prawo;Systemy Polityczne;trudne;Jak nazywa się forma demokracji, w której obywatele podejmują decyzje bezpośrednio (np. w referendum), bez pośrednictwa wybranych przedstawicieli?;demokracja bezpośrednia;demokracja przedstawicielska;demokracja liberalna;demokracja partycypacyjna
Społeczeństwo i Prawo;Systemy Polityczne;bardzo trudne;W którym roku uchwalono konstytucję V Republiki Francuskiej, wprowadzającą silną, semiprezydencką pozycję głowy państwa?;1958;1946;1968;1981
Społeczeństwo i Prawo;Systemy Polityczne;bardzo trudne;Jak nazywał się starożytny ustrój Sparty, oparty na jednoczesnym panowaniu dwóch równorzędnych królów?;diarchia (dwuwładza królewska);tyrania;oligarchia;eforat
Społeczeństwo i Prawo;Służby Mundurowe;łatwe;W jakim kolorze utrzymane są tradycyjnie mundury i radiowozy polskiej Policji?;granatowy;czarny;zielony;szary
Społeczeństwo i Prawo;Służby Mundurowe;trudne;Jak nazywa się jednostka specjalna Marynarki Wojennej RP, morski odpowiednik jednostki GROM?;Formoza;GROM;JW Komandosów;AGAT
Społeczeństwo i Prawo;Służby Mundurowe;trudne;Jaki jest bezpośredni numer alarmowy do Policji w Polsce, odrębny od ogólnoeuropejskiego 112?;997;998;999;991
Społeczeństwo i Prawo;Służby Mundurowe;bardzo trudne;Jak nazywają się jednostki kontrterrorystyczne Policji działające lokalnie w poszczególnych garnizonach wojewódzkich?;SPKP (Samodzielne Pododdziały Kontrterrorystyczne Policji);BOA;AT Policji;Sekcja Antyterrorystyczna
Społeczeństwo i Prawo;Służby Mundurowe;bardzo trudne;Jak nazywała się polska cywilna służba specjalna, poprzedniczka ABW, działająca w latach 1990-2002?;Urząd Ochrony Państwa (UOP);Służba Bezpieczeństwa;Agencja Wywiadu;Wojskowe Służby Informacyjne
Społeczeństwo i Prawo;Unia Europejska;łatwe;Jaki utwór, oparty na IX Symfonii Beethovena, pełni funkcję oficjalnego hymnu Unii Europejskiej?;"Oda do radości";Marsylianka;Międzynarodówka;"Boże, coś Polskę"
Społeczeństwo i Prawo;Unia Europejska;trudne;Ile państw członkowskich UE posługuje się obecnie wspólną walutą euro w ramach tzw. strefy euro?;20;27;15;25
Społeczeństwo i Prawo;Unia Europejska;trudne;Jak nazywa się organ Unii Europejskiej zrzeszający szefów państw i rządów krajów członkowskich, wyznaczający ogólne kierunki polityki UE?;Rada Europejska;Rada Unii Europejskiej;Rada Europy;Eurogrupa
Społeczeństwo i Prawo;Unia Europejska;bardzo trudne;W którym roku podpisano Traktaty Rzymskie, ustanawiające Europejską Wspólnotę Gospodarczą, poprzedniczkę dzisiejszej UE?;1957;1951;1965;1973
Społeczeństwo i Prawo;Unia Europejska;bardzo trudne;Ile państw założycielskich podpisało w 1957 roku Traktaty Rzymskie, tworząc Europejską Wspólnotę Gospodarczą?;6;9;12;4
Społeczeństwo i Prawo;Ustrój Samorządowy;łatwe;Jak nazywa się osoba stojąca na czele władzy wykonawczej w mieście na prawach powiatu, np. w Krakowie czy Wrocławiu?;prezydent miasta;burmistrz;starosta;wojewoda
Społeczeństwo i Prawo;Ustrój Samorządowy;trudne;Ile powiatów (łącznie z miastami na prawach powiatu) funkcjonuje obecnie w Polsce?;380;314;400;250
Społeczeństwo i Prawo;Ustrój Samorządowy;trudne;Jak nazywa się organ uchwałodawczy i kontrolny powiatu, wybierany w wyborach bezpośrednich?;rada powiatu;zarząd powiatu;sejmik powiatowy;konwent starostów
Społeczeństwo i Prawo;Ustrój Samorządowy;bardzo trudne;W którym roku weszła w życie reforma wprowadzająca obecny, trójszczeblowy podział samorządu terytorialnego w Polsce?;1999;1990;1998;2001
Społeczeństwo i Prawo;Ustrój Samorządowy;bardzo trudne;Ile lat trwa obecnie kadencja organów samorządu terytorialnego w Polsce (m.in. rady gminy czy sejmiku województwa)?;5 lat;4 lata;6 lat;3 lata
Społeczeństwo i Prawo;Wybory i Głosowanie;łatwe;Jaki próg wyborczy musi przekroczyć koalicja wyborcza (w odróżnieniu od pojedynczej partii), aby wejść do Sejmu RP?;8%;5%;10%;3%
Społeczeństwo i Prawo;Wybory i Głosowanie;trudne;Ile podpisów poparcia musi zebrać komitet wyborczy, aby zarejestrować kandydata na Prezydenta RP?;100 000;50 000;500 000;1 000 000
Społeczeństwo i Prawo;Wybory i Głosowanie;trudne;Jak nazywa się dokument uprawniający do zagłosowania poza miejscem stałego zameldowania?;zaświadczenie o prawie do głosowania;karta wyborcza;akt notarialny;dowód rejestracji wyborcy
Społeczeństwo i Prawo;Wybory i Głosowanie;bardzo trudne;W którym roku odbyły się pierwsze w pełni wolne wybory parlamentarne w Polsce po 1989 roku, bez kontraktowego podziału mandatów?;1991;1989;1993;1997
Społeczeństwo i Prawo;Wybory i Głosowanie;bardzo trudne;Jak nazywa się forma głosowania umożliwiająca oddanie głosu drogą pocztową, znacząco rozszerzona w Polsce w 2020 roku?;głosowanie korespondencyjne;głosowanie elektroniczne;głosowanie przez pełnomocnika;głosowanie wcześniejsze
Społeczeństwo i Prawo;Władza w Polsce;łatwe;Ile lat trwa standardowa kadencja Sejmu i Senatu RP, jeśli nie zostaną wcześniej skrócone?;4 lata;5 lat;6 lat;3 lata
Społeczeństwo i Prawo;Władza w Polsce;trudne;Jak nazywa się mechanizm, w którym Sejm może odwołać premiera jedynie poprzez jednoczesny wybór nowego, wskazanego kandydata?;konstruktywne wotum nieufności;zwykłe wotum nieufności;wotum zaufania;dymisja konstruktywna
Społeczeństwo i Prawo;Władza w Polsce;trudne;Jak nazywa się formalny akt, którym Prezydent RP wskazuje osobę mającą sformować nowy rząd?;desygnacja (akt desygnacji na Prezesa Rady Ministrów);nominacja;inwestytura;akredytacja
Społeczeństwo i Prawo;Władza w Polsce;bardzo trudne;W ciągu ilu dni od przedstawienia ustawy Prezydent RP musi ją podpisać, skierować do Trybunału Konstytucyjnego albo zawetować?;21 dni;14 dni;30 dni;7 dni
Społeczeństwo i Prawo;Władza w Polsce;bardzo trudne;Ile dni ma Senat na rozpatrzenie ustawy uchwalonej przez Sejm, zanim może ona trafić do podpisu Prezydenta?;30 dni;14 dni;21 dni;60 dni
