Wiedza Ogólna i Ciekawostki;Ciało Człowieka;trudne;Jak nazywa się kwas obecny w żołądku człowieka, który odpowiada za procesy trawienne i eliminację drobnoustrojów?;Kwas solny;Kwas siarkowy;Kwas azotowy;Kwas octowy
Wiedza Ogólna i Ciekawostki;Ciało Człowieka;trudne;Jak nazywa się najdłuższy nerw w ludzkim ciele, który biegnie od dolnej części kręgosłupa aż do stopy?;Nerw kulszowy;Nerw udowy;Nerw błędny;Nerw strzałkowy
Wiedza Ogólna i Ciekawostki;Ciało Człowieka;trudne;Jak nazywa się największy gruczoł w organizmie człowieka, ważący u dorosłego około 1,5 kg?;Wątroba;Trzustka;Tarczyca;Śledziona
Wiedza Ogólna i Ciekawostki;Ciało Człowieka;trudne;Jaka kość jest bezwzględnie najmniejszą kością w ciele człowieka, umiejscowioną głęboko w uchu środkowym?;Strzemiączko;Kowadełko;Młoteczek;Gnykowa
Wiedza Ogólna i Ciekawostki;Ciało Człowieka;trudne;Jaki organ w ciele człowieka jako jedyny posiada zdolność do niemal całkowitej regeneracji, nawet po usunięciu 75% jego objętości?;Wątroba;Trzustka;Płuco;Nerka
Wiedza Ogólna i Ciekawostki;Ciało Człowieka;trudne;Który gruczoł dokrewny w ludzkim mózgu wydziela hormon melatoninę odpowiedzialny za regulację rytmu dobowego?;Szyszynka (epifiza);Przysadka mózgowa;Tarczyca;Nadnercza
Wiedza Ogólna i Ciekawostki;Ciało Człowieka;łatwe;Co paradoksalnie według twardej medycyny stanowi absolutnie największy powierzchniowo organ całego naszego ludzkiego organizmu, pełniący kluczowe funkcje obronne i chłodzące ciało?;Skóra;Jelito cienkie;Wątroba;Płuca
Wiedza Ogólna i Ciekawostki;Ciało Człowieka;łatwe;Jak fachowo nazywa się czerwony barwnik ukryty we krwi, który jest bezpośrednio i fizycznie odpowiedzialny za niezbędne transportowanie tlenu z naszych płuc do wszystkich komórek?;Hemoglobina;Melanina;Insulina;Adrenalina
Wiedza Ogólna i Ciekawostki;Ciało Człowieka;łatwe;Jaka kostna struktura jest oficjalnie największą, a zarazem najcięższą i najsilniejszą kością w całym układzie szkieletowym dorosłego człowieka?;Kość udowa;Miednica;Kość piszczelowa;Łopatka
Wiedza Ogólna i Ciekawostki;Ciało Człowieka;łatwe;Jaka mocna, wypukła i twarda kostna struktura ochronna bezpośrednio zabezpiecza nasz bardzo miękki i delikatny mózg przed wszelkimi uderzeniami i wstrząsami z otoczenia?;Czaszka;Mostek;Miednica;Kręgosłup szyjny
Wiedza Ogólna i Ciekawostki;Ciało Człowieka;łatwe;Jaki narząd w ludzkim ciele służy bezpośrednio do oddychania i wymiany gazowej?;Płuca;Serce;Wątroba;Żołądek
Wiedza Ogólna i Ciekawostki;Ciało Człowieka;łatwe;Jaki potężny, wewnętrzny i niezwykle ważny organ ludzkiego ciała w głównej mierze odpowiada za magazynowanie energii, produkcję żółci oraz detoksykację z alkoholu i trucizn?;Wątroba;Trzustka;Serce;Nerki
Wiedza Ogólna i Ciekawostki;Cuda Świata;trudne;Jak nazywa się słynny amfiteatr w Rzymie, który mógł pomieścić do 50 tysięcy widzów i był miejscem walk gladiatorów?;Koloseum;Partenon;Panteon;Forum Romanum
Wiedza Ogólna i Ciekawostki;Cuda Świata;trudne;Jak nazywa się zaginione starożytne miasto Inków, położone wysoko w peruwiańskich Andach?;Machu Picchu;Chichén Itzá;Petra;Cuzco
Wiedza Ogólna i Ciekawostki;Cuda Świata;trudne;Kto wyrzeźbił gigantyczny, zaginiony posąg Zeusa w Olimpii, uznawany za jeden z siedmiu cudów starożytności?;Fidiasz;Myron;Poliklet;Praksyteles
Wiedza Ogólna i Ciekawostki;Cuda Świata;trudne;Który z Siedmiu Cudów Starożytnego Świata jako jedyny zachował się do naszych czasów?;Wielka Piramida w Gizie;Latarnia Morska na Faros;Kolos Rodyjski;Wiszące Ogrody Babilonu
Wiedza Ogólna i Ciekawostki;Cuda Świata;trudne;Który z siedmiu cudów świata starożytnego jako jedyny przetrwał do czasów współczesnych w niemal nienaruszonym stanie?;Wielka Piramida w Gizie;Wiszące Ogrody Semiramidy;Posąg Zeusa w Olimpii;Latarnia morska na Faros
Wiedza Ogólna i Ciekawostki;Cuda Świata;trudne;W którym współczesnym kraju znajdują się ruiny Chichén Itzá, potężnego miasta zbudowanego przez cywilizację Majów?;W Meksyku;W Gwatemali;W Peru;W Salwadorze
Wiedza Ogólna i Ciekawostki;Cuda Świata;łatwe;Jak nazywa się wielki, starożytny amfiteatr zlokalizowany w centrum Rzymu, będący jednym z nowych cudów świata?;Koloseum;Panteon;Forum Romanum;Akropol
Wiedza Ogólna i Ciekawostki;Cuda Świata;łatwe;Jaki jedyny starożytny cud świata, znajdujący się w Gizie, przetrwał w niemal nienaruszonym stanie do naszych czasów?;Piramida Cheopsa;Wiszące ogrody Semiramidy;Latarnia morska w Faros;Posąg Zeusa w Olimpii
Wiedza Ogólna i Ciekawostki;Cuda Świata;łatwe;Jaki wspaniały, majestatyczny marmurowy grobowiec w Indiach zbudował cesarz Szahdżahan dla swojej ukochanej, zmarłej żony?;Tadź Mahal;Świątynia Angkor Wat;Złota Świątynia;Wielki Mur Chiński
Wiedza Ogólna i Ciekawostki;Cuda Świata;łatwe;Który cud świata starożytnego, będący gigantycznym posągiem z brązu, stał dawniej dumnie u wejścia do greckiego portu?;Kolos Rodyjski;Świątynia Artemidy;Mauzoleum w Halikarnasie;Partenon
Wiedza Ogólna i Ciekawostki;Cuda Świata;łatwe;W jakim azjatyckim państwie turyści mogą spacerować po słynnym, starożytnym Wielkim Murze?;W Chinach;W Japonii;W Indiach;W Mongolii
Wiedza Ogólna i Ciekawostki;Cuda Świata;łatwe;W jakim współczesnym kraju leży zachowane wczesnoinkaskie miasto Machu Picchu, wpisane na listę siedmiu nowych cudów świata?;W Peru;W Meksyku;W Brazylii;W Kolumbii
Wiedza Ogólna i Ciekawostki;Jednostki Miar i Wag;trudne;Ile paskali wynosi standardowe ciśnienie atmosferyczne na poziomie morza (1 atm)?;101 325 Pa;100 000 Pa;103 250 Pa;98 765 Pa
Wiedza Ogólna i Ciekawostki;Jednostki Miar i Wag;trudne;Ile wynosi w przybliżeniu jedna mila morska, powszechnie stosowana w nawigacji morskiej i lotniczej?;1852 metry;1609 metrów;1500 metrów;2000 metrów
Wiedza Ogólna i Ciekawostki;Jednostki Miar i Wag;trudne;Jak nazywa się jednostka miary światłości (natężenia źródła światła), będąca jedną z siedmiu jednostek podstawowych układu SI?;Kandela;Lumen;Luks;Wat
Wiedza Ogólna i Ciekawostki;Jednostki Miar i Wag;trudne;Jak nazywa się podstawowa jednostka miary natężenia dźwięku, określana powszechnie skrótem dB?;Decybel;Herc;Wat;Lumen
Wiedza Ogólna i Ciekawostki;Jednostki Miar i Wag;trudne;Jaka tradycyjna brytyjska jednostka długości równa się w przeliczeniu dokładnie 2,54 centymetra?;Cal;Stopa;Jard;Mila
Wiedza Ogólna i Ciekawostki;Jednostki Miar i Wag;trudne;Jaką nazwę nosi jednostka ciśnienia równa 100 paskalom, często używana w komunikatach meteorologicznych?;Hektopaskal;Bar;Atmosfera;Tor
Wiedza Ogólna i Ciekawostki;Jednostki Miar i Wag;łatwe;Do czego służy woltomierz stosowany powszechnie przy instalacjach elektrycznych?;Służy do pomiaru napięcia elektrycznego (w woltach);Służy do pomiaru natężenia prądu elektrycznego (w amperach);Służy do pomiaru zużycia ciepłej wody domowej;Służy do pomiaru oporu i częstotliwości radia
Wiedza Ogólna i Ciekawostki;Jednostki Miar i Wag;łatwe;Ile centymetrów liczy dokładnie jeden standardowy metr długości?;100;10;1000;50
Wiedza Ogólna i Ciekawostki;Jednostki Miar i Wag;łatwe;Jak nazywa się tradycyjna morska miara odległości stosowana w nawigacji morskiej i lotniczej?;Mila morska;Węzeł;Kabel;Liga morska
Wiedza Ogólna i Ciekawostki;Jednostki Miar i Wag;łatwe;Jaką jednostką mierzy się przekątną ekranów telewizorów i monitorów w systemie anglosaskim?;Calami (np. 55 cali);Stopami (np. 55 stóp);Jardami (np. 55 jardów);Pikselami (np. 55 pikseli)
Wiedza Ogólna i Ciekawostki;Kosmos i Eksploracja;trudne;Jak długo trwa jedna doba gwiazdowa, czyli jeden pełny obrót Ziemi względem odległych gwiazd?;Około 23 godziny i 56 minut;Dokładnie 24 godziny;24 godziny i 4 minuty;23 godziny i 48 minut
Wiedza Ogólna i Ciekawostki;Kosmos i Eksploracja;trudne;Jak miała na imię pierwsza w historii suczka (pies), która poleciała na orbitę okołoziemską w 1957 roku?;Łajka;Biełka;Striełka;Zwiezdoczka
Wiedza Ogólna i Ciekawostki;Kosmos i Eksploracja;trudne;Jak nazywa się granica wokół czarnej dziury, po przekroczeniu której prędkość ucieczki przewyższa prędkość światła?;Horyzont zdarzeń;Osobliwość;Sfera Schwarzschilda;Ergosfera
Wiedza Ogólna i Ciekawostki;Kosmos i Eksploracja;trudne;Jak nazywa się największy znany wulkan w Układzie Słonecznym, znajdujący się na Marsie?;Olympus Mons;Mauna Kea;Etna;Vesuvius
Wiedza Ogólna i Ciekawostki;Kosmos i Eksploracja;trudne;Kto jako pierwszy człowiek w historii ludzkości stanął bezpiecznie na powierzchni Księżyca w 1969 roku?;Neil Armstrong;Jurij Gagarin;Buzz Aldrin;John Glenn
Wiedza Ogólna i Ciekawostki;Kosmos i Eksploracja;trudne;Która planeta Układu Słonecznego ma najkrótszy dzień, wykonując pełny obrót wokół własnej osi w niecałe 10 godzin?;Jowisz;Saturn;Mars;Neptun
Wiedza Ogólna i Ciekawostki;Kosmos i Eksploracja;łatwe;Jak nazywa się największy, naturalny satelita krążący stale wokół Ziemi?;Księżyc;Słońce;Mars;Gwiazda Polarna
Wiedza Ogólna i Ciekawostki;Kosmos i Eksploracja;łatwe;Jaką niezwykłą, i okrytą wielkim tlenkiem żelaza potoczną barwną i często w kinie nazywaną u nas na Ziemi nazwą, posiada bardzo w pobliżu znana nam planeta Mars?;Czerwona Planeta;Zielony Gigant;Błękitna Kula;Czarna Dziura
Wiedza Ogólna i Ciekawostki;Kosmos i Eksploracja;łatwe;Kto schodząc z historycznego i amerykańskiego księżycowego piaszczystego lądownika statku Apollo 11 powiedział kultowe do dziś na cały świat i znane zdanie: 'To jest mały krok człowieka, ale wielki skok dla ludzkości'?;Neil Armstrong;Buzz Aldrin;Michael Collins;Elon Musk
Wiedza Ogólna i Ciekawostki;Kosmos i Eksploracja;łatwe;Która wspaniała i niezwykle burzliwa, gazowa, posiadająca na sobie potężną Wielką Czerwoną Plamę wielka i okrągła planeta, pozostaje zawsze największą w Układzie Słonecznym?;Jowisz;Saturn;Uran;Neptun
Wiedza Ogólna i Ciekawostki;Kosmos i Eksploracja;łatwe;Z jakiej naszej ludzkiej uroczej galaktyki po nocnym i pięknym niebie wywodzi się nasz potężny i ogromny Układ Słoneczny (wraz ze Słońcem i naszą Ziemią)?;Z Drogi Mlecznej;Z Galaktyki Andromedy;Z Galaktyki Sombrero;Z Mgławicy Oriona
Wiedza Ogólna i Ciekawostki;Mity i Fakty;trudne;Czy prawdą jest, że człowiek używa zaledwie 10% możliwości swojego mózgu?;To mit – badania obrazowania mózgu pokazują, że w ciągu doby aktywna jest praktycznie cała kora mózgowa;To prawda – reszta mózgu służy wyłącznie automatycznym funkcjom życiowym;To prawda – tylko 10% neuronów jest zdolnych do uczenia się;To mit, ale faktycznie używamy maksymalnie 30% mózgu w ciągu życia
Wiedza Ogólna i Ciekawostki;Mity i Fakty;trudne;Czy to prawda, że krew wewnątrz ludzkiego ciała (pozbawiona tlenu) ma kolor niebieski?;Nie, to mit (jest zawsze czerwona);Tak, to fakt;Zależy od temperatury;Tylko w żyłach
Wiedza Ogólna i Ciekawostki;Mity i Fakty;trudne;Jaki ptak, wbrew powszechnemu, bardzo znanemu mitowi, wcale NIE chowa głowy w piasek ze strachu?;Struś;Emu;Paw;Pelikan
Wiedza Ogólna i Ciekawostki;Mity i Fakty;trudne;Która część ludzkiego ciała po śmierci wcale nie rośnie dalej, a jedynie sprawia takie wrażenie z powodu wysychania i kurczenia się skóry?;Włosy i paznokcie;Zęby;Uszy;Nos
Wiedza Ogólna i Ciekawostki;Mity i Fakty;trudne;Które zwierzę w rzeczywistości NIE widzi koloru czerwonego, a jego atak na płachtę matadora wynika z ruchu materiału?;Byk;Pies;Kot;Koń
Wiedza Ogólna i Ciekawostki;Mity i Fakty;trudne;Wbrew obiegowej opinii, jaki zmysł jako jedyny z reguły NIE jest całkowicie stępiony podczas ludzkiego snu?;Słuch;Wzrok;Węch;Smak
Wiedza Ogólna i Ciekawostki;Mity i Fakty;łatwe;Czy faktem z bajek znanych powszechnie do stuleci jest, że dumnie wojujący morscy wikingowie, na swych podbojach do Anglii i łupieży powszechnie i stale, w bitwach nosili w rynsztunku słynne mosiężne i z twardymi zębami zwierząt rogate na hełmy?;Absolutny Mit. Rogate wymyślone hełmy dodano im po wielu latach, głównie w wielkich po XIX-wiecznych operach i komiksach;Tak to absolutny udowodniony na badaniach fakt po stuleciach;Tak, miały one skutecznie podczas ataku z mroku przerażać brytyjskich, chrześcijańskich kapłanów i duchownych;Tak, każdy szanujący się po w wojnie wikiński król jarl, u samego dołu dostawał je z byka w urodziny by wejść do Walhalli
Wiedza Ogólna i Ciekawostki;Mity i Fakty;łatwe;Czy to prawda powtarzana od wieków, że bardzo zdenerwowane i dzikie byki w furię wpadają właśnie bezpośrednio pod wpływem bardzo i wyrazistego w odcieniu czerwonego koloru na noszonej przez torreadora płachcie?;To mit. Byki nie widzą kolorów, u wkurza je tylko sam szybki ruch falującej płachty;To prawda. Czerwony kolor wyjątkowo drażni ich silną rogówkę;Prawda, reagują jedynie na mocne barwy, czerwień to alarm;To mit. Byki wkurzają się tylko na specjalne hiszpańskie okrzyki areny
Wiedza Ogólna i Ciekawostki;Mity i Fakty;łatwe;Czy według współczesnej psychologii nauki zbadanej po latach ewolucji prawdą powszechną uważa się, że zwykły i pracujący na pełnych obrotach człowiek rzekomo wykorzystuje zazwyczaj tylko słynne mityczne '10% swojego mózgu'?;To wielki filmowy mit. Ludzie na co dzień wykorzystują 100% możliwości całego swojego mózgu;Tak to prawda badana przez lekarzy;Tak, tylko bardzo wybitni naukowcy i artyści przekraczają magiczną barierę 20%;To mit. Prawdziwą mityczną barierą na co dzień jest tylko i wyłącznie 15%
Wiedza Ogólna i Ciekawostki;Mity i Fakty;łatwe;Jaki owoc rzekomo spadł na głowę Izaaka Newtona, pomagając mu zrozumieć prawo grawitacji?;Jabłko;Gruszka;Śliwka;Brzoskwinia
Wiedza Ogólna i Ciekawostki;Nagrody Nobla;trudne;Która kobieta jako pierwsza w historii otrzymała Pokojową Nagrodę Nobla (w 1905 roku)?;Bertha von Suttner;Jane Addams;Matka Teresa;Malala Yousafzai
Wiedza Ogólna i Ciekawostki;Nagrody Nobla;trudne;Który znany amerykański piosenkarz i tekściarz niespodziewanie otrzymał Literacką Nagrodę Nobla w 2016 r.?;Bob Dylan;Leonard Cohen;Paul Simon;Bruce Springsteen
Wiedza Ogólna i Ciekawostki;Nagrody Nobla;trudne;W jakiej dziedzinie naukowej Albert Einstein otrzymał Nagrodę Nobla w 1921 roku?;Za wyjaśnienie efektu fotoelektrycznego;Za teorię względności;Za odkrycie grawitacji;Za budowę bomby atomowej
Wiedza Ogólna i Ciekawostki;Nagrody Nobla;trudne;W której dziedzinie Nagroda Nobla NIE jest przyznawana bezpośrednio z fundacji Alfreda Nobla, lecz została ustanowiona później przez Bank Szwecji?;Ekonomia;Literatura;Fizyka;Fizjologia lub Medycyna
Wiedza Ogólna i Ciekawostki;Nagrody Nobla;trudne;W którym roku po raz pierwszy uroczyście przyznano Nagrody Nobla zgodnie z testamentem Alfreda Nobla?;1901;1895;1900;1905
Wiedza Ogólna i Ciekawostki;Nagrody Nobla;trudne;W stolicy jakiego państwa (w Oslo) tradycyjnie odbywa się ceremonia wręczenia Pokojowej Nagrody Nobla?;W Norwegii;W Szwecji;W Szwajcarii;We Francji
Wiedza Ogólna i Ciekawostki;Nagrody Nobla;łatwe;Jaka słynna uczona jako pierwsza kobieta w historii zdobyła Nagrodę Nobla, i to aż dwukrotnie (z fizyki i chemii)?;Maria Skłodowska-Curie;Rosalind Franklin;Irena Joliot-Curie;Ada Lovelace
Wiedza Ogólna i Ciekawostki;Nagrody Nobla;łatwe;Kto odebrał Literacką Nagrodę Nobla w 1905 roku za całokształt twórczości, stając się historycznie pierwszym laureatem z Polski?;Henryk Sienkiewicz;Władysław Reymont;Czesław Miłosz;Wisława Szymborska
Wiedza Ogólna i Ciekawostki;Nagrody Nobla;łatwe;Który wybitny mąż stanu, były prezydent RPA walczący skutecznie z apartheidem, otrzymał Pokojową Nagrodę Nobla w 1993 roku?;Nelson Mandela;Martin Luther King;Kofi Annan;Mahatma Gandhi
Wiedza Ogólna i Ciekawostki;Nagrody Nobla;łatwe;W jakiej dziedzinie, obok fizyki, chemii, medycyny, literatury i pokoju, przyznawana jest nagroda (od 1968 roku) ku pamięci Alfreda Nobla?;W dziedzinie ekonomii;W dziedzinie matematyki;W dziedzinie informatyki;W dziedzinie architektury
Wiedza Ogólna i Ciekawostki;Nagrody Nobla;łatwe;W jakim mieście tradycyjnie i uroczyście wręczana jest Pokojowa Nagroda Nobla, w odróżnieniu od pozostałych, wręczanych w Sztokholmie?;W Oslo (Norwegia);W Kopenhadze (Dania);W Helsinkach (Finlandia);W Genewie (Szwajcaria)
Wiedza Ogólna i Ciekawostki;Nagrody Nobla;łatwe;W jakim państwie co roku w grudniu uroczyście wręczana jest przeważająca większość Nagród Nobla?;W Szwecji;W Norwegii;W Danii;W Finlandii
Wiedza Ogólna i Ciekawostki;Pierwiastki i Chemia;trudne;Jak nazywa się proces bezpośredniego przejścia substancji ze stanu stałego w stan gazowy, z pominięciem stanu ciekłego?;Sublimacja;Resublimacja;Parowanie;Kondensacja
Wiedza Ogólna i Ciekawostki;Pierwiastki i Chemia;trudne;Jaki drogocenny pierwiastek chemiczny kryje się w układzie okresowym pod łacińskim symbolem "Au"?;Złoto;Srebro;Glin;Argon
Wiedza Ogólna i Ciekawostki;Pierwiastki i Chemia;trudne;Jaki metal szlachetny ma najwyższą przewodność elektryczną spośród wszystkich pierwiastków w tablicy Mendelejewa?;Srebro;Miedź;Złoto;Aluminium
Wiedza Ogólna i Ciekawostki;Pierwiastki i Chemia;trudne;Jaki niezwykle lekki, całkowicie niepalny gaz szlachetny wykorzystuje się powszechnie do napełniania balonów?;Hel;Neon;Argon;Krypton
Wiedza Ogólna i Ciekawostki;Pierwiastki i Chemia;trudne;Jaki pierwiastek chemiczny o liczbie atomowej 6 stanowi podstawę wszelkiego życia organicznego na Ziemi?;Węgiel;Tlen;Azot;Wodór
Wiedza Ogólna i Ciekawostki;Pierwiastki i Chemia;trudne;Który pierwiastek chemiczny ma najwyższą temperaturę topnienia spośród wszystkich znanych pierwiastków układu okresowego?;Wolfram (W) – topi się w ok. 3422°C;Platyna (Pt) – topi się w ok. 1768°C;Ren (Re) – topi się w ok. 3186°C;Osm (Os) – topi się w ok. 3033°C
Wiedza Ogólna i Ciekawostki;Pierwiastki i Chemia;łatwe;Czego absolutnie wspaniałym i doskonale na stulecia od lat znanym z lekcji skrótem, pełnym z życia we wzorach we wzorem z nauki chemicznym jest wielce proste i niezbędne do całego potężnego życia powszechnie słynne H2O?;Czystej, życiodajnej po wyparciu wody;Przezroczystego, parującego wodoru;Gazowego w rurze nadtlenku w wodoru;Silnego, użerającego kwasu w solnego
Wiedza Ogólna i Ciekawostki;Pierwiastki i Chemia;łatwe;Który metal jest jedynym, który pozostaje w stanie ciekłym w temperaturze pokojowej?;Rtęć (Hg);Ołów (Pb);Złoto (Au);Cynk (Zn)
Wiedza Ogólna i Ciekawostki;Pierwiastki i Chemia;łatwe;Który szlachetny gaz powoduje zabawne podniesienie barwy głosu po jego wdychaniu?;Hel;Wodór;Neon;Azot
Wiedza Ogólna i Ciekawostki;Pierwiastki i Chemia;łatwe;Z jakich dwóch powszechnych pierwiastków chemicznych składa się cząsteczka wody (H2O)?;Z wodoru i tlenu;Z węgla i tlenu;Z azotu i wodoru;Z helu i tlenu
Wiedza Ogólna i Ciekawostki;Przysłowia i Powiedzenia;trudne;Co dokładnie oznacza łacińska, antyczna sentencja "Carpe diem", tak często przywoływana w literaturze?;Chwytaj dzień;Pamiętaj o śmierci;Myślę, więc jestem;Spiesz się powoli
Wiedza Ogólna i Ciekawostki;Przysłowia i Powiedzenia;trudne;Co oznacza łacińska sentencja "Pacta sunt servanda", będąca fundamentalną zasadą prawa?;Umów należy dotrzymywać;Historia jest nauczycielką życia;Głos ludu głosem Boga;Wiem, że nic nie wiem
Wiedza Ogólna i Ciekawostki;Przysłowia i Powiedzenia;trudne;Dokończ przysłowie: "Nie od razu...";Kraków zbudowano;Rzym zbudowano;Warszawę spalono;Gdańsk postawiono
Wiedza Ogólna i Ciekawostki;Przysłowia i Powiedzenia;trudne;Z jakiego dzieła literackiego pochodzi słynne powiedzenie "Ciemno wszędzie, głucho wszędzie, co to będzie, co to będzie?"?;Dziady (Adam Mickiewicz);Kordian;Pan Tadeusz;Wesele
Wiedza Ogólna i Ciekawostki;Przysłowia i Powiedzenia;trudne;Z jakiego europejskiego języka wywodzi się słynne, fatalistyczne powiedzenie "C'est la vie" (Takie jest życie)?;Z francuskiego;Z włoskiego;Z hiszpańskiego;Z łaciny
Wiedza Ogólna i Ciekawostki;Przysłowia i Powiedzenia;trudne;Z którego starożytnego dzieła literackiego pochodzi łacińska sentencja Carpe diem (chwytaj dzień)?;Z Ód Horacego (Quintus Horatius Flaccus, I w. p.n.e.);Z Eneidy Wergiliusza;Z pism Cycerona;Z Iliady Homera
Wiedza Ogólna i Ciekawostki;Przysłowia i Powiedzenia;łatwe;Co według powszechnie znanego, leśnego powiedzenia 'ciągnie wilka', gdy ma się na myśli jego naturalne instynkty i nawyki?;Ciągnie go do lasu;Ciągnie go do mięsa;Ciągnie go do sfory;Ciągnie go do księżyca
Wiedza Ogólna i Ciekawostki;Przysłowia i Powiedzenia;łatwe;Dokończ to bardzo znane, stare polskie przysłowie: "Kowal zawinił, a...";Cygana powiesili;Konia ukradli;Złodzieja złapali;Wóz się zepsuł
Wiedza Ogólna i Ciekawostki;Przysłowia i Powiedzenia;łatwe;Jak brzmi prawidłowe dokończenie polskiego przysłowia: 'Gdzie kucharek sześć...'?;...tam nie ma co jeść.;...tam obiad w pięć minut.;...tam zawsze stół pełny.;...tam głośno i wesoło.
Wiedza Ogólna i Ciekawostki;Przysłowia i Powiedzenia;łatwe;Jak dokończysz staropolskie przysłowie przestrzegające przed krytykowaniem wartości i wad otrzymanego podarunku: 'Darowanemu koniowi...'?;...w zęby się nie zagląda.;...w oczy się nie patrzy.;...podkowy się nie sprawdza.;...na grzbiet się nie skacze.
Wiedza Ogólna i Ciekawostki;Przysłowia i Powiedzenia;łatwe;Jakie przysłowie stanowczo ostrzega przed przedwczesnym i optymistycznym cieszeniem się z sukcesu, zanim wszystko się nie skończy?;Nie chwal dnia przed zachodem słońca;Lepszy rydz niż nic;Niedzielna praca w gówno się obraca;Kto rano wstaje, temu Pan Bóg daje
Wiedza Ogólna i Ciekawostki;Przysłowia i Powiedzenia;łatwe;Kiedy według znanego rzemieślniczego przysłowia z morałem, należy kategorycznie 'kuć żelazo' by odnieść życiowy sukces?;Póki gorące;Póki twarde i ostre;Póki nikt nie patrzy;Z samego rana
Wiedza Ogólna i Ciekawostki;Rekordy Guinnessa;trudne;Ile łącznie trwał najdłuższy mecz tenisowy w historii Wimbledonu, rozegrany w 2010 roku między Johnem Isnerem a Nicolasem Mahut?;11 godzin i 5 minut;6 godzin i 33 minuty;8 godzin i 52 minuty;9 godzin i 17 minut
Wiedza Ogólna i Ciekawostki;Rekordy Guinnessa;trudne;Jaka jest najdłuższa rzeka świata (według większości źródeł geograficznych i rekordów)?;Nil;Amazonka;Jangcy;Missisipi
Wiedza Ogólna i Ciekawostki;Rekordy Guinnessa;trudne;Jaki jest najgłębszy punkt wszystkich oceanów na Ziemi, znajdujący się w Rowu Mariańskim?;Głębia Challengera;Głębia Mindanao;Głębia Tonga;Głębia Portorykańska
Wiedza Ogólna i Ciekawostki;Rekordy Guinnessa;trudne;Jaki obywatel USA, mierzący niesamowite 272 cm, dzierży oficjalny rekord jako najwyższy człowiek w historii?;Robert Wadlow;Sultan Kösen;John Carroll;Leonid Stadnyk
Wiedza Ogólna i Ciekawostki;Rekordy Guinnessa;trudne;Jaki żyjący obecnie morski ssak uchodzi za absolutnie największe zwierzę w dziejach Ziemi?;Płetwal błękitny;Kaszalot;Orka;Rekin wielorybi
Wiedza Ogólna i Ciekawostki;Rekordy Guinnessa;trudne;Które państwo na świecie posiada największą liczbę aktywnych wulkanów na swoim terytorium?;Indonezja;Islandia;Japonia;USA
Wiedza Ogólna i Ciekawostki;Rekordy Guinnessa;łatwe;Ile zatwierdzonych i uznanych lat żyła niezwykła Francuzka Jeanne Calment, ustanawiając niepobity do dzisiejszych czasów niesamowity rekord długości ludzkiego ziemskiego życia?;Zmarła dożywając imponujących 122 lat;Zmarła dożywając tylko 102 lat;Zmarła dożywając aż 132 lat;Zmarła w równym wieku 115 lat
Wiedza Ogólna i Ciekawostki;Rekordy Guinnessa;łatwe;Jak miał na imię i nazwisko Amerykanin, który wpisał się do Wielkiej Księgi Rekordów Guinnessa jako absolutnie najwyższy (mierzący niesamowite 272 cm) zarejestrowany medycznie człowiek w historii świata?;Robert Wadlow;Shaquille O'Neal;Yao Ming;Sultan Kösen
Wiedza Ogólna i Ciekawostki;Rekordy Guinnessa;łatwe;Jaka gigantyczna i rozbudowana rzeka płynąca dostojnie na terenie Ameryki Południowej (głównie Brazylii) w walce z Nilem od zawsze bywa najdłuższą lub na pewno najpotężniejszą i największą dorzeczem rzeką Ziemi?;Amazonka;Rzeka Missisipi;Rzeka Jangcy;Wielki Nil (wg części badaczy)
Wiedza Ogólna i Ciekawostki;Rekordy Guinnessa;łatwe;Jaki masywny, skalisty szczyt w pięknych Himalajach z wysokością 8848 m n.p.m dzierży miano absolutnie najwyższej góry na naszej planecie?;Mount Everest;K2;Mont Blanc;Kilimandżaro
Wiedza Ogólna i Ciekawostki;Rekordy Guinnessa;łatwe;Które żyjące naturalnie w afrykańskich warunkach piękne i pociągłe drapieżne zwierzę lądowe dzierży bezsprzecznie rekord na świecie pod względem szybkości biegu na krótkim dystansie?;Gepard;Sokół wędrowny;Lew afrykański;Struś
Wiedza Ogólna i Ciekawostki;Rekordy Guinnessa;łatwe;Osobnik jakiego afrykańskiego, pasącego się gatunku dzierży tytuł najwyższego zwierzęcia lądowego?;Żyrafa;Słoń;Struś;Nosorożec
Wiedza Ogólna i Ciekawostki;Rekordy Świata;trudne;Jaka jest najdłuższa rzeka w Europie?;Wołga;Dunaj;Ren;Wisła
Wiedza Ogólna i Ciekawostki;Rekordy Świata;trudne;Jaki jest najgłębszy ocean na świecie?;Spokojny (Pacyfik);Atlantycki;Indyjski;Arktyczny
Wiedza Ogólna i Ciekawostki;Rekordy Świata;trudne;Który kraj ma największą powierzchnię na świecie?;Rosja;Kanada;Chiny;USA
Wiedza Ogólna i Ciekawostki;Rekordy Świata;łatwe;Jaki jest najmniejszy kontynent na świecie?;Australia;Europa;Antarktyda;Ameryka Południowa
Wiedza Ogólna i Ciekawostki;Rekordy Świata;łatwe;Jaki jest najwyższy szczyt na Ziemi?;Mount Everest;K2;Lhotse;Makalu
Wiedza Ogólna i Ciekawostki;Stolice Świata;trudne;Jak nazywa się oficjalna, administracyjna stolica Kanady, która wcale nie jest największym miastem w państwie?;Ottawa;Toronto;Vancouver;Montreal
Wiedza Ogólna i Ciekawostki;Stolice Świata;trudne;Jak nazywa się stolica Australii, będąca miastem zaprojektowanym od podstaw w celu pogodzenia rywalizacji Sydney i Melbourne?;Canberra;Adelajda;Perth;Brisbane
Wiedza Ogólna i Ciekawostki;Stolice Świata;trudne;Jak nazywa się stolica Brazylii?;Brasília;Rio de Janeiro;São Paulo;Salvador
Wiedza Ogólna i Ciekawostki;Stolice Świata;trudne;Jak nazywa się stolica Kazachstanu, która w latach 2019–2022 nosiła nazwę Nur-Sułtan?;Astana;Ałmaty;Biszkek;Taszkent
Wiedza Ogólna i Ciekawostki;Stolice Świata;trudne;Jaka jest stolica Australii?;Canberra;Sydney;Melbourne;Perth
Wiedza Ogólna i Ciekawostki;Stolice Świata;trudne;Jaka jest stolica Kanady?;Ottawa;Toronto;Vancouver;Montreal
Wiedza Ogólna i Ciekawostki;Stolice Świata;trudne;Jaka wyspiarska, niezwykle gęsto zaludniona metropolia pełni funkcję oficjalnej stolicy Japonii?;Tokio;Kioto;Osaka;Seul
Wiedza Ogólna i Ciekawostki;Stolice Świata;trudne;Która europejska stolica leży na dwóch kontynentach (Europie i Azji), oddzielonych cieśniną Bosfor?;Stambuł (Błąd - Turcja ma stolicę w Ankarze);Ankara;Ateny;Nikozja
Wiedza Ogólna i Ciekawostki;Stolice Świata;trudne;Które miasto pełni funkcję stolicy administracyjnej (siedziby rządu) Republiki Południowej Afryki?;Pretoria;Kapsztad;Johannesburg;Durban
Wiedza Ogólna i Ciekawostki;Stolice Świata;łatwe;Do jakiej deszczowej, brytyjskiej stolicy powinieneś się bezwzględnie udać, aby móc zobaczyć pałac królewski Buckingham i pospacerować brzegiem rzeki Tamizy?;Do Londynu;Do Edynburga;Do Dublina;Do Cardiff
Wiedza Ogólna i Ciekawostki;Stolice Świata;łatwe;Jak nazywa się stolica Japonii?;Tokio;Kioto;Osaka;Hiroszima
Wiedza Ogólna i Ciekawostki;Stolice Świata;łatwe;Jaka jest stolica Niemiec?;Berlin;Monachium;Frankfurt;Bonn
Wiedza Ogólna i Ciekawostki;Stolice Świata;łatwe;Jakie ogromne, tętniące życiem nad Sekwaną europejskie miasto jest stolicą Francji?;Paryż;Londyn;Rzym;Berlin
Wiedza Ogólna i Ciekawostki;Stolice Świata;łatwe;Jakie znane europejskie i olbrzymie historycznie miasto, po wielu ciężkich latach podzielenia betonowym murem, ponownie zostało ustanowione oficjalną stolicą zjednoczonych Niemiec?;Berlin;Monachium;Bonn;Frankfurt
Wiedza Ogólna i Ciekawostki;Stolice Świata;łatwe;Które bardzo turystyczne miasto z ogromną antyczną przeszłością, zlokalizowane pośrodku Półwyspu Apenińskiego, potocznie i pieszczotliwie nazywa się 'Wiecznym Miastem'?;Rzym;Ateny;Stambuł;Neapol
Wiedza Ogólna i Ciekawostki;Stolice Świata;łatwe;W jakiej niezwykle popularnej, zatłoczonej latem stolicy na zachodzie Europy, przez sam środek historycznej i miejskiej zabudowy przepływa zjawiskowa i majestatyczna rzeka Sekwana?;W Paryżu;W Rzymie;W Londynie;W Madrycie
Wiedza Ogólna i Ciekawostki;Stolice Świata;łatwe;W jakim potężnym i niesamowicie neonowym mieście, będącym dumną, dalekowschodnią stolicą Japonii odnajdziesz m.in. zjawiskowe świątynie sąsiadujące bezpośrednio ze szklanymi wieżowcami?;W Tokio;W Kioto;W Osace;W Seulu
Wiedza Ogólna i Ciekawostki;Słynne Cytaty;trudne;Kto jest autorem słów: "Myślę, więc jestem" (łac. Cogito ergo sum)?;René Descartes;Blaise Pascal;Immanuel Kant;John Locke
Wiedza Ogólna i Ciekawostki;Słynne Cytaty;trudne;Kto wypowiedział słowa: "Przyszedłem, zobaczyłem, zwyciężyłem" (Veni, vidi, vici) po bitwie pod Zelą?;Juliusz Cezar;Oktawian August;Aleksander Wielki;Napoleon Bonaparte
Wiedza Ogólna i Ciekawostki;Słynne Cytaty;trudne;Któremu antycznemu, greckiemu filozofowi przypisuje się autorstwo pokornej sentencji "Wiem, że nic nie wiem"?;Sokratesowi;Platonowi;Arystotelesowi;Pitagorasowi
Wiedza Ogólna i Ciekawostki;Słynne Cytaty;trudne;Który rzymski dyktator i wodz miał wypowiedzieć kultowe słowa "Veni, vidi, vici" po błyskawicznej wygranej bitwie?;Juliusz Cezar;Oktawian August;Hannibal;Spartakus
Wiedza Ogólna i Ciekawostki;Słynne Cytaty;trudne;W jakim kontekście Albert Einstein wypowiedział słynny cytat: Bóg nie gra w kości?;Wyrażając sprzeciw wobec probabilistycznej interpretacji mechaniki kwantowej;Komentując swoje odkrycia dotyczące struktury Wszechświata;Tłumacząc podstawy szczególnej teorii względności;Opisując swoje poglądy religijne na stworzenie świata
Wiedza Ogólna i Ciekawostki;Słynne Cytaty;trudne;Z którego dramatu Szekspira pochodzi słynny monolog zaczynający się od słów: "Być albo nie być, oto jest pytanie"?;Hamlet;Makbet;Król Lear;Otello
Wiedza Ogólna i Ciekawostki;Słynne Cytaty;łatwe;Jakie słowa, według dramatu Szekspira, wypowiedział Juliusz Cezar po zdradzie bliskiej mu osoby?;I ty, Brutusie, przeciwko mnie?;A więc wojna!;Zdrada to najgorszy grzech...;Wybaczam ci, przyjacielu.
Wiedza Ogólna i Ciekawostki;Słynne Cytaty;łatwe;Kto jest autorem niezwykłych słów: "To mały krok dla człowieka, ale wielki skok dla ludzkości"?;Neil Armstrong;Jurij Gagarin;Albert Einstein;John F. Kennedy
Wiedza Ogólna i Ciekawostki;Słynne Cytaty;łatwe;Z jakim starożytnym greckim filozofem nierozłącznie łączy się zdanie: 'Wiem, że nic nie wiem'?;Z Sokratesem;Z Platonem;Z Arystotelesem;Z Pitagorasem
Wiedza Ogólna i Ciekawostki;Słynne Cytaty;łatwe;Z jakim starożytnym rzymskim wodzem kojarzy się powszechnie słynne zdanie: 'Alea iacta est' (Kości zostały rzucone)?;Z Juliuszem Cezarem;Ze Spartakusem;Z Aleksandrem Wielkim;Z Hannibalem
Wiedza Ogólna i Ciekawostki;Słynni Odkrywcy;trudne;Jak nazywał się brytyjski podróżnik, który odkrył dla Europejczyków Hawaje i jako pierwszy opłynął Nową Zelandię?;James Cook;Francis Drake;David Livingstone;Henry Stanley
Wiedza Ogólna i Ciekawostki;Słynni Odkrywcy;trudne;Jaki skandynawski, bezkompromisowy polarnik jako pierwszy na świecie zdołał dotrzeć na biegun południowy?;Roald Amundsen;Robert Scott;Ernest Shackleton;Fridtjof Nansen
Wiedza Ogólna i Ciekawostki;Słynni Odkrywcy;trudne;Kto był pierwszym Polakiem (i jednym z pierwszych ludzi na świecie), który w ciągu jednego roku zdobył oba bieguny Ziemi?;Marek Kamiński;Jasiek Mela;Krzysztof Wielicki;Wanda Rutkiewicz
Wiedza Ogólna i Ciekawostki;Słynni Odkrywcy;trudne;Który polski alpinista jako drugi człowiek na świecie zdobył wszystkie 14 ośmiotysięczników (tzw. Koronę Himalajów), dokonując tego w 1987 roku?;Jerzy Kukuczka;Krzysztof Wielicki;Wanda Rutkiewicz;Leszek Cichy
Wiedza Ogólna i Ciekawostki;Słynni Odkrywcy;trudne;Który portugalski żeglarz jako pierwszy Europejczyk dotarł drogą morską do Indii, opływając Afrykę w 1498 roku?;Vasco da Gama;Ferdynand Magellan;Bartłomiej Diaz;Krzysztof Kolumb
Wiedza Ogólna i Ciekawostki;Słynni Odkrywcy;trudne;Który wybitny polski podróżnik jako pierwszy zdobył Górę Kościuszki, najwyższy szczyt Australii?;Paweł Edmund Strzelecki;Ignacy Domeyko;Henryk Arctowski;Benedykt Dybowski
Wiedza Ogólna i Ciekawostki;Słynni Odkrywcy;łatwe;Czyja hiszpańska wyprawa (choć głównodowodzący zginął tragicznie w trakcie na Filipinach) jako pierwsza na świecie całkowicie opłynęła kulę ziemską?;Wyprawa Ferdynanda Magellana;Wyprawa Francisa Drake'a;Wyprawa Hernána Cortésa;Wyprawa wikinga Leifa Erikssona
Wiedza Ogólna i Ciekawostki;Słynni Odkrywcy;łatwe;Jaki bardzo słynny wenecki kupiec i podróżnik udał się w XIII wieku lądowym Jedwabnym Szlakiem daleko do Chin na dwór Kubilaj-chana?;Marco Polo;Ibn Battuta;Roald Amundsen;David Livingstone
Wiedza Ogólna i Ciekawostki;Słynni Odkrywcy;łatwe;Jaki wielki portugalski podróżnik i odkrywca jako absolutnie pierwszy dotarł drogą morską do upragnionych Indii, opływając Afrykę w 1498 roku?;Vasco da Gama;Ferdynand Magellan;Bartolomeu Dias;James Cook
Wiedza Ogólna i Ciekawostki;Słynni Odkrywcy;łatwe;Kto jako pierwszy Europejczyk podczas wyprawy z 1492 roku dotarł swoimi statkami do brzegów obu Ameryk?;Krzysztof Kolumb;Marco Polo;Vasco da Gama;Ferdynand Magellan
Wiedza Ogólna i Ciekawostki;Słynni Odkrywcy;łatwe;Kto w 1492 roku, naiwnie poszukując nowej i szybszej drogi do Indii, dotarł swoimi statkami do wybrzeży nieznanej wcześniej Ameryki?;Krzysztof Kolumb;Vasco da Gama;Marco Polo;Amerigo Vespucci
Wiedza Ogólna i Ciekawostki;Słynni Odkrywcy;łatwe;Który słynny i bardzo zdeterminowany Norweg został oficjalnie pierwszym zdobywcą mroźnego bieguna południowego, wygrywając o włos wyścig ze Scottem w 1911 roku?;Roald Amundsen;Edmund Hillary;Robert Peary;Ernest Shackleton
Wiedza Ogólna i Ciekawostki;Tajemnice Świata;trudne;Jak nazywa się gigantyczny, starożytny krąg kamienny w Anglii, którego przeznaczenie do dziś budzi spory naukowców?;Stonehenge;Avebury;Carnac;Newgrange
Wiedza Ogólna i Ciekawostki;Tajemnice Świata;trudne;Jak poufale i czule nazywa się mitycznego potwora, rzekomo zamieszkującego wody głębokiego szkockiego jeziora?;Nessie;Wielka Stopa;Yeti;Chupacabra
Wiedza Ogólna i Ciekawostki;Tajemnice Świata;trudne;W jakiej tajnej, strzeżonej amerykańskiej strefie wojskowej miano badać rozbity przed laty statek obcych (UFO)?;W Strefie 51;W Roswell;W Strefie 42;W bazie Groom Lake
Wiedza Ogólna i Ciekawostki;Tajemnice Świata;trudne;W jakim państwie znajdują się słynne "Rysunki z Nazca" – gigantyczne geoglify widoczne w pełni tylko z lotu ptaka?;W Peru;W Chile;W Boliwii;W Meksyku
Wiedza Ogólna i Ciekawostki;Tajemnice Świata;trudne;W którym roku doszło do słynnego "incydentu w Roswell", który stał się fundamentem teorii o rozbiciu się UFO w USA?;1947;1951;1939;1960
Wiedza Ogólna i Ciekawostki;Tajemnice Świata;trudne;W którym roku odkryto słynne prehistoryczne malowidła naskalne w jaskini Lascaux w południowej Francji?;1940;1879;1920;1955
Wiedza Ogólna i Ciekawostki;Tajemnice Świata;łatwe;Jak nazywa się mityczny bogaty kontynent (lub wyspa), który według pism Platona miał zatonąć w oceanie?;Atlantyda;Pangea;Gondwana;Lemuria
Wiedza Ogólna i Ciekawostki;Tajemnice Świata;łatwe;Jak nazywa się tajemniczy obszar na Oceanie Atlantyckim, w którym rzekomo bez śladu ginęły statki i samoloty?;Trójkąt Bermudzki;Oko Sahary;Rów Mariański;Krąg Ognia
Wiedza Ogólna i Ciekawostki;Tajemnice Świata;łatwe;W jakim pilnie strzeżonym wojskowym miejscu na pustyni w USA (Nevada) według teorii spiskowych ukrywa się rozbitą latający talerz?;W Strefie 51 (Area 51);W Las Vegas;W Waszyngtonie;W Houston
Wiedza Ogólna i Ciekawostki;Tajemnice Świata;łatwe;W jakim szkockim jeziorze według lokalnych legend ukrywa się tajemnicze stworzenie zwane Nessie?;W jeziorze Loch Ness;W jeziorze Wiktorii;W jeziorze Bajkał;W jeziorze Titicaca
Wiedza Ogólna i Ciekawostki;Tajemnice Świata;łatwe;W jakim słynnym "trójkącie" na Oceanie Atlantyckim miało dochodzić do seryjnych, niewyjaśnionych zaginięć?;W Trójkącie Bermudzkim;W Trójkącie Diabła;W Trójkącie Smoka;W Trójkącie Śmierci
Wiedza Ogólna i Ciekawostki;Wynalazki Codziennego Użytku;trudne;Jak nazywał się wynalazca dynamitu, który w swoim testamencie ustanowił najsłynniejszą nagrodę naukową świata?;Alfred Nobel;Robert Nobel;Ludvig Nobel;Emil Nobel
Wiedza Ogólna i Ciekawostki;Wynalazki Codziennego Użytku;trudne;Jaka japońska firma w 1979 r. stworzyła kultowy, przenośny odtwarzacz kasetowy pod zastrzeżoną nazwą Walkman?;Sony;Panasonic;Philips;Pioneer
Wiedza Ogólna i Ciekawostki;Wynalazki Codziennego Użytku;trudne;Jaki inżynier na początku XX wieku wynalazł i ostatecznie dopracował dzisiejszą wersję zamka błyskawicznego (suwaka)?;Gideon Sundback;Whitcomb Judson;Elias Howe;Isaac Singer
Wiedza Ogólna i Ciekawostki;Wynalazki Codziennego Użytku;trudne;Kto jest uważany za wynalazcę żarówki (opatentował ją w 1879 roku), choć pracowało nad nią wielu naukowców?;Thomas Edison;Nikola Tesla;Benjamin Franklin;James Watt
Wiedza Ogólna i Ciekawostki;Wynalazki Codziennego Użytku;trudne;Kto wynalazł i opatentował dynamit, rejestrując go w 1867 roku w Szwecji?;Alfred Nobel;Thomas Edison;Nikola Tesla;Hiram Maxim
Wiedza Ogólna i Ciekawostki;Wynalazki Codziennego Użytku;trudne;W którym roku Tim Berners-Lee stworzył podwaliny pod usługę WWW, publikując pierwszą stronę internetową?;1991;1985;1995;1989
Wiedza Ogólna i Ciekawostki;Wynalazki Codziennego Użytku;łatwe;Jacy słynni bracia (Auguste i Louis) zapisali się na zawsze w historii jako pionierzy kina?;Bracia Lumière;Bracia Wright;Bracia Warner;Bracia Grimm
Wiedza Ogólna i Ciekawostki;Wynalazki Codziennego Użytku;łatwe;Jaki rewolucyjny, opatentowany wynalazek Alexandra Grahama Bella zmienił formę komunikacji międzyludzkiej?;Telefon;Radio;Telegraf;Telewizor
Wiedza Ogólna i Ciekawostki;Wynalazki Codziennego Użytku;łatwe;Jaki wynalazca dynamitu jest jednocześnie fundatorem najsłynniejszej na świecie nagrody naukowej?;Alfred Nobel;Albert Einstein;Ignacy Łukasiewicz;Robert Oppenheimer
Wiedza Ogólna i Ciekawostki;Wynalazki Codziennego Użytku;łatwe;Jakiego rewolucyjnego odkrycia dla medycyny dokonał Alexander Fleming w 1928 roku?;Odkrył penicylinę (pierwszy antybiotyk);Odkrył szczepionkę na wściekliznę;Odkrył grupy krwi;Odkrył promienie X (RTG)
Wiedza Ogólna i Ciekawostki;Wynalazki Codziennego Użytku;łatwe;Kto oficjalnie został uznany za wynalazcę telefonu w roku 1876?;Alexander Graham Bell;Thomas Edison;Samuel Morse;Benjamin Franklin
Wiedza Ogólna i Ciekawostki;Wynalazki Codziennego Użytku;łatwe;Który słynny amerykański wynalazca przeszedł do historii jako twórca praktycznej żarówki elektrycznej?;Thomas Alva Edison;Nikola Tesla;Alexander Graham Bell;Guglielmo Marconi
Wiedza Ogólna i Ciekawostki;Zjawiska Pogodowe;trudne;Jak nazywa się wiatr halny występujący w Górach Skalistych w Ameryce Północnej, znany jako "zjadacz śniegu"?;Chinook;Mistral;Sirocco;Bora
Wiedza Ogólna i Ciekawostki;Zjawiska Pogodowe;trudne;Jak nazywa się zjawisko świetlne w postaci barwnych pierścieni wokół Słońca lub Księżyca, wywołane załamaniem światła w kryształkach lodu?;Halo;Gloria;Iryzacja;Miraż
Wiedza Ogólna i Ciekawostki;Zjawiska Pogodowe;trudne;Jak określa się magiczne, świetlne zjawisko na niebie, występujące najczęściej w okolicach biegunów Ziemi?;Zorza polarna;Widmo Brockenu;Ognie świętego Elma;Słońce poboczne
Wiedza Ogólna i Ciekawostki;Zjawiska Pogodowe;trudne;Jaka niszczycielska, wirująca kolumna powietrza jest na terenie Stanów Zjednoczonych nazywana tornadem?;Trąba powietrzna;Cyklon;Monsun;Tajfun
Wiedza Ogólna i Ciekawostki;Zjawiska Pogodowe;trudne;Jaka skala służy do klasyfikacji siły huraganów na podstawie prędkości wiatru i potencjalnych zniszczeń?;Skala Saffira-Simpsona;Skala Fujity;Skala Beauforta;Skala Richtera
Wiedza Ogólna i Ciekawostki;Zjawiska Pogodowe;trudne;Według jakiej skali mierzy się intensywność tornad w Stanach Zjednoczonych (od 2007 roku obowiązuje jej rozszerzona wersja)?;Skali Fujity (rozszerzona skala Fujity, EF0–EF5);Skali Beauforta;Skali Saffira-Simpsona;Skali Richtera
Wiedza Ogólna i Ciekawostki;Zjawiska Pogodowe;łatwe;Jak nazywa się logarytmiczna skala używana przez sejsmologów do mierzenia siły trzęsień ziemi?;Skala Richtera;Skala Fahrenheita;Skala Beauforta;Skala Kelvina
Wiedza Ogólna i Ciekawostki;Zjawiska Pogodowe;łatwe;Jak nazywa się niszczycielski huragan na terenach azjatyckich, szczególnie nad Pacyfikiem?;Tajfun;Tornado;Monsun;Tsunami
Wiedza Ogólna i Ciekawostki;Zjawiska Pogodowe;łatwe;Jak nazywa się opad atmosferyczny w postaci twardych bryłek lodu, często niszczący uprawy?;Grad;Szron;Śnieg;Szadź
Wiedza Ogólna i Ciekawostki;Zjawiska Pogodowe;łatwe;Jak nazywa się piękne, kolorowe zjawisko optyczne i meteorologiczne powstające gdy słońce świeci podczas deszczu?;Tęcza;Zorza polarna;Halo;Fatamorgana
Wiedza Ogólna i Ciekawostki;Zjawiska Pogodowe;łatwe;Jak precyzyjnie nazywa się biały, mroźny opad atmosferyczny, z którego dzieci lepią ogromne bałwany?;Śnieg;Deszcz;Grad;Szron
Wiedza Ogólna i Ciekawostki;Zjawiska Pogodowe;łatwe;Z jakim spektakularnym świetlnym zjawiskiem na nocnym niebie, widocznym w okolicach biegunów, kojarzy się Skandynawia?;Zorza polarna;Deszcz meteorów (spływ gwiazd);Zaćmienie słońca;Białe noce
Wiedza Ogólna i Ciekawostki;Świat Finansów;trudne;Czym jest "dywidenda" wypłacana przez spółki giełdowe swoim akcjonariuszom?;Częścią zysku netto spółki;Rodzajem podatku;Opłatą za prowadzenie konta;Giełdową stratą
Wiedza Ogólna i Ciekawostki;Świat Finansów;trudne;Jak nazywa się długoterminowy kredyt bankowy, którego najczęstszym zabezpieczeniem jest mieszkanie lub dom?;Kredyt hipoteczny;Kredyt konsumencki;Leasing;Chwilówka
Wiedza Ogólna i Ciekawostki;Świat Finansów;trudne;Jak nazywa się najstarsza giełda papierów wartościowych na świecie, założona w 1602 roku?;Giełda w Amsterdamie;Giełda w Londynie;Giełda w Nowym Jorku;Giełda w Paryżu
Wiedza Ogólna i Ciekawostki;Świat Finansów;trudne;Jakim terminem określa się proces ogólnego wzrostu cen towarów i usług, skutkujący spadkiem siły nabywczej pieniądza?;Inflacja;Deflacja;Stagnacja;Hossa
Wiedza Ogólna i Ciekawostki;Świat Finansów;trudne;Jaką potoczną nazwą, która pochodzi od groźnego zwierzęcia, na giełdzie papierów określa się potężne spadki?;Bessa;Hossa;Czarny łabędź;Złoty cielec
Wiedza Ogólna i Ciekawostki;Świat Finansów;trudne;Która instytucja Unii Europejskiej jest wyłącznie odpowiedzialna za emisję banknotów euro i nadzorowanie polityki pieniężnej strefy euro?;Europejski Bank Centralny (EBC);Europejski Bank Inwestycyjny (EBI);Europejski Mechanizm Stabilności (EMS);Komisja Europejska
Wiedza Ogólna i Ciekawostki;Świat Finansów;łatwe;Co oznacza skrót PKB, określający wartość wszystkich dóbr i usług wytworzonych w kraju w ciągu roku?;Produkt Krajowy Brutto;Przychód Komercyjny Banków;Państwowy Koszt Budżetowy;Podatek Krajowy Bezpośredni
Wiedza Ogólna i Ciekawostki;Świat Finansów;łatwe;Co oznacza skrót VAT doliczany do ceny niemal wszystkich towarów i usług?;Podatek od towarów i usług;Podatek od dochodów osobistych;Podatek akcyzowy;Podatek od nieruchomości
Wiedza Ogólna i Ciekawostki;Świat Finansów;łatwe;Jak na giełdzie i rynkach finansowych nazywa się długotrwały wzrost cen akcji?;Hossa (Rynek Byka);Bessa (Rynek Niedźwiedzia);Recesja;Stagflacja
Wiedza Ogólna i Ciekawostki;Świat Finansów;łatwe;Jak nazywa się najsłynniejsza nowojorska ulica, tętniąca życiem finansowym i siedziba giełdy NYSE?;Wall Street;Broadway;Fifth Avenue (Piąta Aleja);Times Square
Wiedza Ogólna i Ciekawostki;Świat Finansów;łatwe;Jaka waluta powszechnie obowiązuje w Japonii?;Jen (JPY);Juan (RMB);Won (KRW);Dolar (USD)
Wiedza Ogólna i Ciekawostki;Świat Finansów;łatwe;W jakiej autoryzowanej instytucji możesz obecnie najbezpieczniej założyć prywatne konto oszczędnościowe?;W banku;Na giełdzie;W lombardzie;W kantorze
Wiedza Ogólna i Ciekawostki;Świat Finansów;łatwe;Co oznacza termin "hossa" na giełdzie?;Długotrwały wzrost cen akcji;Spadek wartości papierów wartościowych;Całkowite wstrzymanie handlu;Rodzaj podatku od zysku
Wiedza Ogólna i Ciekawostki;Świat Finansów;łatwe;Która instytucja w Polsce odpowiada za emisję pieniądza?;Narodowy Bank Polski;Giełda Papierów Wartościowych;Urząd Skarbowy;Krajowa Administracja Skarbowa
Wiedza Ogólna i Ciekawostki;Świat Finansów;łatwe;Jak nazywa się waluta używana w Japonii?;Jen;Juan;Won;Ringgit
Wiedza Ogólna i Ciekawostki;Świat Finansów;łatwe;Co to jest dywidenda?;Część zysku spółki wypłacana akcjonariuszom;Podatek od transakcji giełdowych;Rodzaj długu państwowego;Opłata za prowadzenie konta
Wiedza Ogólna i Ciekawostki;Świat Finansów;trudne;Kto jest uważany za twórcę koncepcji "niewidzialnej ręki rynku"?;Adam Smith;John Maynard Keynes;Milton Friedman;David Ricardo
Wiedza Ogólna i Ciekawostki;Świat Finansów;trudne;Co to jest "blue chip" na giełdzie?;Akcja dużej, stabilnej i płynnej spółki;Nowo wprowadzona kryptowaluta;Akcja o bardzo niskiej wartości (groszowa);Rodzaj obligacji skarbowej
Wiedza Ogólna i Ciekawostki;Świat Finansów;trudne;Jak nazywa się wskaźnik pokazujący zmianę cen koszyka towarów i usług konsumpcyjnych?;CPI;PKB;WIG20;LIBOR
Wiedza Ogólna i Ciekawostki;Świat Finansów;trudne;Czym jest "hedging"?;Strategią ograniczania ryzyka inwestycyjnego;Szybką sprzedażą wszystkich aktywów;Spekulacją na spadki cen;Rodzajem marketingu bankowego
Wiedza Ogólna i Ciekawostki;Świat Finansów;bardzo trudne;Czym jest "krzywa Laffera"?;Ilustracją zależności między stawką podatkową a przychodami budżetu;Wykresem pokazującym cykle koniunkturalne;Zależnością między bezrobociem a inflacją;Modelem wyceny opcji finansowych
Wiedza Ogólna i Ciekawostki;Świat Finansów;bardzo trudne;Co oznacza termin "quantitative easing" (luzowanie ilościowe)?;Politykę banku centralnego polegającą na zwiększaniu podaży pieniądza poprzez skup aktywów;Podniesienie stóp procentowych w celu walki z inflacją;Wprowadzenie nowej waluty do obiegu;Drastyczne cięcie wydatków budżetowych
Wiedza Ogólna i Ciekawostki;Świat Finansów;bardzo trudne;Czym są kontrakty CFD?;Instrumentami pochodnymi opartymi na różnicy cenowej;Akcjami uprzywilejowanymi co do głosu;Obligacjami zamiennymi na udziały;Certyfikatami depozytowymi w złocie
Wiedza Ogólna i Ciekawostki;Świat Finansów;bardzo trudne;W którym roku doszło do upadku banku Lehman Brothers, co zapoczątkowało globalny kryzys?;2008;2001;2010;1997
Wiedza Ogólna i Ciekawostki;Świat Finansów;łatwe;Jak nazywa się dokument potwierdzający posiadanie części udziałów w spółce akcyjnej?;Akcja;Obligacja;Czek;Weksel
Wiedza Ogólna i Ciekawostki;Świat Finansów;trudne;Co to jest rynek wtórny?;Miejsce, gdzie inwestorzy handlują już wyemitowanymi papierami wartościowymi;Sklep z używaną odzieżą;Bank udzielający kredytów konsolidacyjnych;Giełda walut kryptograficznych
Wiedza Ogólna i Ciekawostki;Świat Finansów;bardzo trudne;Kim był laureat Nagrody Nobla, który opracował model wyceny opcji (Black-Scholes)?;Myron Scholes;John Nash;Milton Friedman;Joseph Stiglitz
Wiedza Ogólna i Ciekawostki;Świat Finansów;łatwe;Co oznacza termin "hossa" na giełdzie?;Długotrwały wzrost cen akcji;Spadek wartości papierów wartościowych;Całkowite wstrzymanie handlu;Rodzaj podatku od zysku
Wiedza Ogólna i Ciekawostki;Świat Finansów;łatwe;Która instytucja w Polsce odpowiada za emisję pieniądza?;Narodowy Bank Polski;Giełda Papierów Wartościowych;Urząd Skarbowy;Krajowa Administracja Skarbowa
Wiedza Ogólna i Ciekawostki;Świat Finansów;łatwe;Jak nazywa się waluta używana w Japonii?;Jen;Juan;Won;Ringgit
Wiedza Ogólna i Ciekawostki;Świat Finansów;łatwe;Co to jest dywidenda?;Część zysku spółki wypłacana akcjonariuszom;Podatek od transakcji giełdowych;Rodzaj długu państwowego;Opłata za prowadzenie konta
Wiedza Ogólna i Ciekawostki;Świat Finansów;trudne;Kto jest uważany za twórcę koncepcji "niewidzialnej ręki rynku"?;Adam Smith;John Maynard Keynes;Milton Friedman;David Ricardo
Wiedza Ogólna i Ciekawostki;Świat Finansów;trudne;Co to jest "blue chip" na giełdzie?;Akcja dużej, stabilnej i płynnej spółki;Nowo wprowadzona kryptowaluta;Akcja o bardzo niskiej wartości (groszowa);Rodzaj obligacji skarbowej
Wiedza Ogólna i Ciekawostki;Świat Finansów;trudne;Jak nazywa się wskaźnik pokazujący zmianę cen koszyka towarów i usług konsumpcyjnych?;CPI;PKB;WIG20;LIBOR
Wiedza Ogólna i Ciekawostki;Świat Finansów;trudne;Czym jest "hedging"?;Strategią ograniczania ryzyka inwestycyjnego;Szybką sprzedażą wszystkich aktywów;Spekulacją na spadki cen;Rodzajem marketingu bankowego
Wiedza Ogólna i Ciekawostki;Świat Finansów;bardzo trudne;Czym jest "krzywa Laffera"?;Ilustracją zależności między stawką podatkową a przychodami budżetu;Wykresem pokazującym cykle koniunkturalne;Zależnością między bezrobociem a inflacją;Modelem wyceny opcji finansowych
Wiedza Ogólna i Ciekawostki;Świat Finansów;bardzo trudne;Co oznacza termin "quantitative easing" (luzowanie ilościowe)?;Politykę banku centralnego polegającą na zwiększaniu podaży pieniądza poprzez skup aktywów;Podniesienie stóp procentowych w celu walki z inflacją;Wprowadzenie nowej waluty do obiegu;Drastyczne cięcie wydatków budżetowych
Wiedza Ogólna i Ciekawostki;Świat Finansów;bardzo trudne;Czym są kontrakty CFD?;Instrumentami pochodnymi opartymi na różnicy cenowej;Akcjami uprzywilejowanymi co do głosu;Obligacjami zamiennymi na udziały;Certyfikatami depozytowymi w złocie
Wiedza Ogólna i Ciekawostki;Świat Finansów;bardzo trudne;W którym roku doszło do upadku banku Lehman Brothers, co zapoczątkowało globalny kryzys?;2008;2001;2010;1997
Wiedza Ogólna i Ciekawostki;Świat Finansów;łatwe;Jak nazywa się dokument potwierdzający posiadanie części udziałów w spółce akcyjnej?;Akcja;Obligacja;Czek;Weksel
Wiedza Ogólna i Ciekawostki;Świat Finansów;trudne;Co to jest rynek wtórny?;Miejsce, gdzie inwestorzy handlują już wyemitowanymi papierami wartościowymi;Sklep z używaną odzieżą;Bank udzielający kredytów konsolidacyjnych;Giełda walut kryptograficznych
Wiedza Ogólna i Ciekawostki;Świat Finansów;bardzo trudne;Kim był laureat Nagrody Nobla, który opracował model wyceny opcji (Black-Scholes)?;Myron Scholes;John Nash;Milton Friedman;Joseph Stiglitz
Wiedza Ogólna i Ciekawostki;Ciało Człowieka;łatwe;Jaki jest największy narząd zewnętrzny ludzkiego ciała?;Skóra;Wątroba;Płuca;Serce
Wiedza Ogólna i Ciekawostki;Ciało Człowieka;trudne;Ile wynosi standardowa liczba zębów u dorosłego człowieka, z zębami mądrości?;32;28;30;34
Wiedza Ogólna i Ciekawostki;Ciało Człowieka;bardzo trudne;Ile litrów krwi krąży średnio w organizmie dorosłego człowieka?;Około 5 litrów;Około 3 litrów;Około 8 litrów;Około 10 litrów
Wiedza Ogólna i Ciekawostki;Ciało Człowieka;bardzo trudne;Jak nazywa się najmniejszy mięsień w ludzkim ciele, znajdujący się w uchu środkowym?;Mięsień strzemiączkowy;Mięsień okrężny oka;Mięsień żwacz;Mięsień płaski
Wiedza Ogólna i Ciekawostki;Cuda Świata;łatwe;Ile obiektów znajduje się na liście "Nowych Siedmiu Cudów Świata" ogłoszonej w 2007 roku?;7;5;8;10
Wiedza Ogólna i Ciekawostki;Cuda Świata;trudne;Który z obiektów Nowych Siedmiu Cudów Świata znajduje się w Peru?;Machu Picchu;Chichen Itza;Petra;Wielki Mur Chiński
Wiedza Ogólna i Ciekawostki;Cuda Świata;trudne;Który zabytek starożytności, jedyny z pierwotnej listy Siedmiu Cudów Świata, przetrwał do dziś?;Wielka Piramida w Gizie;Latarnia morska w Aleksandrii;Wiszące Ogrody Semiramidy;Kolos Rodyjski
Wiedza Ogólna i Ciekawostki;Cuda Świata;bardzo trudne;Który z Nowych Siedmiu Cudów Świata znajduje się w Jordanii, wykuty w skale?;Petra;Chichen Itza;Machu Picchu;Tadż Mahal
Wiedza Ogólna i Ciekawostki;Cuda Świata;bardzo trudne;W którym roku ogłoszono wyniki plebiscytu "Nowe Siedem Cudów Świata"?;2007;2000;2010;2001
Wiedza Ogólna i Ciekawostki;Jednostki Miar i Wag;łatwe;Jaka jest podstawowa jednostka długości w układzie SI?;Metr;Centymetr;Kilometr;Cal
Wiedza Ogólna i Ciekawostki;Jednostki Miar i Wag;trudne;Jaka jest podstawowa jednostka masy w układzie SI?;Kilogram;Gram;Tona;Funt
Wiedza Ogólna i Ciekawostki;Jednostki Miar i Wag;trudne;Ile metrów liczy jedna mila morska?;1852 m;1609 m;1000 m;2000 m
Wiedza Ogólna i Ciekawostki;Jednostki Miar i Wag;bardzo trudne;Jaka jest jednostka ciśnienia atmosferycznego w układzie SI, nazwana na cześć francuskiego naukowca?;Paskal;Bar;Atmosfera;Tor
Wiedza Ogólna i Ciekawostki;Jednostki Miar i Wag;bardzo trudne;Ile jednostek astronomicznych wynosi w przybliżeniu odległość Neptuna od Słońca?;Około 30 AU;Około 10 AU;Około 50 AU;Około 100 AU
Wiedza Ogólna i Ciekawostki;Kosmos i Eksploracja;łatwe;Kto jako pierwszy człowiek poleciał w kosmos, w 1961 roku?;Jurij Gagarin;Neil Armstrong;Alan Shepard;Buzz Aldrin
Wiedza Ogólna i Ciekawostki;Kosmos i Eksploracja;trudne;Kto jako pierwszy postawił stopę na Księżycu, w 1969 roku, podczas misji Apollo 11?;Neil Armstrong;Buzz Aldrin;Michael Collins;Jurij Gagarin
Wiedza Ogólna i Ciekawostki;Kosmos i Eksploracja;trudne;Jak nazywa się amerykańska agencja kosmiczna odpowiedzialna za program Apollo i loty na Księżyc?;NASA;ESA;Roskosmos;SpaceX
Wiedza Ogólna i Ciekawostki;Kosmos i Eksploracja;bardzo trudne;Jak nazywała się pierwsza kobieta w kosmosie, radziecka kosmonautka, która poleciała w 1963 roku?;Walentina Tierieszkowa;Swietłana Sawicka;Sally Ride;Jelena Kondakowa
Wiedza Ogólna i Ciekawostki;Kosmos i Eksploracja;bardzo trudne;Jak nazywa się sonda kosmiczna NASA, która jako pierwszy stworzony przez człowieka obiekt opuściła Układ Słoneczny, wystrzelona w 1977 roku?;Voyager 1;Voyager 2;Pioneer 10;New Horizons
Wiedza Ogólna i Ciekawostki;Mity i Fakty;łatwe;Czy mit czy fakt: Ludzie wykorzystują tylko 10% swojego mózgu?;Mit;Fakt;Częściowo prawda;Zależy od osoby
Wiedza Ogólna i Ciekawostki;Mity i Fakty;trudne;Czy mit czy fakt: Połykanie gumy do żucia pozostaje w żołądku przez siedem lat?;Mit;Fakt;Prawda w połowie;Zależy od rodzaju gumy
Wiedza Ogólna i Ciekawostki;Mity i Fakty;trudne;Czy mit czy fakt: Byki wpadają w furię na widok koloru czerwonego?;Mit;Fakt;Tylko podczas korridy;Zależy od rasy byka
Wiedza Ogólna i Ciekawostki;Mity i Fakty;bardzo trudne;Czy mit czy fakt: Napoleon Bonaparte był wyjątkowo niskiego wzrostu jak na swoje czasy?;Mit;Fakt;Był wyjątkowo wysoki;Nie ma na to dowodów
Wiedza Ogólna i Ciekawostki;Mity i Fakty;bardzo trudne;Czy mit czy fakt: Wielki Mur Chiński jest jedyną budowlą widoczną z kosmosu gołym okiem?;Mit;Fakt;Widoczny tylko nocą;Widoczny tylko z Księżyca
Wiedza Ogólna i Ciekawostki;Nagrody Nobla;łatwe;W ilu dziedzinach przyznawana jest oryginalnie Nagroda Nobla, bez dodanej później ekonomii?;5;6;4;7
Wiedza Ogólna i Ciekawostki;Nagrody Nobla;trudne;W jakim mieście wręczana jest Pokojowa Nagroda Nobla, w przeciwieństwie do pozostałych kategorii wręczanych w Sztokholmie?;Oslo;Sztokholm;Kopenhaga;Helsinki
Wiedza Ogólna i Ciekawostki;Nagrody Nobla;trudne;Kto ustanowił Nagrodę Nobla w swoim testamencie, szwedzki chemik i wynalazca dynamitu?;Alfred Nobel;Ivar Kreuger;Gustaf V;Sven Hedin
Wiedza Ogólna i Ciekawostki;Nagrody Nobla;bardzo trudne;Która kategoria Nagrody Nobla nie została ustanowiona w oryginalnym testamencie Alfreda Nobla, lecz dodana przez Narodowy Bank Szwecji w 1968 roku?;Nagroda w dziedzinie ekonomii;Nagroda pokojowa;Nagroda literacka;Nagroda za fizjologię i medycynę
Wiedza Ogólna i Ciekawostki;Nagrody Nobla;bardzo trudne;Kto jest najmłodszym laureatem Nagrody Nobla w historii, pakistańska aktywistka nagrodzona w 2014 roku w wieku 17 lat?;Malala Yousafzai;Tawakkol Karman;Kailash Satyarthi;Aung San Suu Kyi
Wiedza Ogólna i Ciekawostki;Pierwiastki i Chemia;łatwe;Jaki symbol chemiczny ma złoto?;Au;Ag;Go;Gd
Wiedza Ogólna i Ciekawostki;Pierwiastki i Chemia;trudne;Jaki pierwiastek ma symbol chemiczny Fe?;Żelazo;Fluor;Ferm;Frans
Wiedza Ogólna i Ciekawostki;Pierwiastki i Chemia;trudne;Który pierwiastek jest najliczniej występującym gazem w atmosferze Ziemi?;Azot;Tlen;Dwutlenek węgla;Argon
Wiedza Ogólna i Ciekawostki;Pierwiastki i Chemia;bardzo trudne;Jaki pierwiastek ma najwyższą temperaturę topnienia spośród wszystkich metali?;Wolfram;Tytan;Platyna;Osm
Wiedza Ogólna i Ciekawostki;Pierwiastki i Chemia;bardzo trudne;Jak nazywa się najcięższy naturalnie występujący pierwiastek chemiczny w przyrodzie?;Uran;Pluton;Neptun;Tor
Wiedza Ogólna i Ciekawostki;Przysłowia i Powiedzenia;łatwe;Dokończ przysłowie: "Co nagle, to...";po diable;dobrze;szybko;na próżno
Wiedza Ogólna i Ciekawostki;Przysłowia i Powiedzenia;trudne;Jak brzmi dokończenie przysłowia "Nie wywołuj wilka...";z lasu;z jaskini;z ciemności;z kniei
Wiedza Ogólna i Ciekawostki;Przysłowia i Powiedzenia;trudne;Co oznacza powiedzenie "rzucać grochem o ścianę"?;Mówić bez efektu, na próżno przekonywać;Marnować jedzenie;Być niecierpliwym;Działać chaotycznie
Wiedza Ogólna i Ciekawostki;Przysłowia i Powiedzenia;bardzo trudne;Skąd pochodzi powiedzenie "przekroczyć Rubikon", oznaczające podjęcie nieodwracalnej decyzji?;Z przekroczenia rzeki Rubikon przez Juliusza Cezara;Z mitologii greckiej;Z Biblii;Z legend średniowiecznych
Wiedza Ogólna i Ciekawostki;Przysłowia i Powiedzenia;bardzo trudne;Jak brzmi łacińska sentencja oznaczająca dosłownie "z tego, co następuje", określająca wniosek wyciągnięty z doświadczenia?;A posteriori;A priori;Post factum;Ad hoc
Wiedza Ogólna i Ciekawostki;Rekordy Guinnessa;łatwe;Jak nazywa się coroczna publikacja zawierająca zestawienie rekordów świata, wydawana od 1955 roku?;Księga Rekordów Guinnessa;Encyklopedia Britannica;Almanach Wiedzy;Kalendarz Rekordów
Wiedza Ogólna i Ciekawostki;Rekordy Guinnessa;trudne;Kto był najwyższym potwierdzonym człowiekiem w historii, Amerykanin o wzroście 272 cm?;Robert Wadlow;André the Giant;Sultan Kösen;Leonid Stadnyk
Wiedza Ogólna i Ciekawostki;Rekordy Guinnessa;trudne;Dla jakiej firmy piwowarskiej stworzono w latach 50. Księgę Rekordów Guinnessa jako narzędzie marketingowe?;Guinness;Heineken;Carlsberg;Budweiser
Wiedza Ogólna i Ciekawostki;Rekordy Guinnessa;bardzo trudne;Kto jest najniższym potwierdzonym mężczyzną w historii Księgi Rekordów Guinnessa, Nepalczyk o wzroście 54,6 cm?;Chandra Bahadur Dangi;Junrey Balawing;Gul Mohammed;He Pingping
Wiedza Ogólna i Ciekawostki;Rekordy Guinnessa;bardzo trudne;Jak nazywała się najdłużej żyjąca potwierdzona osoba w historii, Francuzka zmarła w 1997 roku w wieku 122 lat?;Jeanne Calment;Kane Tanaka;Sarah Knauss;Lucile Randon
Wiedza Ogólna i Ciekawostki;Rekordy Świata;łatwe;Jaka jest najwyższa góra świata, licząc od poziomu morza?;Mount Everest;K2;Kanczendzonga;Lhotse
Wiedza Ogólna i Ciekawostki;Rekordy Świata;trudne;Jaka jest najgłębsza część oceanu na Ziemi, znajdująca się na Pacyfiku?;Rów Mariański;Rów Portoryko;Rów Japoński;Rów Peruwiańsko-Chilijski
Wiedza Ogólna i Ciekawostki;Rekordy Świata;trudne;Jakie jest najmniejsze państwo świata pod względem powierzchni?;Watykan;Monako;San Marino;Liechtenstein
Wiedza Ogólna i Ciekawostki;Rekordy Świata;bardzo trudne;Jaka jest najniższa temperatura kiedykolwiek zarejestrowana na Ziemi, zmierzona na Antarktydzie w 1983 roku?;-89,2°C;-71°C;-95°C;-60°C
Wiedza Ogólna i Ciekawostki;Rekordy Świata;bardzo trudne;Jak nazywa się najstarsze wciąż działające przedsiębiorstwo świata, japońska firma budowlana założona w 578 roku?;Kongō Gumi;Staffelter Hof;Chateau de Goulaine;Sean's Bar
Wiedza Ogólna i Ciekawostki;Stolice Świata;trudne;Jak nazywa się stolica Kanady, mniej znana niż Toronto czy Montreal?;Ottawa;Toronto;Montreal;Vancouver
Wiedza Ogólna i Ciekawostki;Stolice Świata;trudne;Jak nazywa się stolica Brazylii, zaprojektowane od podstaw miasto z lat 60. XX wieku?;Brasília;Rio de Janeiro;São Paulo;Salvador
Wiedza Ogólna i Ciekawostki;Stolice Świata;bardzo trudne;Jak nazywa się stolica Mjanmy (Birmy), przeniesiona tam z Rangunu w 2005 roku?;Naypyidaw;Rangun;Mandalaj;Bagan
Wiedza Ogólna i Ciekawostki;Stolice Świata;bardzo trudne;Jak nazywa się stolica Boliwii będąca siedzibą rządu, w odróżnieniu od konstytucyjnej stolicy Sucre?;La Paz;Sucre;Santa Cruz;Cochabamba
Wiedza Ogólna i Ciekawostki;Słynne Cytaty;łatwe;Kto wypowiedział słowa "Mam marzenie" podczas marszu na Waszyngton w 1963 roku?;Martin Luther King Jr.;Malcolm X;Nelson Mandela;Barack Obama
Wiedza Ogólna i Ciekawostki;Słynne Cytaty;trudne;Kto powiedział "Wiem, że nic nie wiem", słynną sentencję filozoficzną starożytnej Grecji?;Sokrates;Platon;Arystoteles;Diogenes
Wiedza Ogólna i Ciekawostki;Słynne Cytaty;trudne;Komu tradycyjnie przypisuje się słowa "Ave Caesar, morituri te salutant", wypowiadane w rzymskim amfiteatrze?;Gladiatorom rzymskim;Legionistom;Senatorom;Niewolnikom
Wiedza Ogólna i Ciekawostki;Słynne Cytaty;bardzo trudne;Kto wypowiedział słowa "Kości zostały rzucone" przy przekraczaniu Rubikonu?;Juliusz Cezar;Oktawian August;Pompejusz;Marek Antoniusz
Wiedza Ogólna i Ciekawostki;Słynne Cytaty;bardzo trudne;Kto jest autorem cytatu "Cogito ergo sum", fundamentalnej sentencji filozofii nowożytnej?;René Descartes;Immanuel Kant;Baruch Spinoza;John Locke
Wiedza Ogólna i Ciekawostki;Słynni Odkrywcy;łatwe;Kto odkrył Amerykę dla Europy w 1492 roku?;Krzysztof Kolumb;Ferdynand Magellan;Vasco da Gama;Amerigo Vespucci
Wiedza Ogólna i Ciekawostki;Słynni Odkrywcy;trudne;Kto jako pierwszy Europejczyk dotarł do bieguna południowego, w 1911 roku?;Roald Amundsen;Robert Scott;Ernest Shackleton;Richard Byrd
Wiedza Ogólna i Ciekawostki;Słynni Odkrywcy;trudne;Kto odkrył drogę morską do Indii, opływając Afrykę w 1498 roku?;Vasco da Gama;Krzysztof Kolumb;Bartolomeu Dias;Ferdynand Magellan
Wiedza Ogólna i Ciekawostki;Słynni Odkrywcy;bardzo trudne;Kto zginął podczas wyprawy na biegun południowy w 1912 roku, docierając tam miesiąc po Amundsenie?;Robert Falcon Scott;Ernest Shackleton;Roald Amundsen;Douglas Mawson
Wiedza Ogólna i Ciekawostki;Słynni Odkrywcy;bardzo trudne;Kto jako pierwszy zdobył szczyt Mount Everest w 1953 roku, wraz z szerpą Tenzingiem Norgayem?;Edmund Hillary;George Mallory;Reinhold Messner;Chris Bonington
Wiedza Ogólna i Ciekawostki;Tajemnice Świata;łatwe;Jak nazywa się słynny obszar na Oceanie Atlantyckim, gdzie rzekomo w tajemniczych okolicznościach znika wiele statków i samolotów?;Trójkąt Bermudzki;Trójkąt Diabelski Morza Japońskiego;Strefa 51;Trójkąt Nevady
Wiedza Ogólna i Ciekawostki;Tajemnice Świata;trudne;Jak nazywa się tajna amerykańska baza wojskowa w Nevadzie, przedmiot licznych teorii spiskowych o UFO?;Strefa 51;Fort Knox;Pentagon;Los Alamos
Wiedza Ogólna i Ciekawostki;Tajemnice Świata;trudne;Jak nazywają się tajemnicze rysunki na peruwiańskiej pustyni, widoczne w pełni tylko z lotu ptaka?;Linie Nazca;Kamienne kręgi Stonehenge;Moai z Wyspy Wielkanocnej;Piramidy w Gizie
Wiedza Ogólna i Ciekawostki;Tajemnice Świata;bardzo trudne;Jak nazywa się nieodczytany do dziś średniowieczny rękopis, napisany nieznanym pismem, przechowywany na Uniwersytecie Yale?;Manuskrypt Voynicha;Kodeks Rohonci;Fajstos Disc;Kodeks Seraphinianus
Wiedza Ogólna i Ciekawostki;Tajemnice Świata;bardzo trudne;Jak nazywa się niewyjaśnione zjawisko z 1908 roku, potężna eksplozja nad syberyjską tajgą, która zwaliła miliony drzew?;Katastrofa tunguska;Katastrofa czelabińska;Eksplozja Krakatau;Meteoryt Sichote-Aliński
Wiedza Ogólna i Ciekawostki;Wynalazki Codziennego Użytku;łatwe;Kto wynalazł żarówkę w powszechnie stosowanej formie?;Thomas Edison;Nikola Tesla;Alessandro Volta;James Watt
Wiedza Ogólna i Ciekawostki;Wynalazki Codziennego Użytku;trudne;Kto wynalazł zamek błyskawiczny w formie zbliżonej do dzisiejszej, opatentowany w 1913 roku?;Gideon Sundback;Whitcomb Judson;Elias Howe;Levi Strauss
Wiedza Ogólna i Ciekawostki;Wynalazki Codziennego Użytku;trudne;Kto wynalazł rzep (velcro), inspirowany nasionami rzepienia przyczepiającymi się do ubrania?;George de Mestral;Gideon Sundback;Whitcomb Judson;Earle Dickson
Wiedza Ogólna i Ciekawostki;Wynalazki Codziennego Użytku;bardzo trudne;Kto wynalazł plaster opatrunkowy z przyklejaną gazą, wprowadzony na rynek przez Johnson & Johnson?;Earle Dickson;George de Mestral;Gideon Sundback;Whitcomb Judson
Wiedza Ogólna i Ciekawostki;Wynalazki Codziennego Użytku;bardzo trudne;Kto wynalazł pierwszą praktyczną maszynę do szycia z ruchem zygzakowym igły, opatentowaną w 1845 roku?;Elias Howe;Isaac Singer;Levi Strauss;Walter Hunt
Wiedza Ogólna i Ciekawostki;Zjawiska Pogodowe;łatwe;Jak nazywa się gwałtowny wiatr wirowy nad oceanem, zwany huraganem w Ameryce, a tajfunem w Azji?;Cyklon tropikalny;Tornado;Trąba powietrzna;Downburst
Wiedza Ogólna i Ciekawostki;Zjawiska Pogodowe;trudne;Jak nazywa się opad atmosferyczny w postaci kulek lodu, powstający podczas silnych burz?;Grad;Deszcz ze śniegiem;Śnieg;Mżawka
Wiedza Ogólna i Ciekawostki;Zjawiska Pogodowe;trudne;Jak nazywa się gęsta mgła zmieszana z zanieczyszczeniami powietrza, częsta w dużych miastach przemysłowych?;Smog;Zamglenie;Opar;Mgła radiacyjna
Wiedza Ogólna i Ciekawostki;Zjawiska Pogodowe;bardzo trudne;Jak nazywa się odwrócenie normalnego gradientu temperatury w atmosferze, prowadzące do gromadzenia się zanieczyszczeń przy powierzchni ziemi?;Inwersja termiczna;Adwekcja;Konwekcja;Subsydencja
Wiedza Ogólna i Ciekawostki;Zjawiska Pogodowe;bardzo trudne;Jak nazywa się skala klasyfikująca siłę wiatru, od ciszy do huraganu, stworzona przez brytyjskiego admirała w XIX wieku?;Skala Beauforta;Skala Richtera;Skala Fujita;Skala Saffira-Simpsona
Wiedza Ogólna i Ciekawostki;Świat Finansów;łatwe;Jak nazywa się miejsce, gdzie odbywa się obrót akcjami spółek publicznych?;Giełda papierów wartościowych;Bank centralny;Fundusz inwestycyjny;Kantor
Wiedza Ogólna i Ciekawostki;Świat Finansów;trudne;Jak nazywa się największa giełda papierów wartościowych na świecie pod względem kapitalizacji, z siedzibą w Nowym Jorku?;New York Stock Exchange;NASDAQ;Londyńska Giełda Papierów Wartościowych;Giełda w Tokio
Wiedza Ogólna i Ciekawostki;Świat Finansów;trudne;Jak nazywa się polska giełda papierów wartościowych, z siedzibą w Warszawie?;Giełda Papierów Wartościowych w Warszawie;NewConnect;Catalyst;WIG20
Wiedza Ogólna i Ciekawostki;Świat Finansów;bardzo trudne;Jak nazywa się główny indeks giełdowy warszawskiej giełdy, obejmujący 20 największych spółek?;WIG20;WIG;mWIG40;sWIG80
Wiedza Ogólna i Ciekawostki;Świat Finansów;bardzo trudne;Jak nazywa się gwałtowny, niekontrolowany spadek cen akcji, który doprowadził do Wielkiego Kryzysu w 1929 roku?;Krach na Wall Street;Czarny Poniedziałek 1987;Bańka dot-comów;Kryzys finansowy 2008
Wiedza Ogólna i Ciekawostki;Ciało Człowieka;trudne;Jak nazywa się część mózgu odpowiedzialna za koordynację ruchów i równowagę?;móżdżek;most Varola;kora mózgowa;wzgórze
Wiedza Ogólna i Ciekawostki;Ciało Człowieka;bardzo trudne;Ile kości liczy szkielet dorosłego człowieka?;206;180;250;150
Wiedza Ogólna i Ciekawostki;Ciało Człowieka;bardzo trudne;Jak nazywa się najmniejsza jednostka funkcjonalna nerki, odpowiedzialna za filtrację krwi?;nefron;neuron;alweola;hepatocyt
Wiedza Ogólna i Ciekawostki;Cuda Świata;łatwe;W jakim mieście znajduje się Koloseum, jeden z Nowych Siedmiu Cudów Świata?;Rzym;Werona;Neapol;Mediolan
Wiedza Ogólna i Ciekawostki;Cuda Świata;trudne;Jak nazywały się słynne, wiszące ogrody starożytności, jeden z Siedmiu Cudów Świata, przypisywane władcy Babilonu?;Wiszące Ogrody Semiramidy;Świątynia Artemidy w Efezie;Posąg Zeusa w Olimpii;Mauzoleum w Halikarnasie
Wiedza Ogólna i Ciekawostki;Cuda Świata;trudne;Jak nazywała się gigantyczna latarnia morska w Aleksandrii, jeden z Siedmiu Cudów Starożytnego Świata?;Latarnia morska na Faros;Kolos Rodyjski;Wielka Piramida w Gizie;Świątynia Artemidy
Wiedza Ogólna i Ciekawostki;Cuda Świata;bardzo trudne;Ile metrów wysokości (w przybliżeniu) miał starożytny Kolos Rodyjski, zanim runął w wyniku trzęsienia ziemi w 226 r. p.n.e.?;ok. 33 metry;ok. 15 metrów;ok. 50 metrów;ok. 70 metrów
Wiedza Ogólna i Ciekawostki;Cuda Świata;bardzo trudne;Który starożytny cud świata, mauzoleum władcy Mauzolosa, dał początek współczesnemu słowu "mauzoleum"?;Mauzoleum w Halikarnasie;Świątynia Artemidy w Efezie;Wiszące Ogrody Semiramidy;Kolos Rodyjski
Wiedza Ogólna i Ciekawostki;Jednostki Miar i Wag;łatwe;Jaka jest podstawowa jednostka czasu w układzie SI?;sekunda;minuta;godzina;mikrosekunda
Wiedza Ogólna i Ciekawostki;Jednostki Miar i Wag;trudne;Jak nazywa się jednostka mocy w układzie SI, nazwana na cześć szkockiego wynalazcy?;wat;dżul;amper;wolt
Wiedza Ogólna i Ciekawostki;Jednostki Miar i Wag;trudne;Ile gramów ma jeden karat, jednostka masy używana do ważenia kamieni szlachetnych?;0,2 grama;1 gram;0,5 grama;2 gramy
Wiedza Ogólna i Ciekawostki;Jednostki Miar i Wag;bardzo trudne;Jak nazywa się jednostka odległości w astronomii, równa dystansowi, jaki światło pokonuje w ciągu jednego roku?;rok świetlny;parsek;jednostka astronomiczna;rok gwiazdowy
Wiedza Ogólna i Ciekawostki;Jednostki Miar i Wag;bardzo trudne;Ile paskali w przybliżeniu wynosi jeden bar, jednostka ciśnienia stosowana m.in. w sprzęcie do nurkowania?;100 000 paskali;10 000 paskali;1 000 000 paskali;50 000 paskali
Wiedza Ogólna i Ciekawostki;Kosmos i Eksploracja;łatwe;Jak nazywa się gwiazda znajdująca się w centrum naszego Układu Słonecznego?;Słońce;Syriusz;Alfa Centauri;Proxima Centauri
Wiedza Ogólna i Ciekawostki;Kosmos i Eksploracja;trudne;Jak nazywa się pierwszy sztuczny satelita Ziemi, wystrzelony przez ZSRR w 1957 roku?;Sputnik 1;Wostok 1;Eksplorer 1;Łuna 1
Wiedza Ogólna i Ciekawostki;Kosmos i Eksploracja;trudne;Jak nazywa się teleskop kosmiczny NASA, wystrzelony w 1990 roku, który dostarczył tysięcy niezwykłych zdjęć kosmosu?;Teleskop Hubble'a;Teleskop Jamesa Webba;Teleskop Keplera;Teleskop Spitzera
Wiedza Ogólna i Ciekawostki;Kosmos i Eksploracja;bardzo trudne;Podczas której misji Apollo w 1968 roku astronauci jako pierwsi w historii okrążyli Księżyc, nie lądując na nim?;Apollo 8;Apollo 7;Apollo 10;Apollo 11
Wiedza Ogólna i Ciekawostki;Kosmos i Eksploracja;bardzo trudne;Ile dni trwała pierwsza załogowa misja na Księżyc, Apollo 11, licząc od startu do powrotu na Ziemię?;8 dni;3 dni;14 dni;21 dni
Wiedza Ogólna i Ciekawostki;Mity i Fakty;łatwe;Czy mit czy fakt: Złote rybki mają pamięć trwającą jedynie 3 sekundy?;Mit;Fakt;Pamiętają tylko kolory;Nie zostało to zbadane
Wiedza Ogólna i Ciekawostki;Mity i Fakty;trudne;Czy mit czy fakt: Piorun nigdy nie uderza dwa razy w to samo miejsce?;Mit;Fakt;Zależy od rodzaju chmur;Tylko raz na 100 lat
Wiedza Ogólna i Ciekawostki;Mity i Fakty;trudne;Czy mit czy fakt: Kameleony zmieniają kolor przede wszystkim po to, by zamaskować się na tle otoczenia?;Mit;Fakt;Tylko młode osobniki;Zależy od gatunku
Wiedza Ogólna i Ciekawostki;Mity i Fakty;bardzo trudne;Czy mit czy fakt: Popularna plotka o tym, że ludzie we śnie nieświadomie zjadają pająki, jest współczesnym mitem bez podstaw naukowych?;Fakt;Mit;Zdarza się raz w roku;Tylko u dzieci
Wiedza Ogólna i Ciekawostki;Mity i Fakty;bardzo trudne;Czy mit czy fakt: Latem wieża Eiffla jest nieco wyższa niż zimą z powodu rozszerzalności cieplnej metalu?;Fakt;Mit;Tylko zimą;Nie da się tego zmierzyć
Wiedza Ogólna i Ciekawostki;Nagrody Nobla;łatwe;Kto otrzymał Pokojową Nagrodę Nobla w 2009 roku, wkrótce po objęciu urzędu prezydenta USA?;Barack Obama;Jimmy Carter;Bill Clinton;George W. Bush
Wiedza Ogólna i Ciekawostki;Nagrody Nobla;trudne;Który polski pisarz otrzymał Literacką Nagrodę Nobla w 1980 roku za twórczość poetycką tworzoną na emigracji?;Czesław Miłosz;Wisława Szymborska;Henryk Sienkiewicz;Władysław Reymont
Wiedza Ogólna i Ciekawostki;Nagrody Nobla;trudne;Która polska pisarka otrzymała Literacką Nagrodę Nobla za rok 2018, ogłoszoną w 2019 roku?;Olga Tokarczuk;Wisława Szymborska;Czesław Miłosz;Andrzej Stasiuk
Wiedza Ogólna i Ciekawostki;Nagrody Nobla;bardzo trudne;Który fizyk otrzymał Nagrodę Nobla w 1903 roku razem z żoną Marią Skłodowską-Curie, za badania nad promieniotwórczością?;Piotr Curie;Henri Becquerel;Ernest Rutherford;Niels Bohr
Wiedza Ogólna i Ciekawostki;Nagrody Nobla;bardzo trudne;W którym roku Maria Skłodowska-Curie otrzymała swoją drugą Nagrodę Nobla, tym razem z chemii?;1911;1903;1908;1920
Wiedza Ogólna i Ciekawostki;Pierwiastki i Chemia;łatwe;Jaki gaz, niezbędny do oddychania, stanowi około 21% atmosfery ziemskiej?;tlen;azot;wodór;dwutlenek węgla
Wiedza Ogólna i Ciekawostki;Pierwiastki i Chemia;trudne;Jaki pierwiastek chemiczny ma symbol Na, pochodzący od łacińskiej nazwy natrium?;sód;potas;wapń;magnez
Wiedza Ogólna i Ciekawostki;Pierwiastki i Chemia;trudne;Jak nazywa się reakcja chemiczna, w której dwa lub więcej pierwiastków łączy się, tworząc nowy związek o innych właściwościach?;reakcja syntezy;reakcja rozkładu;reakcja utleniania;reakcja redukcji
Wiedza Ogólna i Ciekawostki;Pierwiastki i Chemia;bardzo trudne;Który pierwiastek o symbolu Hg zawdzięcza łacińską nazwę "hydrargyrum" (srebrna woda)?;rtęć;ołów;cyna;gal
Wiedza Ogólna i Ciekawostki;Pierwiastki i Chemia;bardzo trudne;Jaki gaz szlachetny, o liczbie atomowej 10, jest wykorzystywany w jaskrawoczerwonych lampach reklamowych (neonówkach)?;neon;argon;ksenon;krypton
Wiedza Ogólna i Ciekawostki;Przysłowia i Powiedzenia;łatwe;Dokończ przysłowie: "Bez pracy nie ma...";kołaczy;pieniędzy;przyjaciół;sukcesu
Wiedza Ogólna i Ciekawostki;Przysłowia i Powiedzenia;trudne;Co oznacza powiedzenie "wpaść z deszczu pod rynnę"?;znaleźć się w jeszcze gorszej sytuacji niż poprzednio;uniknąć kłopotów w ostatniej chwili;dostać niespodziewany prezent;wygrać mimo przeciwności
Wiedza Ogólna i Ciekawostki;Przysłowia i Powiedzenia;trudne;Skąd pochodzi wyrażenie "achillesowa pięta", oznaczające czyjeś słabe, wrażliwe miejsce?;z mitu o Achillesie, którego jedynym wrażliwym miejscem była pięta;z biblijnej historii o Samsonie;z legendy o królu Midasie;z opowieści o Prometeuszu
Wiedza Ogólna i Ciekawostki;Przysłowia i Powiedzenia;bardzo trudne;Co dosłownie oznacza łacińska sentencja "Errare humanum est"?;"Błądzić jest rzeczą ludzką";"Czas leczy rany";"Kto pierwszy, ten lepszy";"Nie ma róży bez kolców"
Wiedza Ogólna i Ciekawostki;Przysłowia i Powiedzenia;bardzo trudne;Skąd pochodzi wyrażenie "koń trojański", oznaczające ukryte zagrożenie podszywające się pod coś przyjaznego?;z mitu o zdobyciu Troi przez Greków za pomocą drewnianego konia;z biblijnej opowieści o arce Noego;z legendy o smoku wawelskim;z rzymskiego mitu o założeniu miasta
Wiedza Ogólna i Ciekawostki;Rekordy Guinnessa;łatwe;Który kraj ma obecnie największą liczbę mieszkańców na świecie (od 2023 roku, po wyprzedzeniu Chin)?;Indie;Chiny;Stany Zjednoczone;Indonezja
Wiedza Ogólna i Ciekawostki;Rekordy Guinnessa;trudne;Jaki owad uznawany jest za najszybszego latającego owada świata, osiągającego prędkość ponad 40 km/h?;ważka;pszczoła;mucha;osa
Wiedza Ogólna i Ciekawostki;Rekordy Guinnessa;trudne;Który kraj ma najdłuższą linię brzegową na świecie?;Kanada;Norwegia;Indonezja;Rosja
Wiedza Ogólna i Ciekawostki;Rekordy Guinnessa;bardzo trudne;Jak nazywał się australijski pies pasterski, uznawany za najstarszego psa świata, który dożył 29 lat i 5 miesięcy?;Bluey;Bobi;Maggie;Chanel
Wiedza Ogólna i Ciekawostki;Rekordy Guinnessa;bardzo trudne;Ile wynosi najwyższa temperatura, jaką kiedykolwiek zmierzono na Ziemi, w Dolinie Śmierci w Kalifornii w 1913 roku?;56,7°C;48°C;62°C;51°C
Wiedza Ogólna i Ciekawostki;Rekordy Świata;łatwe;Który ocean jest największy pod względem powierzchni na Ziemi?;Ocean Spokojny (Pacyfik);Ocean Atlantycki;Ocean Indyjski;Ocean Arktyczny
Wiedza Ogólna i Ciekawostki;Rekordy Świata;trudne;Które jezioro jest największym słodkowodnym jeziorem świata pod względem powierzchni?;Jezioro Górne (Lake Superior);Jezioro Wiktorii;Jezioro Bajkał;Jezioro Michigan
Wiedza Ogólna i Ciekawostki;Rekordy Świata;trudne;Która pustynia jest największą gorącą pustynią świata?;Sahara;Pustynia Gobi;Pustynia Kalahari;Pustynia Arabska
Wiedza Ogólna i Ciekawostki;Rekordy Świata;bardzo trudne;Jakie jest najgłębsze jezioro świata, znajdujące się na Syberii?;Bajkał;Jezioro Tanganika;Morze Kaspijskie;Jezioro Wiktorii
Wiedza Ogólna i Ciekawostki;Rekordy Świata;bardzo trudne;Który kraj ma najwięcej stref czasowych na swoim terytorium, licząc z terytoriami zamorskimi?;Francja;Rosja;USA;Wielka Brytania
Wiedza Ogólna i Ciekawostki;Stolice Świata;trudne;Jak nazywa się stolica Argentyny, znana jako "Paryż Ameryki Południowej"?;Buenos Aires;Rio de Janeiro;Santiago;Montevideo
Wiedza Ogólna i Ciekawostki;Stolice Świata;trudne;Jak nazywa się stolica Egiptu, największe miasto Afryki, leżące nad Nilem?;Kair;Aleksandria;Luksor;Casablanca
Wiedza Ogólna i Ciekawostki;Stolice Świata;bardzo trudne;Jak nazywa się oficjalna stolica Sri Lanki, siedziba parlamentu, w odróżnieniu od największego miasta kraju - Kolombo?;Sri Jayewardenepura Kotte;Kolombo;Kandy;Galle
Wiedza Ogólna i Ciekawostki;Stolice Świata;bardzo trudne;Jak nazywa się stolica Nigerii, zaprojektowane od podstaw miasto, które w 1991 roku zastąpiło Lagos?;Abudża;Lagos;Kano;Ibadan
Wiedza Ogólna i Ciekawostki;Słynne Cytaty;łatwe;Kto wypowiedział słynne słowa "Houston, mamy problem" podczas nieudanej misji kosmicznej Apollo 13?;załoga Apollo 13;załoga Apollo 11;kontrola misji NASA w Houston;astronauci Gemini 8
Wiedza Ogólna i Ciekawostki;Słynne Cytaty;trudne;Kto jest autorem cytatu "Nie pytaj, co twój kraj może zrobić dla ciebie, zapytaj, co ty możesz zrobić dla swojego kraju"?;John F. Kennedy;Franklin D. Roosevelt;Abraham Lincoln;Ronald Reagan
Wiedza Ogólna i Ciekawostki;Słynne Cytaty;trudne;Który brytyjski premier powiedział w 1940 roku "Nie mam nic do zaoferowania oprócz krwi, znoju, potu i łez"?;Winston Churchill;Neville Chamberlain;Franklin D. Roosevelt;Charles de Gaulle
Wiedza Ogólna i Ciekawostki;Słynne Cytaty;bardzo trudne;Kto jest autorem słynnych słów "Imperium Zła", użytych w odniesieniu do ZSRR w przemówieniu z 1983 roku?;Ronald Reagan;Richard Nixon;George H.W. Bush;Jimmy Carter
Wiedza Ogólna i Ciekawostki;Słynne Cytaty;bardzo trudne;Kto wypowiedział podczas przemówienia w Berlinie Zachodnim w 1963 roku słynne słowa "Ich bin ein Berliner"?;John F. Kennedy;Richard Nixon;Dwight Eisenhower;Lyndon B. Johnson
Wiedza Ogólna i Ciekawostki;Słynni Odkrywcy;łatwe;Który XV-wieczny portugalski żeglarz jako pierwszy opłynął przylądek Dobrej Nadziei na południu Afryki w 1488 roku?;Bartolomeu Dias;Vasco da Gama;Ferdynand Magellan;Krzysztof Kolumb
Wiedza Ogólna i Ciekawostki;Słynni Odkrywcy;trudne;Jak nazywał się holenderski żeglarz, który jako pierwszy Europejczyk dotarł do wybrzeży Australii i Nowej Zelandii w XVII wieku?;Abel Tasman;James Cook;Willem Janszoon;Henry Hudson
Wiedza Ogólna i Ciekawostki;Słynni Odkrywcy;trudne;Jak nazywał się rosyjski podróżnik i przyrodnik, który zbadał Azję Środkową i jako pierwszy Europejczyk opisał dzikiego konia nazwanego jego imieniem?;Nikołaj Przewalski;Piotr Siemionow;Nikołaj Miklucho-Maklaj;Fiodor Litke
Wiedza Ogólna i Ciekawostki;Słynni Odkrywcy;bardzo trudne;Jak nazywał się francuski odkrywca, który w XVII wieku zbadał rzekę Missisipi i nazwał ziemie wzdłuż niej Luizjaną?;Robert de La Salle;Jacques Marquette;Samuel de Champlain;Jacques Cartier
Wiedza Ogólna i Ciekawostki;Słynni Odkrywcy;bardzo trudne;Jak nazywał się norweski polarnik, który zbudował statek "Fram" i próbował dotrzeć do bieguna północnego, dryfując w lodzie w latach 1893-1896?;Fridtjof Nansen;Roald Amundsen;Robert Peary;Ernest Shackleton
Wiedza Ogólna i Ciekawostki;Tajemnice Świata;łatwe;Jak nazywa się słynny, wciąż nierozwiązany szyfr amerykańskiego seryjnego mordercy "Zodiac Killer" z lat 60./70. XX wieku?;szyfr Zodiaka;kod Enigmy;szyfr Cezara;manuskrypt Voynicha
Wiedza Ogólna i Ciekawostki;Tajemnice Świata;trudne;Jak nazywa się tajemnicza, niewyjaśniona epidemia "tańca" ze średniowiecznego Strasburga w 1518 roku, podczas której setki ludzi tańczyło bez przerwy przez wiele dni?;epidemia tańca w Strasburgu;czarna śmierć;tańczące zarazy średniowiecza;gorączka tulipanowa
Wiedza Ogólna i Ciekawostki;Tajemnice Świata;trudne;Jak nazywa się obszar morski w pobliżu Japonii, uznawany za "azjatycki odpowiednik" Trójkąta Bermudzkiego, słynący z rzekomych tajemniczych zaginięć statków?;Morze Diabelskie (Dragon's Triangle);Trójkąt Bermudzki;Morze Sargassowe;Cieśnina Malakka
Wiedza Ogólna i Ciekawostki;Tajemnice Świata;bardzo trudne;Jak nazywał się XVI-wieczny angielski matematyk i astrolog, doradca królowej Elżbiety I, twórca tajemniczego systemu magicznego zwanego językiem enochiańskim?;John Dee;Nostradamus;Paracelsus;Giordano Bruno
Wiedza Ogólna i Ciekawostki;Tajemnice Świata;bardzo trudne;Jak nazywa się starożytny mechanizm z brązu, odnaleziony w 1901 roku na dnie morza koło greckiej wyspy, uznawany za najstarszy znany "komputer analogowy" starożytności?;Mechanizm z Antykithiry;Bagdadzka bateria;Krążek z Fajstos;Kryształowa czaszka
Wiedza Ogólna i Ciekawostki;Wynalazki Codziennego Użytku;łatwe;Jaki napój gazowany wynaleziono w 1886 roku jako lek na ból głowy, a dziś jest najpopularniejszym napojem świata?;Coca-Cola;Pepsi;Dr Pepper;7 Up
Wiedza Ogólna i Ciekawostki;Wynalazki Codziennego Użytku;trudne;Kto wynalazł pierwszy praktyczny odkurzacz elektryczny, opatentowany w 1901 roku?;Hubert Cecil Booth;James Murray Spangler;William Henry Hoover;James Dyson
Wiedza Ogólna i Ciekawostki;Wynalazki Codziennego Użytku;trudne;Kto wynalazł pierwszą praktyczną żyletkę z wymiennym ostrzem, zakładając na początku XX wieku firmę noszącą jego nazwisko?;King Camp Gillette;Jacob Schick;Otto Frederick Rohwedder;Kemp Chester
Wiedza Ogólna i Ciekawostki;Wynalazki Codziennego Użytku;bardzo trudne;Jak nazywał się szkocki wynalazca, twórca pierwszego praktycznego telewizora mechanicznego, zaprezentowanego publicznie w 1926 roku?;John Logie Baird;Philo Farnsworth;Vladimir Zworykin;Guglielmo Marconi
Wiedza Ogólna i Ciekawostki;Wynalazki Codziennego Użytku;bardzo trudne;W którym roku opatentowano pierwszy działający zszywacz biurowy?;1866;1900;1850;1920
Wiedza Ogólna i Ciekawostki;Zjawiska Pogodowe;łatwe;Jak nazywa się intensywny opad deszczu połączony z piorunami i grzmotami?;burza;mgła;szron;rosa
Wiedza Ogólna i Ciekawostki;Zjawiska Pogodowe;trudne;Jak nazywa się zjawisko silnego, suchego i gorącego wiatru wiejącego z gór, znane w Polsce jako "halny"?;wiatr fenowy (fen);pasat;monsun;bryza
Wiedza Ogólna i Ciekawostki;Zjawiska Pogodowe;trudne;Jak nazywa się cykliczne ocieplenie wód powierzchniowych Oceanu Spokojnego, wpływające na pogodę na całym świecie?;El Niño;La Niña;monsun;cyklon
Wiedza Ogólna i Ciekawostki;Zjawiska Pogodowe;bardzo trudne;Jak nazywa się zjawisko odwrotne do El Niño, czyli okresowe ochłodzenie wód powierzchniowych centralnego i wschodniego Pacyfiku?;La Niña;El Niño;tajfun;pasat
Wiedza Ogólna i Ciekawostki;Zjawiska Pogodowe;bardzo trudne;Jak nazywa się rzadkie zjawisko optyczne w postaci kolorowej, pionowej smugi światła nad lub pod słońcem, spowodowane kryształkami lodu w chmurach?;słup słoneczny;halo;zorza polarna;tęcza
Wiedza Ogólna i Ciekawostki;Świat Finansów;łatwe;Jak nazywa się podstawowa jednostka waluty obowiązującej w Polsce?;złoty (PLN);euro;korona;forint
Wiedza Ogólna i Ciekawostki;Świat Finansów;trudne;Jak nazywa się strategia inwestycyjna polegająca na rozłożeniu kapitału na wiele różnych aktywów w celu zmniejszenia ryzyka?;dywersyfikacja;hedging;arbitraż;spekulacja
Wiedza Ogólna i Ciekawostki;Świat Finansów;trudne;Jak nazywa się instrument finansowy reprezentujący dług, w którym emitent zobowiązuje się zwrócić pożyczoną kwotę wraz z odsetkami?;obligacja;akcja;opcja;kontrakt terminowy
Wiedza Ogólna i Ciekawostki;Świat Finansów;bardzo trudne;Jak nazywa się zjawisko gwałtownego wzrostu cen aktywów do poziomu znacznie przewyższającego ich wartość fundamentalną, poprzedzające gwałtowny spadek?;bańka spekulacyjna;hossa;korekta rynkowa;recesja
Wiedza Ogólna i Ciekawostki;Świat Finansów;bardzo trudne;Jak nazywał się holenderski kryzys finansowy z XVII wieku, uznawany za pierwszą udokumentowaną bańkę spekulacyjną w historii, związaną z cebulkami kwiatów?;gorączka tulipanowa;kryzys Missisipi;bańka South Sea;Wielki Kryzys
